
==========
== CUDA ==
==========

CUDA Version 12.2.0

Container image Copyright (c) 2016-2023, NVIDIA CORPORATION & AFFILIATES. All rights reserved.

This container image and its contents are governed by the NVIDIA Deep Learning Container License.
By pulling and using the container, you accept the terms and conditions of this license:
https://developer.nvidia.com/ngc/nvidia-deep-learning-container-license

A copy of this license is made available in this container at /NGC-DL-CONTAINER-LICENSE for your convenience.

[2026-05-22 09:13:20,867] [INFO] [real_accelerator.py:254:get_accelerator] Setting ds_accelerator to cuda (auto detect)
df: /root/.triton/autotune: No such file or directory
[2026-05-22 09:13:22,941] [INFO] [logging.py:107:log_dist] [Rank -1] [TorchCheckpointEngine] Initialized with serialization = False
lora_config: LoraConfig(peft_type=<PeftType.LORA: 'LORA'>, auto_mapping=None, base_model_name_or_path='google/gemma-2-2b-it', revision=None, task_type='CAUSAL_LM', inference_mode=False, r=8, target_modules={'down_proj'}, lora_alpha=45.254833995939045, lora_dropout=0.0, fan_in_fan_out=False, bias='none', use_rslora=False, modules_to_save=None, init_lora_weights=True, layers_to_transform=None, layers_pattern=None, rank_pattern={}, alpha_pattern={}, megatron_config=None, megatron_core='megatron.core', loftq_config={}, use_dora=False, layer_replication=None, runtime_config=LoraRuntimeConfig(ephemeral_gpu_offload=False))
Loading checkpoint shards:   0%|          | 0/2 [00:00<?, ?it/s]Loading checkpoint shards:  50%|█████     | 1/2 [00:02<00:02,  2.90s/it]Loading checkpoint shards: 100%|██████████| 2/2 [00:03<00:00,  1.27s/it]Loading checkpoint shards: 100%|██████████| 2/2 [00:03<00:00,  1.51s/it]
You are attempting to use Flash Attention 2.0 without specifying a torch dtype. This might lead to unexpected behaviour
Loading checkpoint shards:   0%|          | 0/2 [00:00<?, ?it/s]Loading checkpoint shards:  50%|█████     | 1/2 [00:01<00:01,  1.24s/it]Loading checkpoint shards: 100%|██████████| 2/2 [00:01<00:00,  1.54it/s]
Loading checkpoint shards:   0%|          | 0/2 [00:00<?, ?it/s]Loading checkpoint shards:  50%|█████     | 1/2 [00:01<00:01,  1.07s/it]Loading checkpoint shards: 100%|██████████| 2/2 [00:01<00:00,  1.78it/s]
Using attention mask for resampler
Using position ids for resampler
The input hidden states seems to be silently casted in float32, this might be related to the fact you have upcasted embedding or layer norm layers in float32. We will cast back the input in torch.float16.
Generating LoRA 0
****************************************************************************************************

Using internalized LoRAs for generation

****************************************************************************************************
QUESTION: who got the first nobel prize in physics
GOLD ANSWER: ['Wilhelm Conrad Röntgen']
GENERATED ANSWER: Wilhelm Conrad Röntgen 
{'ROUGE-1': {'precision': 1.0, 'recall': 1.0, 'f1': 1.0}, 'ROUGE-2': {'precision': 1.0, 'recall': 1.0, 'f1': 1.0}, 'ROUGE-L': {'precision': 1.0, 'recall': 1.0, 'f1': 1.0}} ACCURACY: 1.0
Generating LoRA 0
****************************************************************************************************

Using internalized LoRAs for generation

****************************************************************************************************
QUESTION: when is the next deadpool movie being released
GOLD ANSWER: ['May 18, 2018']
GENERATED ANSWER: May 18, 2018. 
{'ROUGE-1': {'precision': 1.0, 'recall': 1.0, 'f1': 1.0}, 'ROUGE-2': {'precision': 1.0, 'recall': 1.0, 'f1': 1.0}, 'ROUGE-L': {'precision': 1.0, 'recall': 1.0, 'f1': 1.0}} ACCURACY: 1.0
Generating LoRA 0
****************************************************************************************************

Using internalized LoRAs for generation

****************************************************************************************************
QUESTION: the south west wind blows across nigeria between
GOLD ANSWER: ['till September']
GENERATED ANSWER: April and September. 
{'ROUGE-1': {'precision': 0.3333333333333333, 'recall': 0.5, 'f1': 0.4}, 'ROUGE-2': {'precision': 0.0, 'recall': 0.0, 'f1': 0.0}, 'ROUGE-L': {'precision': 0.3333333333333333, 'recall': 0.5, 'f1': 0.4}} ACCURACY: 0.0
Generating LoRA 0
****************************************************************************************************

Using internalized LoRAs for generation

****************************************************************************************************
QUESTION: what does hp mean in war and order
GOLD ANSWER: ['hit points or health points']
GENERATED ANSWER: Health points 
{'ROUGE-1': {'precision': 1.0, 'recall': 0.4, 'f1': 0.5714285714285715}, 'ROUGE-2': {'precision': 1.0, 'recall': 0.25, 'f1': 0.4}, 'ROUGE-L': {'precision': 1.0, 'recall': 0.4, 'f1': 0.5714285714285715}} ACCURACY: 0.0
Generating LoRA 0
****************************************************************************************************

Using internalized LoRAs for generation

****************************************************************************************************
QUESTION: who wrote the first declaration of human rights
GOLD ANSWER: ['Cyrus']
GENERATED ANSWER: Mohammad Reza Pahlavi 
{'ROUGE-1': {'precision': 0.0, 'recall': 0.0, 'f1': 0.0}, 'ROUGE-2': {'precision': 0.0, 'recall': 0.0, 'f1': 0.0}, 'ROUGE-L': {'precision': 0.0, 'recall': 0.0, 'f1': 0.0}} ACCURACY: 0.0
Generating LoRA 0
****************************************************************************************************

Using internalized LoRAs for generation

****************************************************************************************************
QUESTION: who is the owner of reading football club
GOLD ANSWER: ['Xiu Li Dai', 'Dai Xiuli', 'Dai Yongge', 'Yongge Dai']
GENERATED ANSWER: Renhe Sports Management Ltd. 
{'ROUGE-1': {'precision': 0.0, 'recall': 0.0, 'f1': 0.0}, 'ROUGE-2': {'precision': 0.0, 'recall': 0.0, 'f1': 0.0}, 'ROUGE-L': {'precision': 0.0, 'recall': 0.0, 'f1': 0.0}} ACCURACY: 0.0
Generating LoRA 0
****************************************************************************************************

Using internalized LoRAs for generation

****************************************************************************************************
QUESTION: when is the last time the philadelphia won the superbowl
GOLD ANSWER: ['Super Bowl LII,', '2017']
GENERATED ANSWER: 2009 
{'ROUGE-1': {'precision': 0.0, 'recall': 0.0, 'f1': 0.0}, 'ROUGE-2': {'precision': 0.0, 'recall': 0.0, 'f1': 0.0}, 'ROUGE-L': {'precision': 0.0, 'recall': 0.0, 'f1': 0.0}} ACCURACY: 0.0
Generating LoRA 0
****************************************************************************************************

Using internalized LoRAs for generation

****************************************************************************************************
QUESTION: how many episodes are there in dragon ball z
GOLD ANSWER: ['291 episodes', '291']
GENERATED ANSWER: 291 
{'ROUGE-1': {'precision': 1.0, 'recall': 1.0, 'f1': 1.0}, 'ROUGE-2': {'precision': 0.0, 'recall': 0.0, 'f1': 0.0}, 'ROUGE-L': {'precision': 1.0, 'recall': 1.0, 'f1': 1.0}} ACCURACY: 1.0
Generating LoRA 0
****************************************************************************************************

Using internalized LoRAs for generation

****************************************************************************************************
QUESTION: who designed the garden city of new earswick
GOLD ANSWER: ['planner Raymond Unwin', 'architect Barry Parker', 'Raymond Unwin']
GENERATED ANSWER: Raymond Unwin and Barry Parker. 
{'ROUGE-1': {'precision': 0.4, 'recall': 1.0, 'f1': 0.5714285714285715}, 'ROUGE-2': {'precision': 0.25, 'recall': 1.0, 'f1': 0.4}, 'ROUGE-L': {'precision': 0.4, 'recall': 1.0, 'f1': 0.5714285714285715}} ACCURACY: 0.0
Generating LoRA 0
****************************************************************************************************

Using internalized LoRAs for generation

****************************************************************************************************
QUESTION: what is the first step in the evolution of the eye
GOLD ANSWER: ['photoreceptor proteins that sense light', 'eyespots']
GENERATED ANSWER: Photosensitive proteins. 
{'ROUGE-1': {'precision': 0.5, 'recall': 0.2, 'f1': 0.28571428571428575}, 'ROUGE-2': {'precision': 0.0, 'recall': 0.0, 'f1': 0.0}, 'ROUGE-L': {'precision': 0.5, 'recall': 0.2, 'f1': 0.28571428571428575}} ACCURACY: 0.0
Generating LoRA 0
****************************************************************************************************

Using internalized LoRAs for generation

****************************************************************************************************
QUESTION: where is the tv show the curse of oak island filmed
GOLD ANSWER: ['Oak Island']
GENERATED ANSWER: Kingsford, Michigan 
{'ROUGE-1': {'precision': 0.0, 'recall': 0.0, 'f1': 0.0}, 'ROUGE-2': {'precision': 0.0, 'recall': 0.0, 'f1': 0.0}, 'ROUGE-L': {'precision': 0.0, 'recall': 0.0, 'f1': 0.0}} ACCURACY: 0.0
Generating LoRA 0
****************************************************************************************************

Using internalized LoRAs for generation

****************************************************************************************************
QUESTION: where is gall bladder situated in human body
GOLD ANSWER: ['beneath the liver']
GENERATED ANSWER: Beneath the liver. 
{'ROUGE-1': {'precision': 1.0, 'recall': 1.0, 'f1': 1.0}, 'ROUGE-2': {'precision': 1.0, 'recall': 1.0, 'f1': 1.0}, 'ROUGE-L': {'precision': 1.0, 'recall': 1.0, 'f1': 1.0}} ACCURACY: 1.0
Generating LoRA 0
****************************************************************************************************

Using internalized LoRAs for generation

****************************************************************************************************
QUESTION: who is the current director of the us mint
GOLD ANSWER: ['David J. Ryder', 'David Motl']
GENERATED ANSWER: David Motl 
{'ROUGE-1': {'precision': 1.0, 'recall': 1.0, 'f1': 1.0}, 'ROUGE-2': {'precision': 1.0, 'recall': 1.0, 'f1': 1.0}, 'ROUGE-L': {'precision': 1.0, 'recall': 1.0, 'f1': 1.0}} ACCURACY: 1.0
Generating LoRA 0
****************************************************************************************************

Using internalized LoRAs for generation

****************************************************************************************************
QUESTION: what is the main mineral in lithium batteries
GOLD ANSWER: ['Lithium', 'lithium']
GENERATED ANSWER: Lithium 
{'ROUGE-1': {'precision': 1.0, 'recall': 1.0, 'f1': 1.0}, 'ROUGE-2': {'precision': 0.0, 'recall': 0.0, 'f1': 0.0}, 'ROUGE-L': {'precision': 1.0, 'recall': 1.0, 'f1': 1.0}} ACCURACY: 1.0
Generating LoRA 0
****************************************************************************************************

Using internalized LoRAs for generation

****************************************************************************************************
QUESTION: right to property according to the constitution of india is a
GOLD ANSWER: ['constitutional right']
GENERATED ANSWER: A fundamental right. 
{'ROUGE-1': {'precision': 0.3333333333333333, 'recall': 0.5, 'f1': 0.4}, 'ROUGE-2': {'precision': 0.0, 'recall': 0.0, 'f1': 0.0}, 'ROUGE-L': {'precision': 0.3333333333333333, 'recall': 0.5, 'f1': 0.4}} ACCURACY: 0.0
Generating LoRA 0
****************************************************************************************************

Using internalized LoRAs for generation

****************************************************************************************************
QUESTION: who is the president of usa right now
GOLD ANSWER: ['Donald Trump']
GENERATED ANSWER: Donald Trump 
{'ROUGE-1': {'precision': 1.0, 'recall': 1.0, 'f1': 1.0}, 'ROUGE-2': {'precision': 1.0, 'recall': 1.0, 'f1': 1.0}, 'ROUGE-L': {'precision': 1.0, 'recall': 1.0, 'f1': 1.0}} ACCURACY: 1.0
Generating LoRA 0
****************************************************************************************************

Using internalized LoRAs for generation

****************************************************************************************************
QUESTION: what part of the brain is in the middle cranial fossa
GOLD ANSWER: ['pituitary gland', 'the temporal lobes', 'the pituitary gland', 'temporal lobes']
GENERATED ANSWER: The temporal lobes. 
{'ROUGE-1': {'precision': 1.0, 'recall': 1.0, 'f1': 1.0}, 'ROUGE-2': {'precision': 1.0, 'recall': 1.0, 'f1': 1.0}, 'ROUGE-L': {'precision': 1.0, 'recall': 1.0, 'f1': 1.0}} ACCURACY: 1.0
Generating LoRA 0
****************************************************************************************************

Using internalized LoRAs for generation

****************************************************************************************************
QUESTION: where do the greasers live in the outsiders
GOLD ANSWER: ['Tulsa, Oklahoma']
GENERATED ANSWER: Tulsa, Oklahoma 
{'ROUGE-1': {'precision': 1.0, 'recall': 1.0, 'f1': 1.0}, 'ROUGE-2': {'precision': 1.0, 'recall': 1.0, 'f1': 1.0}, 'ROUGE-L': {'precision': 1.0, 'recall': 1.0, 'f1': 1.0}} ACCURACY: 1.0
Generating LoRA 0
****************************************************************************************************

Using internalized LoRAs for generation

****************************************************************************************************
QUESTION: who died in the plane crash greys anatomy
GOLD ANSWER: ['Dr. Lexie Grey', 'Lexie']
GENERATED ANSWER: Lexie Grey. 
{'ROUGE-1': {'precision': 1.0, 'recall': 0.6666666666666666, 'f1': 0.8}, 'ROUGE-2': {'precision': 1.0, 'recall': 0.5, 'f1': 0.6666666666666666}, 'ROUGE-L': {'precision': 1.0, 'recall': 0.6666666666666666, 'f1': 0.8}} ACCURACY: 0.0
Generating LoRA 0
****************************************************************************************************

Using internalized LoRAs for generation

****************************************************************************************************
QUESTION: where do they grow hops in the us
GOLD ANSWER: ['Yakima (Washington)', 'Idaho', 'Washington', 'western Canyon County, Idaho', 'Willamette (Oregon)', 'Oregon']
GENERATED ANSWER: The Hallertau in Germany, Yakima (Washington) and Willamette (Oregon) valleys. 
{'ROUGE-1': {'precision': 0.2, 'recall': 1.0, 'f1': 0.33333333333333337}, 'ROUGE-2': {'precision': 0.1111111111111111, 'recall': 1.0, 'f1': 0.19999999999999998}, 'ROUGE-L': {'precision': 0.2, 'recall': 1.0, 'f1': 0.33333333333333337}} ACCURACY: 0.0
Generating LoRA 0
****************************************************************************************************

Using internalized LoRAs for generation

****************************************************************************************************
QUESTION: what's the dog's name on tom and jerry
GOLD ANSWER: ['Spike']
GENERATED ANSWER: Spike 
{'ROUGE-1': {'precision': 1.0, 'recall': 1.0, 'f1': 1.0}, 'ROUGE-2': {'precision': 0.0, 'recall': 0.0, 'f1': 0.0}, 'ROUGE-L': {'precision': 1.0, 'recall': 1.0, 'f1': 1.0}} ACCURACY: 1.0
Generating LoRA 0
****************************************************************************************************

Using internalized LoRAs for generation

****************************************************************************************************
QUESTION: in which regions are most of africa petroleum and natural gas found
GOLD ANSWER: ['Nigeria']
GENERATED ANSWER: The delta basin. 
{'ROUGE-1': {'precision': 0.0, 'recall': 0.0, 'f1': 0.0}, 'ROUGE-2': {'precision': 0.0, 'recall': 0.0, 'f1': 0.0}, 'ROUGE-L': {'precision': 0.0, 'recall': 0.0, 'f1': 0.0}} ACCURACY: 0.0
Generating LoRA 0
****************************************************************************************************

Using internalized LoRAs for generation

****************************************************************************************************
QUESTION: in which sea pearl is found in india
GOLD ANSWER: ['the Indian Ocean']
GENERATED ANSWER: The Persian Gulf. 
{'ROUGE-1': {'precision': 0.3333333333333333, 'recall': 0.3333333333333333, 'f1': 0.3333333333333333}, 'ROUGE-2': {'precision': 0.0, 'recall': 0.0, 'f1': 0.0}, 'ROUGE-L': {'precision': 0.3333333333333333, 'recall': 0.3333333333333333, 'f1': 0.3333333333333333}} ACCURACY: 0.0
Generating LoRA 0
****************************************************************************************************

Using internalized LoRAs for generation

****************************************************************************************************
QUESTION: how many countries are a part of opec
GOLD ANSWER: ['14']
GENERATED ANSWER: 13 
{'ROUGE-1': {'precision': 0.0, 'recall': 0.0, 'f1': 0.0}, 'ROUGE-2': {'precision': 0.0, 'recall': 0.0, 'f1': 0.0}, 'ROUGE-L': {'precision': 0.0, 'recall': 0.0, 'f1': 0.0}} ACCURACY: 0.0
Generating LoRA 0
****************************************************************************************************

Using internalized LoRAs for generation

****************************************************************************************************
QUESTION: what type of car is a jeep considered
GOLD ANSWER: ['off-road vehicles', 'light utility vehicles', 'sport utility vehicles']
GENERATED ANSWER: Sport utility vehicle 
{'ROUGE-1': {'precision': 0.6666666666666666, 'recall': 0.6666666666666666, 'f1': 0.6666666666666666}, 'ROUGE-2': {'precision': 0.5, 'recall': 0.5, 'f1': 0.5}, 'ROUGE-L': {'precision': 0.6666666666666666, 'recall': 0.6666666666666666, 'f1': 0.6666666666666666}} ACCURACY: 0.0
Generating LoRA 0
****************************************************************************************************

Using internalized LoRAs for generation

****************************************************************************************************
QUESTION: what is the name of manchester united stadium
GOLD ANSWER: ['Old Trafford']
GENERATED ANSWER: Old Trafford 
{'ROUGE-1': {'precision': 1.0, 'recall': 1.0, 'f1': 1.0}, 'ROUGE-2': {'precision': 1.0, 'recall': 1.0, 'f1': 1.0}, 'ROUGE-L': {'precision': 1.0, 'recall': 1.0, 'f1': 1.0}} ACCURACY: 1.0
Generating LoRA 0
****************************************************************************************************

Using internalized LoRAs for generation

****************************************************************************************************
QUESTION: who sings the theme song for the proud family
GOLD ANSWER: ["Destiny's Child", 'Solange Knowles']
GENERATED ANSWER: Alicia Keys, Jhené Aiko, India Arie, and Destiny's Child. 
{'ROUGE-1': {'precision': 0.2222222222222222, 'recall': 1.0, 'f1': 0.3636363636363636}, 'ROUGE-2': {'precision': 0.125, 'recall': 1.0, 'f1': 0.2222222222222222}, 'ROUGE-L': {'precision': 0.2222222222222222, 'recall': 1.0, 'f1': 0.3636363636363636}} ACCURACY: 0.0
Generating LoRA 0
****************************************************************************************************

Using internalized LoRAs for generation

****************************************************************************************************
QUESTION: who wrote cant get you out of my head lyrics
GOLD ANSWER: ['Cathy Dennis and Rob Davis', 'Rob Davis', 'Cathy Dennis']
GENERATED ANSWER: Cathy Dennis and Rob Davis 
{'ROUGE-1': {'precision': 1.0, 'recall': 1.0, 'f1': 1.0}, 'ROUGE-2': {'precision': 1.0, 'recall': 1.0, 'f1': 1.0}, 'ROUGE-L': {'precision': 1.0, 'recall': 1.0, 'f1': 1.0}} ACCURACY: 1.0
Generating LoRA 0
****************************************************************************************************

Using internalized LoRAs for generation

****************************************************************************************************
QUESTION: who may be affected by monetary penalties imposed by the irs
GOLD ANSWER: ['Taxpayers in the United States']
GENERATED ANSWER: Individuals. 
{'ROUGE-1': {'precision': 0.0, 'recall': 0.0, 'f1': 0.0}, 'ROUGE-2': {'precision': 0.0, 'recall': 0.0, 'f1': 0.0}, 'ROUGE-L': {'precision': 0.0, 'recall': 0.0, 'f1': 0.0}} ACCURACY: 0.0
Generating LoRA 0
****************************************************************************************************

Using internalized LoRAs for generation

****************************************************************************************************
QUESTION: who turned out to be the mother on how i met your mother
GOLD ANSWER: ['Tracy McConnell']
GENERATED ANSWER: Tracy McConnell 
{'ROUGE-1': {'precision': 1.0, 'recall': 1.0, 'f1': 1.0}, 'ROUGE-2': {'precision': 1.0, 'recall': 1.0, 'f1': 1.0}, 'ROUGE-L': {'precision': 1.0, 'recall': 1.0, 'f1': 1.0}} ACCURACY: 1.0
Generating LoRA 0
****************************************************************************************************

Using internalized LoRAs for generation

****************************************************************************************************
QUESTION: what is the corporate tax rate in great britain
GOLD ANSWER: ['20%']
GENERATED ANSWER: 20% 
{'ROUGE-1': {'precision': 1.0, 'recall': 1.0, 'f1': 1.0}, 'ROUGE-2': {'precision': 0.0, 'recall': 0.0, 'f1': 0.0}, 'ROUGE-L': {'precision': 1.0, 'recall': 1.0, 'f1': 1.0}} ACCURACY: 1.0
Generating LoRA 0
****************************************************************************************************

Using internalized LoRAs for generation

****************************************************************************************************
QUESTION: what is the meaning of the name sinead
GOLD ANSWER: ['God forgave/God gratified']
GENERATED ANSWER: God forgave/God gratified. 
{'ROUGE-1': {'precision': 1.0, 'recall': 1.0, 'f1': 1.0}, 'ROUGE-2': {'precision': 1.0, 'recall': 1.0, 'f1': 1.0}, 'ROUGE-L': {'precision': 1.0, 'recall': 1.0, 'f1': 1.0}} ACCURACY: 1.0
Generating LoRA 0
****************************************************************************************************

Using internalized LoRAs for generation

****************************************************************************************************
QUESTION: what network is showing the monday night football game
GOLD ANSWER: ['ESPN']
GENERATED ANSWER: ESPN 
{'ROUGE-1': {'precision': 1.0, 'recall': 1.0, 'f1': 1.0}, 'ROUGE-2': {'precision': 0.0, 'recall': 0.0, 'f1': 0.0}, 'ROUGE-L': {'precision': 1.0, 'recall': 1.0, 'f1': 1.0}} ACCURACY: 1.0
Generating LoRA 0
****************************************************************************************************

Using internalized LoRAs for generation

****************************************************************************************************
QUESTION: what is the form of mozart symphony no 40
GOLD ANSWER: ['G minor', 'minor key symphonies']
GENERATED ANSWER: The provided text states that Mozart's Symphony No. 40 is in **the form of a symphony**. 
{'ROUGE-1': {'precision': 0.0, 'recall': 0.0, 'f1': 0.0}, 'ROUGE-2': {'precision': 0.0, 'recall': 0.0, 'f1': 0.0}, 'ROUGE-L': {'precision': 0.0, 'recall': 0.0, 'f1': 0.0}} ACCURACY: 0.0
Generating LoRA 0
****************************************************************************************************

Using internalized LoRAs for generation

****************************************************************************************************
QUESTION: what was the city of beijing previously known as
GOLD ANSWER: ['Peking']
GENERATED ANSWER: Peking 
{'ROUGE-1': {'precision': 1.0, 'recall': 1.0, 'f1': 1.0}, 'ROUGE-2': {'precision': 0.0, 'recall': 0.0, 'f1': 0.0}, 'ROUGE-L': {'precision': 1.0, 'recall': 1.0, 'f1': 1.0}} ACCURACY: 1.0
Generating LoRA 0
****************************************************************************************************

Using internalized LoRAs for generation

****************************************************************************************************
QUESTION: when is the fourth movie of the divergent series coming out
GOLD ANSWER: ['never made']
GENERATED ANSWER: The fourth Divergent film is not yet released. 
{'ROUGE-1': {'precision': 0.0, 'recall': 0.0, 'f1': 0.0}, 'ROUGE-2': {'precision': 0.0, 'recall': 0.0, 'f1': 0.0}, 'ROUGE-L': {'precision': 0.0, 'recall': 0.0, 'f1': 0.0}} ACCURACY: 0.0
Generating LoRA 0
****************************************************************************************************

Using internalized LoRAs for generation

****************************************************************************************************
QUESTION: who will take the throne after the queen dies
GOLD ANSWER: ['Charles, Prince of Wales']
GENERATED ANSWER: Prince William, Prince of Wales. 
{'ROUGE-1': {'precision': 0.6, 'recall': 0.75, 'f1': 0.6666666666666665}, 'ROUGE-2': {'precision': 0.5, 'recall': 0.6666666666666666, 'f1': 0.5714285714285715}, 'ROUGE-L': {'precision': 0.6, 'recall': 0.75, 'f1': 0.6666666666666665}} ACCURACY: 0.0
Generating LoRA 0
****************************************************************************************************

Using internalized LoRAs for generation

****************************************************************************************************
QUESTION: who is the girl in green day 21 guns
GOLD ANSWER: ['Lisa Stelly']
GENERATED ANSWER: Gloria 
{'ROUGE-1': {'precision': 0.0, 'recall': 0.0, 'f1': 0.0}, 'ROUGE-2': {'precision': 0.0, 'recall': 0.0, 'f1': 0.0}, 'ROUGE-L': {'precision': 0.0, 'recall': 0.0, 'f1': 0.0}} ACCURACY: 0.0
Generating LoRA 0
****************************************************************************************************

Using internalized LoRAs for generation

****************************************************************************************************
QUESTION: what are the zords in the power rangers movie
GOLD ANSWER: ['animal-themed Ninja Zords']
GENERATED ANSWER: The provided text does not contain the answer to your question. 
{'ROUGE-1': {'precision': 0.0, 'recall': 0.0, 'f1': 0.0}, 'ROUGE-2': {'precision': 0.0, 'recall': 0.0, 'f1': 0.0}, 'ROUGE-L': {'precision': 0.0, 'recall': 0.0, 'f1': 0.0}} ACCURACY: 0.0
Generating LoRA 0
****************************************************************************************************

Using internalized LoRAs for generation

****************************************************************************************************
QUESTION: who decides the number of judges in the high court
GOLD ANSWER: ['the President of India']
GENERATED ANSWER: The President of India. 
{'ROUGE-1': {'precision': 1.0, 'recall': 1.0, 'f1': 1.0}, 'ROUGE-2': {'precision': 1.0, 'recall': 1.0, 'f1': 1.0}, 'ROUGE-L': {'precision': 1.0, 'recall': 1.0, 'f1': 1.0}} ACCURACY: 1.0
Generating LoRA 0
****************************************************************************************************

Using internalized LoRAs for generation

****************************************************************************************************
QUESTION: name the process of fusion of an egg with a sperm
GOLD ANSWER: ['fertilization', 'Human fertilization']
GENERATED ANSWER: Fertilization 
{'ROUGE-1': {'precision': 1.0, 'recall': 1.0, 'f1': 1.0}, 'ROUGE-2': {'precision': 0.0, 'recall': 0.0, 'f1': 0.0}, 'ROUGE-L': {'precision': 1.0, 'recall': 1.0, 'f1': 1.0}} ACCURACY: 1.0
Generating LoRA 0
****************************************************************************************************

Using internalized LoRAs for generation

****************************************************************************************************
QUESTION: the vascular layer of the eye is the
GOLD ANSWER: ['middle layer', 'The uvea', 'uvea']
GENERATED ANSWER: The vascular middle layer of the eye. 
{'ROUGE-1': {'precision': 0.2857142857142857, 'recall': 1.0, 'f1': 0.4444444444444445}, 'ROUGE-2': {'precision': 0.16666666666666666, 'recall': 1.0, 'f1': 0.2857142857142857}, 'ROUGE-L': {'precision': 0.2857142857142857, 'recall': 1.0, 'f1': 0.4444444444444445}} ACCURACY: 0.0
Generating LoRA 0
****************************************************************************************************

Using internalized LoRAs for generation

****************************************************************************************************
QUESTION: the cuban revolt against spain was led by
GOLD ANSWER: ['Máximo Gomez', 'Antonio Maceo', 'José Martí']
GENERATED ANSWER: Dos Rios and Antonio Maceo. 
{'ROUGE-1': {'precision': 0.4, 'recall': 1.0, 'f1': 0.5714285714285715}, 'ROUGE-2': {'precision': 0.25, 'recall': 1.0, 'f1': 0.4}, 'ROUGE-L': {'precision': 0.4, 'recall': 1.0, 'f1': 0.5714285714285715}} ACCURACY: 0.0
Generating LoRA 0
****************************************************************************************************

Using internalized LoRAs for generation

****************************************************************************************************
QUESTION: when was the first documented case of tool mark identification
GOLD ANSWER: ['1835']
GENERATED ANSWER: 1835 
{'ROUGE-1': {'precision': 1.0, 'recall': 1.0, 'f1': 1.0}, 'ROUGE-2': {'precision': 0.0, 'recall': 0.0, 'f1': 0.0}, 'ROUGE-L': {'precision': 1.0, 'recall': 1.0, 'f1': 1.0}} ACCURACY: 1.0
Generating LoRA 0
****************************************************************************************************

Using internalized LoRAs for generation

****************************************************************************************************
QUESTION: who has won the mens singles title in the australian open tennis tournament
GOLD ANSWER: ['Roger Federer']
GENERATED ANSWER: Roger Federer 
{'ROUGE-1': {'precision': 1.0, 'recall': 1.0, 'f1': 1.0}, 'ROUGE-2': {'precision': 1.0, 'recall': 1.0, 'f1': 1.0}, 'ROUGE-L': {'precision': 1.0, 'recall': 1.0, 'f1': 1.0}} ACCURACY: 1.0
Generating LoRA 0
****************************************************************************************************

Using internalized LoRAs for generation

****************************************************************************************************
QUESTION: when did beds become popular in france and germany
GOLD ANSWER: ['the 12th century']
GENERATED ANSWER: The 12th century. 
{'ROUGE-1': {'precision': 1.0, 'recall': 1.0, 'f1': 1.0}, 'ROUGE-2': {'precision': 1.0, 'recall': 1.0, 'f1': 1.0}, 'ROUGE-L': {'precision': 1.0, 'recall': 1.0, 'f1': 1.0}} ACCURACY: 1.0
Generating LoRA 0
****************************************************************************************************

Using internalized LoRAs for generation

****************************************************************************************************
QUESTION: who wrote the song the glory of love
GOLD ANSWER: ['Billy Hill']
GENERATED ANSWER: Billy Hill 
{'ROUGE-1': {'precision': 1.0, 'recall': 1.0, 'f1': 1.0}, 'ROUGE-2': {'precision': 1.0, 'recall': 1.0, 'f1': 1.0}, 'ROUGE-L': {'precision': 1.0, 'recall': 1.0, 'f1': 1.0}} ACCURACY: 1.0
Generating LoRA 0
****************************************************************************************************

Using internalized LoRAs for generation

****************************************************************************************************
QUESTION: who wrote the book the origin of species
GOLD ANSWER: ['Charles Darwin']
GENERATED ANSWER: Charles Darwin 
{'ROUGE-1': {'precision': 1.0, 'recall': 1.0, 'f1': 1.0}, 'ROUGE-2': {'precision': 1.0, 'recall': 1.0, 'f1': 1.0}, 'ROUGE-L': {'precision': 1.0, 'recall': 1.0, 'f1': 1.0}} ACCURACY: 1.0
Generating LoRA 0
****************************************************************************************************

Using internalized LoRAs for generation

****************************************************************************************************
QUESTION: who sang rip it up and start again
GOLD ANSWER: ['Scottish post-punk band Orange Juice', 'Orange Juice']
GENERATED ANSWER: Orange Juice 
{'ROUGE-1': {'precision': 1.0, 'recall': 1.0, 'f1': 1.0}, 'ROUGE-2': {'precision': 1.0, 'recall': 1.0, 'f1': 1.0}, 'ROUGE-L': {'precision': 1.0, 'recall': 1.0, 'f1': 1.0}} ACCURACY: 1.0
Generating LoRA 0
****************************************************************************************************

Using internalized LoRAs for generation

****************************************************************************************************
QUESTION: where are the winter olympics and when do they start
GOLD ANSWER: ['Pyeongchang County, South Korea', 'Pyeongchang, South Korea', '9 to 25 February 2018', '9 February']
GENERATED ANSWER: Pyeongchang County, South Korea. February 9 to 25, 2018. 
{'ROUGE-1': {'precision': 0.5555555555555556, 'recall': 1.0, 'f1': 0.7142857142857143}, 'ROUGE-2': {'precision': 0.375, 'recall': 1.0, 'f1': 0.5454545454545454}, 'ROUGE-L': {'precision': 0.4444444444444444, 'recall': 1.0, 'f1': 0.6153846153846153}} ACCURACY: 0.0
Generating LoRA 0
****************************************************************************************************

Using internalized LoRAs for generation

****************************************************************************************************
QUESTION: when does the miz and maryse show start
GOLD ANSWER: ['2018']
GENERATED ANSWER: November 2018. 
{'ROUGE-1': {'precision': 0.5, 'recall': 1.0, 'f1': 0.6666666666666666}, 'ROUGE-2': {'precision': 0.0, 'recall': 0.0, 'f1': 0.0}, 'ROUGE-L': {'precision': 0.5, 'recall': 1.0, 'f1': 0.6666666666666666}} ACCURACY: 0.0
Generating LoRA 0
****************************************************************************************************

Using internalized LoRAs for generation

****************************************************************************************************
QUESTION: where was the first season of slasher filmed
GOLD ANSWER: ['Orangeville, Ontario, Canada', 'Sudbury, Parry Sound']
GENERATED ANSWER: Sudbury, Parry Sound, and Sault Ste. Marie, Ontario. 
{'ROUGE-1': {'precision': 0.375, 'recall': 1.0, 'f1': 0.5454545454545454}, 'ROUGE-2': {'precision': 0.2857142857142857, 'recall': 1.0, 'f1': 0.4444444444444445}, 'ROUGE-L': {'precision': 0.375, 'recall': 1.0, 'f1': 0.5454545454545454}} ACCURACY: 0.0
Generating LoRA 0
****************************************************************************************************

Using internalized LoRAs for generation

****************************************************************************************************
QUESTION: who said if a tree falls in the woods and nobody hears it
GOLD ANSWER: ['Philosopher George Berkeley', 'Charles Riborg Mann', 'George Ransom Twiss']
GENERATED ANSWER: Charles Riborg Mann and George Ransom Twiss. 
{'ROUGE-1': {'precision': 0.42857142857142855, 'recall': 1.0, 'f1': 0.6}, 'ROUGE-2': {'precision': 0.3333333333333333, 'recall': 1.0, 'f1': 0.5}, 'ROUGE-L': {'precision': 0.42857142857142855, 'recall': 1.0, 'f1': 0.6}} ACCURACY: 0.0
Generating LoRA 0
****************************************************************************************************

Using internalized LoRAs for generation

****************************************************************************************************
QUESTION: turkish finnish and hungarian belong to which family of languages
GOLD ANSWER: ['Uralic languages']
GENERATED ANSWER: Uralic languages 
{'ROUGE-1': {'precision': 1.0, 'recall': 1.0, 'f1': 1.0}, 'ROUGE-2': {'precision': 1.0, 'recall': 1.0, 'f1': 1.0}, 'ROUGE-L': {'precision': 1.0, 'recall': 1.0, 'f1': 1.0}} ACCURACY: 1.0
Generating LoRA 0
****************************************************************************************************

Using internalized LoRAs for generation

****************************************************************************************************
QUESTION: when did united states enter world war i
GOLD ANSWER: ['April 1917']
GENERATED ANSWER: April 1917. 
{'ROUGE-1': {'precision': 1.0, 'recall': 1.0, 'f1': 1.0}, 'ROUGE-2': {'precision': 1.0, 'recall': 1.0, 'f1': 1.0}, 'ROUGE-L': {'precision': 1.0, 'recall': 1.0, 'f1': 1.0}} ACCURACY: 1.0
Generating LoRA 0
****************************************************************************************************

Using internalized LoRAs for generation

****************************************************************************************************
QUESTION: who has given the theory of unbalanced economic growth
GOLD ANSWER: ['Hirschman']
GENERATED ANSWER: Hirschman 
{'ROUGE-1': {'precision': 1.0, 'recall': 1.0, 'f1': 1.0}, 'ROUGE-2': {'precision': 0.0, 'recall': 0.0, 'f1': 0.0}, 'ROUGE-L': {'precision': 1.0, 'recall': 1.0, 'f1': 1.0}} ACCURACY: 1.0
Generating LoRA 0
****************************************************************************************************

Using internalized LoRAs for generation

****************************************************************************************************
QUESTION: where did the term spirits for alcohol come from
GOLD ANSWER: ['Middle Eastern alchemy']
GENERATED ANSWER: The term "spirit" for alcohol comes from the alchemical practice of distilling and collecting vapors. 
{'ROUGE-1': {'precision': 0.0, 'recall': 0.0, 'f1': 0.0}, 'ROUGE-2': {'precision': 0.0, 'recall': 0.0, 'f1': 0.0}, 'ROUGE-L': {'precision': 0.0, 'recall': 0.0, 'f1': 0.0}} ACCURACY: 0.0
Generating LoRA 0
****************************************************************************************************

Using internalized LoRAs for generation

****************************************************************************************************
QUESTION: who led the soldiers in ending the raid on the harper's ferry arsenal
GOLD ANSWER: ['Colonel Robert E. Lee', 'First Lieutenant Israel Greene', 'Brevet Colonel Robert E. Lee']
GENERATED ANSWER: Colonel Robert E. Lee 
{'ROUGE-1': {'precision': 1.0, 'recall': 1.0, 'f1': 1.0}, 'ROUGE-2': {'precision': 1.0, 'recall': 1.0, 'f1': 1.0}, 'ROUGE-L': {'precision': 1.0, 'recall': 1.0, 'f1': 1.0}} ACCURACY: 1.0
Generating LoRA 0
****************************************************************************************************

Using internalized LoRAs for generation

****************************************************************************************************
QUESTION: when did disney art of animation resort open
GOLD ANSWER: ['May 31, 2012']
GENERATED ANSWER: May 31, 2012. 
{'ROUGE-1': {'precision': 1.0, 'recall': 1.0, 'f1': 1.0}, 'ROUGE-2': {'precision': 1.0, 'recall': 1.0, 'f1': 1.0}, 'ROUGE-L': {'precision': 1.0, 'recall': 1.0, 'f1': 1.0}} ACCURACY: 1.0
Generating LoRA 0
****************************************************************************************************

Using internalized LoRAs for generation

****************************************************************************************************
QUESTION: where would a subcutaneous injection be made in the skin
GOLD ANSWER: ['the subcutis']
GENERATED ANSWER: Subcutaneously, directly below the dermis. 
{'ROUGE-1': {'precision': 0.2, 'recall': 0.5, 'f1': 0.28571428571428575}, 'ROUGE-2': {'precision': 0.0, 'recall': 0.0, 'f1': 0.0}, 'ROUGE-L': {'precision': 0.2, 'recall': 0.5, 'f1': 0.28571428571428575}} ACCURACY: 0.0
Generating LoRA 0
****************************************************************************************************

Using internalized LoRAs for generation

****************************************************************************************************
QUESTION: where are most nutrients absorbed in the human digestive tract
GOLD ANSWER: ['The small intestine', 'small intestine']
GENERATED ANSWER: The small intestine. 
{'ROUGE-1': {'precision': 1.0, 'recall': 1.0, 'f1': 1.0}, 'ROUGE-2': {'precision': 1.0, 'recall': 1.0, 'f1': 1.0}, 'ROUGE-L': {'precision': 1.0, 'recall': 1.0, 'f1': 1.0}} ACCURACY: 1.0
Generating LoRA 0
****************************************************************************************************

Using internalized LoRAs for generation

****************************************************************************************************
QUESTION: when do primary ossification centers appear in an embryo
GOLD ANSWER: ['prenatal development']
GENERATED ANSWER: During prenatal development in the central part of each developing bone. 
{'ROUGE-1': {'precision': 0.18181818181818182, 'recall': 1.0, 'f1': 0.3076923076923077}, 'ROUGE-2': {'precision': 0.1, 'recall': 1.0, 'f1': 0.18181818181818182}, 'ROUGE-L': {'precision': 0.18181818181818182, 'recall': 1.0, 'f1': 0.3076923076923077}} ACCURACY: 0.0
Generating LoRA 0
****************************************************************************************************

Using internalized LoRAs for generation

****************************************************************************************************
QUESTION: where does kevins family go in home alone 2
GOLD ANSWER: ['Florida']
GENERATED ANSWER: Florida 
{'ROUGE-1': {'precision': 1.0, 'recall': 1.0, 'f1': 1.0}, 'ROUGE-2': {'precision': 0.0, 'recall': 0.0, 'f1': 0.0}, 'ROUGE-L': {'precision': 1.0, 'recall': 1.0, 'f1': 1.0}} ACCURACY: 1.0
Generating LoRA 0
****************************************************************************************************

Using internalized LoRAs for generation

****************************************************************************************************
QUESTION: when is season 2 of jessica jones being released
GOLD ANSWER: ['March 8, 2018']
GENERATED ANSWER: March 8, 2018. 
{'ROUGE-1': {'precision': 1.0, 'recall': 1.0, 'f1': 1.0}, 'ROUGE-2': {'precision': 1.0, 'recall': 1.0, 'f1': 1.0}, 'ROUGE-L': {'precision': 1.0, 'recall': 1.0, 'f1': 1.0}} ACCURACY: 1.0
Generating LoRA 0
****************************************************************************************************

Using internalized LoRAs for generation

****************************************************************************************************
QUESTION: what is final season of game of thrones
GOLD ANSWER: ['The eighth', 'eighth', 'the eighth season']
GENERATED ANSWER: The eighth season. 
{'ROUGE-1': {'precision': 1.0, 'recall': 1.0, 'f1': 1.0}, 'ROUGE-2': {'precision': 1.0, 'recall': 1.0, 'f1': 1.0}, 'ROUGE-L': {'precision': 1.0, 'recall': 1.0, 'f1': 1.0}} ACCURACY: 1.0
Generating LoRA 0
****************************************************************************************************

Using internalized LoRAs for generation

****************************************************************************************************
QUESTION: an edge that is between a vertex and itself is a
GOLD ANSWER: ['loop']
GENERATED ANSWER: loop 
{'ROUGE-1': {'precision': 1.0, 'recall': 1.0, 'f1': 1.0}, 'ROUGE-2': {'precision': 0.0, 'recall': 0.0, 'f1': 0.0}, 'ROUGE-L': {'precision': 1.0, 'recall': 1.0, 'f1': 1.0}} ACCURACY: 1.0
Generating LoRA 0
****************************************************************************************************

Using internalized LoRAs for generation

****************************************************************************************************
QUESTION: when does the little couples new season start
GOLD ANSWER: ['September 19, 2017']
GENERATED ANSWER: September 19, 2017. 
{'ROUGE-1': {'precision': 1.0, 'recall': 1.0, 'f1': 1.0}, 'ROUGE-2': {'precision': 1.0, 'recall': 1.0, 'f1': 1.0}, 'ROUGE-L': {'precision': 1.0, 'recall': 1.0, 'f1': 1.0}} ACCURACY: 1.0
Generating LoRA 0
****************************************************************************************************

Using internalized LoRAs for generation

****************************************************************************************************
QUESTION: how tall is the actor who plays hagrid in harry potter
GOLD ANSWER: ['6ft 1in']
GENERATED ANSWER: 6ft 
{'ROUGE-1': {'precision': 1.0, 'recall': 0.5, 'f1': 0.6666666666666666}, 'ROUGE-2': {'precision': 0.0, 'recall': 0.0, 'f1': 0.0}, 'ROUGE-L': {'precision': 1.0, 'recall': 0.5, 'f1': 0.6666666666666666}} ACCURACY: 0.0
Generating LoRA 0
****************************************************************************************************

Using internalized LoRAs for generation

****************************************************************************************************
QUESTION: what is the job of justice of the peace
GOLD ANSWER: ['dispense summary justice']
GENERATED ANSWER: A justice of the peace is a commissioner of the peace, appointed or elected by a commission to keep the peace. 
{'ROUGE-1': {'precision': 0.047619047619047616, 'recall': 0.3333333333333333, 'f1': 0.08333333333333333}, 'ROUGE-2': {'precision': 0.0, 'recall': 0.0, 'f1': 0.0}, 'ROUGE-L': {'precision': 0.047619047619047616, 'recall': 0.3333333333333333, 'f1': 0.08333333333333333}} ACCURACY: 0.0
Generating LoRA 0
****************************************************************************************************

Using internalized LoRAs for generation

****************************************************************************************************
QUESTION: who won the oscar for best picture in 1976
GOLD ANSWER: ['Rocky']
GENERATED ANSWER: Rocky 
{'ROUGE-1': {'precision': 1.0, 'recall': 1.0, 'f1': 1.0}, 'ROUGE-2': {'precision': 0.0, 'recall': 0.0, 'f1': 0.0}, 'ROUGE-L': {'precision': 1.0, 'recall': 1.0, 'f1': 1.0}} ACCURACY: 1.0
Generating LoRA 0
****************************************************************************************************

Using internalized LoRAs for generation

****************************************************************************************************
QUESTION: who has trained the most melbourne cup winners
GOLD ANSWER: ['Bart Cummings']
GENERATED ANSWER: Bart Cummings 
{'ROUGE-1': {'precision': 1.0, 'recall': 1.0, 'f1': 1.0}, 'ROUGE-2': {'precision': 1.0, 'recall': 1.0, 'f1': 1.0}, 'ROUGE-L': {'precision': 1.0, 'recall': 1.0, 'f1': 1.0}} ACCURACY: 1.0
Generating LoRA 0
****************************************************************************************************

Using internalized LoRAs for generation

****************************************************************************************************
QUESTION: who was involved in the mapp vs ohio case
GOLD ANSWER: ['Dollree Mapp']
GENERATED ANSWER: Don King, Virgil Birns, and Edward Keeling. 
{'ROUGE-1': {'precision': 0.0, 'recall': 0.0, 'f1': 0.0}, 'ROUGE-2': {'precision': 0.0, 'recall': 0.0, 'f1': 0.0}, 'ROUGE-L': {'precision': 0.0, 'recall': 0.0, 'f1': 0.0}} ACCURACY: 0.0
Generating LoRA 0
****************************************************************************************************

Using internalized LoRAs for generation

****************************************************************************************************
QUESTION: who was kat slater's sisters in eastenders
GOLD ANSWER: ['Zoe', 'Little Mo', 'Lynne']
GENERATED ANSWER: Zoe and Little Mo. 
{'ROUGE-1': {'precision': 0.5, 'recall': 1.0, 'f1': 0.6666666666666666}, 'ROUGE-2': {'precision': 0.3333333333333333, 'recall': 1.0, 'f1': 0.5}, 'ROUGE-L': {'precision': 0.5, 'recall': 1.0, 'f1': 0.6666666666666666}} ACCURACY: 0.0
Generating LoRA 0
****************************************************************************************************

Using internalized LoRAs for generation

****************************************************************************************************
QUESTION: when did the philadelphia eagles play in the super bowl last
GOLD ANSWER: ['Super Bowl LII']
GENERATED ANSWER: 2017 
{'ROUGE-1': {'precision': 0.0, 'recall': 0.0, 'f1': 0.0}, 'ROUGE-2': {'precision': 0.0, 'recall': 0.0, 'f1': 0.0}, 'ROUGE-L': {'precision': 0.0, 'recall': 0.0, 'f1': 0.0}} ACCURACY: 0.0
Generating LoRA 0
****************************************************************************************************

Using internalized LoRAs for generation

****************************************************************************************************
QUESTION: what is the cross on a letter t called
GOLD ANSWER: ['arm', 'crossbar']
GENERATED ANSWER: A bar. 
{'ROUGE-1': {'precision': 0.0, 'recall': 0.0, 'f1': 0.0}, 'ROUGE-2': {'precision': 0.0, 'recall': 0.0, 'f1': 0.0}, 'ROUGE-L': {'precision': 0.0, 'recall': 0.0, 'f1': 0.0}} ACCURACY: 0.0
Generating LoRA 0
****************************************************************************************************

Using internalized LoRAs for generation

****************************************************************************************************
QUESTION: who plays the evil doctor in wonder woman
GOLD ANSWER: ['Elena Anaya', 'Spanish actress Elena Anaya']
GENERATED ANSWER: Elena Anaya 
{'ROUGE-1': {'precision': 1.0, 'recall': 1.0, 'f1': 1.0}, 'ROUGE-2': {'precision': 1.0, 'recall': 1.0, 'f1': 1.0}, 'ROUGE-L': {'precision': 1.0, 'recall': 1.0, 'f1': 1.0}} ACCURACY: 1.0
Generating LoRA 0
****************************************************************************************************

Using internalized LoRAs for generation

****************************************************************************************************
QUESTION: who starred in the movie summer of 42
GOLD ANSWER: ['Oliver Conant', 'Christopher Norris', 'Gary Grimes', 'Katherine Allentuck', "Jennifer O'Neill", 'Jerry Houser', 'Robert Mulligan', 'Maureen Stapleton']
GENERATED ANSWER: Gary Grimes, Ossie Hamilton, Jennifer Stapleton, and Christopher Conant. 
{'ROUGE-1': {'precision': 0.2222222222222222, 'recall': 1.0, 'f1': 0.3636363636363636}, 'ROUGE-2': {'precision': 0.125, 'recall': 1.0, 'f1': 0.2222222222222222}, 'ROUGE-L': {'precision': 0.2222222222222222, 'recall': 1.0, 'f1': 0.3636363636363636}} ACCURACY: 0.0
Generating LoRA 0
****************************************************************************************************

Using internalized LoRAs for generation

****************************************************************************************************
QUESTION: what album is sacrifice by elton john on
GOLD ANSWER: ['Sleeping with the Past.', 'Sleeping with the Past']
GENERATED ANSWER: Sleeping with the Past 
{'ROUGE-1': {'precision': 1.0, 'recall': 1.0, 'f1': 1.0}, 'ROUGE-2': {'precision': 1.0, 'recall': 1.0, 'f1': 1.0}, 'ROUGE-L': {'precision': 1.0, 'recall': 1.0, 'f1': 1.0}} ACCURACY: 1.0
Generating LoRA 0
****************************************************************************************************

Using internalized LoRAs for generation

****************************************************************************************************
QUESTION: when did they replace lead with graphite in pencils
GOLD ANSWER: ['never contained the element lead']
GENERATED ANSWER: The provided text does not contain the answer to your question. 
{'ROUGE-1': {'precision': 0.09090909090909091, 'recall': 0.2, 'f1': 0.12500000000000003}, 'ROUGE-2': {'precision': 0.0, 'recall': 0.0, 'f1': 0.0}, 'ROUGE-L': {'precision': 0.09090909090909091, 'recall': 0.2, 'f1': 0.12500000000000003}} ACCURACY: 0.0
Generating LoRA 0
****************************************************************************************************

Using internalized LoRAs for generation

****************************************************************************************************
QUESTION: where can you find dna in the body
GOLD ANSWER: ['chromosomes in a cell', 'inside the cell nucleus']
GENERATED ANSWER: In the nucleus of eukaryotic cells. 
{'ROUGE-1': {'precision': 0.3333333333333333, 'recall': 0.5, 'f1': 0.4}, 'ROUGE-2': {'precision': 0.0, 'recall': 0.0, 'f1': 0.0}, 'ROUGE-L': {'precision': 0.3333333333333333, 'recall': 0.5, 'f1': 0.4}} ACCURACY: 0.0
Generating LoRA 0
****************************************************************************************************

Using internalized LoRAs for generation

****************************************************************************************************
QUESTION: who won the most medals in the 1924 winter olympics
GOLD ANSWER: ['Norway']
GENERATED ANSWER: Norway 
{'ROUGE-1': {'precision': 1.0, 'recall': 1.0, 'f1': 1.0}, 'ROUGE-2': {'precision': 0.0, 'recall': 0.0, 'f1': 0.0}, 'ROUGE-L': {'precision': 1.0, 'recall': 1.0, 'f1': 1.0}} ACCURACY: 1.0
Generating LoRA 0
****************************************************************************************************

Using internalized LoRAs for generation

****************************************************************************************************
QUESTION: what is the final season of downton abbey
GOLD ANSWER: ['the sixth', 'sixth', 'six', 'the sixth series', 'Six']
GENERATED ANSWER: The final season of Downton Abbey was the sixth season. 
{'ROUGE-1': {'precision': 0.2, 'recall': 1.0, 'f1': 0.33333333333333337}, 'ROUGE-2': {'precision': 0.1111111111111111, 'recall': 1.0, 'f1': 0.19999999999999998}, 'ROUGE-L': {'precision': 0.2, 'recall': 1.0, 'f1': 0.33333333333333337}} ACCURACY: 0.0
Generating LoRA 0
****************************************************************************************************

Using internalized LoRAs for generation

****************************************************************************************************
QUESTION: which site of an enzyme is called allosteric site
GOLD ANSWER: ['regulatory site']
GENERATED ANSWER: The regulatory site. 
{'ROUGE-1': {'precision': 0.6666666666666666, 'recall': 1.0, 'f1': 0.8}, 'ROUGE-2': {'precision': 0.5, 'recall': 1.0, 'f1': 0.6666666666666666}, 'ROUGE-L': {'precision': 0.6666666666666666, 'recall': 1.0, 'f1': 0.8}} ACCURACY: 0.0
Generating LoRA 0
****************************************************************************************************

Using internalized LoRAs for generation

****************************************************************************************************
QUESTION: what caused the breakup of the democratic republican party
GOLD ANSWER: ['the disputed 1824 presidential election']
GENERATED ANSWER: The disputed 1824 presidential election. 
{'ROUGE-1': {'precision': 1.0, 'recall': 1.0, 'f1': 1.0}, 'ROUGE-2': {'precision': 1.0, 'recall': 1.0, 'f1': 1.0}, 'ROUGE-L': {'precision': 1.0, 'recall': 1.0, 'f1': 1.0}} ACCURACY: 1.0
Generating LoRA 0
****************************************************************************************************

Using internalized LoRAs for generation

****************************************************************************************************
QUESTION: who sings the song you'll never find another love like mine
GOLD ANSWER: ['Lou Rawls']
GENERATED ANSWER: Kenny Loggins 
{'ROUGE-1': {'precision': 0.0, 'recall': 0.0, 'f1': 0.0}, 'ROUGE-2': {'precision': 0.0, 'recall': 0.0, 'f1': 0.0}, 'ROUGE-L': {'precision': 0.0, 'recall': 0.0, 'f1': 0.0}} ACCURACY: 0.0
Generating LoRA 0
****************************************************************************************************

Using internalized LoRAs for generation

****************************************************************************************************
QUESTION: where was the original flight of the phoenix filmed
GOLD ANSWER: ['20th Century-Fox Studios', 'Buttercup Valley, Arizona', 'Pilot Knob Mesa, California']
GENERATED ANSWER: Pilot Knob Mesa, Arizona. 
{'ROUGE-1': {'precision': 0.75, 'recall': 0.75, 'f1': 0.75}, 'ROUGE-2': {'precision': 0.6666666666666666, 'recall': 0.6666666666666666, 'f1': 0.6666666666666666}, 'ROUGE-L': {'precision': 0.75, 'recall': 0.75, 'f1': 0.75}} ACCURACY: 0.0
Generating LoRA 0
****************************************************************************************************

Using internalized LoRAs for generation

****************************************************************************************************
QUESTION: who warned europe to stay out of the americas
GOLD ANSWER: ['Monroe Doctrine', 'Roosevelt Corollary']
GENERATED ANSWER: Theodore Roosevelt 
{'ROUGE-1': {'precision': 0.5, 'recall': 0.5, 'f1': 0.5}, 'ROUGE-2': {'precision': 0.0, 'recall': 0.0, 'f1': 0.0}, 'ROUGE-L': {'precision': 0.5, 'recall': 0.5, 'f1': 0.5}} ACCURACY: 0.0
Generating LoRA 0
****************************************************************************************************

Using internalized LoRAs for generation

****************************************************************************************************
QUESTION: where does the formation of atp take place
GOLD ANSWER: ['plasma membrane in bacteria', 'inner mitochondrial membrane', 'thylakoid membrane', 'mitochondrial membrane in eukaryotes']
GENERATED ANSWER: In the thylakoid lumen of the chloroplast. 
{'ROUGE-1': {'precision': 0.14285714285714285, 'recall': 0.5, 'f1': 0.22222222222222224}, 'ROUGE-2': {'precision': 0.0, 'recall': 0.0, 'f1': 0.0}, 'ROUGE-L': {'precision': 0.14285714285714285, 'recall': 0.5, 'f1': 0.22222222222222224}} ACCURACY: 0.0
Generating LoRA 0
****************************************************************************************************

Using internalized LoRAs for generation

****************************************************************************************************
QUESTION: who wrote song what a friend we have in jesus
GOLD ANSWER: ['Charles Crozat Converse', 'Joseph M. Scriven', 'William Bolcom']
GENERATED ANSWER: Joseph M. Scriven 
{'ROUGE-1': {'precision': 1.0, 'recall': 1.0, 'f1': 1.0}, 'ROUGE-2': {'precision': 1.0, 'recall': 1.0, 'f1': 1.0}, 'ROUGE-L': {'precision': 1.0, 'recall': 1.0, 'f1': 1.0}} ACCURACY: 1.0
Generating LoRA 0
****************************************************************************************************

Using internalized LoRAs for generation

****************************************************************************************************
QUESTION: who is the guy who walked across the twin towers
GOLD ANSWER: ['Philippe Petit']
GENERATED ANSWER: Philippe Petit 
{'ROUGE-1': {'precision': 1.0, 'recall': 1.0, 'f1': 1.0}, 'ROUGE-2': {'precision': 1.0, 'recall': 1.0, 'f1': 1.0}, 'ROUGE-L': {'precision': 1.0, 'recall': 1.0, 'f1': 1.0}} ACCURACY: 1.0
Generating LoRA 0
****************************************************************************************************

Using internalized LoRAs for generation

****************************************************************************************************
QUESTION: where do the royalties for winnie the pooh go
GOLD ANSWER: ['the Slesinger family', 'Slesinger, Inc.']
GENERATED ANSWER: Disney. 
{'ROUGE-1': {'precision': 0.0, 'recall': 0.0, 'f1': 0.0}, 'ROUGE-2': {'precision': 0.0, 'recall': 0.0, 'f1': 0.0}, 'ROUGE-L': {'precision': 0.0, 'recall': 0.0, 'f1': 0.0}} ACCURACY: 0.0
Generating LoRA 0
****************************************************************************************************

Using internalized LoRAs for generation

****************************************************************************************************
QUESTION: all the motor neurons that control the skeletal muscles are
GOLD ANSWER: ['efferent nerves', 'Somatic motor neurons', 'Somatic']
GENERATED ANSWER: Efferent motor neurons. 
{'ROUGE-1': {'precision': 0.6666666666666666, 'recall': 0.6666666666666666, 'f1': 0.6666666666666666}, 'ROUGE-2': {'precision': 0.5, 'recall': 0.5, 'f1': 0.5}, 'ROUGE-L': {'precision': 0.6666666666666666, 'recall': 0.6666666666666666, 'f1': 0.6666666666666666}} ACCURACY: 0.0
Generating LoRA 0
****************************************************************************************************

Using internalized LoRAs for generation

****************************************************************************************************
QUESTION: how old is the actress who plays phyllis on y&r
GOLD ANSWER: ['Gina Tognoni', 'age\xa044']
GENERATED ANSWER: The provided text does not contain the answer to the question. 
{'ROUGE-1': {'precision': 0.0, 'recall': 0.0, 'f1': 0.0}, 'ROUGE-2': {'precision': 0.0, 'recall': 0.0, 'f1': 0.0}, 'ROUGE-L': {'precision': 0.0, 'recall': 0.0, 'f1': 0.0}} ACCURACY: 0.0
Generating LoRA 0
****************************************************************************************************

Using internalized LoRAs for generation

****************************************************************************************************
QUESTION: who has scored more goals in the premier league
GOLD ANSWER: ['Alan Shearer']
GENERATED ANSWER: Alan Shearer 
{'ROUGE-1': {'precision': 1.0, 'recall': 1.0, 'f1': 1.0}, 'ROUGE-2': {'precision': 1.0, 'recall': 1.0, 'f1': 1.0}, 'ROUGE-L': {'precision': 1.0, 'recall': 1.0, 'f1': 1.0}} ACCURACY: 1.0
Generating LoRA 0
****************************************************************************************************

Using internalized LoRAs for generation

****************************************************************************************************
QUESTION: total number of mna in pakistan national assembly
GOLD ANSWER: ['332 members', '332']
GENERATED ANSWER: 332 
{'ROUGE-1': {'precision': 1.0, 'recall': 1.0, 'f1': 1.0}, 'ROUGE-2': {'precision': 0.0, 'recall': 0.0, 'f1': 0.0}, 'ROUGE-L': {'precision': 1.0, 'recall': 1.0, 'f1': 1.0}} ACCURACY: 1.0
Generating LoRA 0
****************************************************************************************************

Using internalized LoRAs for generation

****************************************************************************************************
QUESTION: who played stumpy in the movie rio bravo
GOLD ANSWER: ['Walter Brennan']
GENERATED ANSWER: Walter Brennan 
{'ROUGE-1': {'precision': 1.0, 'recall': 1.0, 'f1': 1.0}, 'ROUGE-2': {'precision': 1.0, 'recall': 1.0, 'f1': 1.0}, 'ROUGE-L': {'precision': 1.0, 'recall': 1.0, 'f1': 1.0}} ACCURACY: 1.0
Generating LoRA 0
****************************************************************************************************

Using internalized LoRAs for generation

****************************************************************************************************
QUESTION: where is the protien made in the cell
GOLD ANSWER: ['in the cell nucleus', 'cell nucleus']
GENERATED ANSWER: The nucleus 
{'ROUGE-1': {'precision': 1.0, 'recall': 0.5, 'f1': 0.6666666666666666}, 'ROUGE-2': {'precision': 0.0, 'recall': 0.0, 'f1': 0.0}, 'ROUGE-L': {'precision': 1.0, 'recall': 0.5, 'f1': 0.6666666666666666}} ACCURACY: 0.0
Generating LoRA 0
****************************************************************************************************

Using internalized LoRAs for generation

****************************************************************************************************
QUESTION: if there is a line that lies parallel to the horizon it is said to be
GOLD ANSWER: ['A vanishing point']
GENERATED ANSWER: A vanishing point. 
{'ROUGE-1': {'precision': 1.0, 'recall': 1.0, 'f1': 1.0}, 'ROUGE-2': {'precision': 1.0, 'recall': 1.0, 'f1': 1.0}, 'ROUGE-L': {'precision': 1.0, 'recall': 1.0, 'f1': 1.0}} ACCURACY: 1.0
Generating LoRA 0
****************************************************************************************************

Using internalized LoRAs for generation

****************************************************************************************************
QUESTION: when's the last time the philadelphia eagles played the new england patriots
GOLD ANSWER: ['in Super Bowl LII']
GENERATED ANSWER: Super Bowl LII 
{'ROUGE-1': {'precision': 1.0, 'recall': 0.75, 'f1': 0.8571428571428571}, 'ROUGE-2': {'precision': 1.0, 'recall': 0.6666666666666666, 'f1': 0.8}, 'ROUGE-L': {'precision': 1.0, 'recall': 0.75, 'f1': 0.8571428571428571}} ACCURACY: 0.0
Generating LoRA 0
****************************************************************************************************

Using internalized LoRAs for generation

****************************************************************************************************
QUESTION: what was the purpose of a revival meeting during the second great awakening
GOLD ANSWER: ['evangelizing']
GENERATED ANSWER: To spread the gospel. 
{'ROUGE-1': {'precision': 0.0, 'recall': 0.0, 'f1': 0.0}, 'ROUGE-2': {'precision': 0.0, 'recall': 0.0, 'f1': 0.0}, 'ROUGE-L': {'precision': 0.0, 'recall': 0.0, 'f1': 0.0}} ACCURACY: 0.0
Generating LoRA 0
****************************************************************************************************

Using internalized LoRAs for generation

****************************************************************************************************
QUESTION: when was catch me if you can made
GOLD ANSWER: ['2002']
GENERATED ANSWER: 2002 
{'ROUGE-1': {'precision': 1.0, 'recall': 1.0, 'f1': 1.0}, 'ROUGE-2': {'precision': 0.0, 'recall': 0.0, 'f1': 0.0}, 'ROUGE-L': {'precision': 1.0, 'recall': 1.0, 'f1': 1.0}} ACCURACY: 1.0
Generating LoRA 0
****************************************************************************************************

Using internalized LoRAs for generation

****************************************************************************************************
QUESTION: when did toyota first come to the united states
GOLD ANSWER: ['1957']
GENERATED ANSWER: 1957 
{'ROUGE-1': {'precision': 1.0, 'recall': 1.0, 'f1': 1.0}, 'ROUGE-2': {'precision': 0.0, 'recall': 0.0, 'f1': 0.0}, 'ROUGE-L': {'precision': 1.0, 'recall': 1.0, 'f1': 1.0}} ACCURACY: 1.0
Generating LoRA 0
****************************************************************************************************

Using internalized LoRAs for generation

****************************************************************************************************
QUESTION: what is the official symbol of the carnival of quebec
GOLD ANSWER: ['Bonhomme Carnaval']
GENERATED ANSWER: Bonhomme Carnaval 
{'ROUGE-1': {'precision': 1.0, 'recall': 1.0, 'f1': 1.0}, 'ROUGE-2': {'precision': 1.0, 'recall': 1.0, 'f1': 1.0}, 'ROUGE-L': {'precision': 1.0, 'recall': 1.0, 'f1': 1.0}} ACCURACY: 1.0
Generating LoRA 0
****************************************************************************************************

Using internalized LoRAs for generation

****************************************************************************************************
QUESTION: when is dancing on ice on the tv
GOLD ANSWER: ['2019']
GENERATED ANSWER: 2019 
{'ROUGE-1': {'precision': 1.0, 'recall': 1.0, 'f1': 1.0}, 'ROUGE-2': {'precision': 0.0, 'recall': 0.0, 'f1': 0.0}, 'ROUGE-L': {'precision': 1.0, 'recall': 1.0, 'f1': 1.0}} ACCURACY: 1.0
Generating LoRA 0
****************************************************************************************************

Using internalized LoRAs for generation

****************************************************************************************************
QUESTION: which apostle spoke at the council of jerusalem
GOLD ANSWER: ['Paul', 'James', 'Barnabas', 'Simon Peter']
GENERATED ANSWER: James 
{'ROUGE-1': {'precision': 1.0, 'recall': 1.0, 'f1': 1.0}, 'ROUGE-2': {'precision': 0.0, 'recall': 0.0, 'f1': 0.0}, 'ROUGE-L': {'precision': 1.0, 'recall': 1.0, 'f1': 1.0}} ACCURACY: 1.0
Generating LoRA 0
****************************************************************************************************

Using internalized LoRAs for generation

****************************************************************************************************
QUESTION: who played daisy duke in the new dukes of hazzard
GOLD ANSWER: ['Jessica Simpson']
GENERATED ANSWER: M.C. Gainey 
{'ROUGE-1': {'precision': 0.0, 'recall': 0.0, 'f1': 0.0}, 'ROUGE-2': {'precision': 0.0, 'recall': 0.0, 'f1': 0.0}, 'ROUGE-L': {'precision': 0.0, 'recall': 0.0, 'f1': 0.0}} ACCURACY: 0.0
Generating LoRA 0
****************************************************************************************************

Using internalized LoRAs for generation

****************************************************************************************************
QUESTION: where is the country music hall of fame located
GOLD ANSWER: ['Nashville, Tennessee']
GENERATED ANSWER: Nashville, Tennessee. 
{'ROUGE-1': {'precision': 1.0, 'recall': 1.0, 'f1': 1.0}, 'ROUGE-2': {'precision': 1.0, 'recall': 1.0, 'f1': 1.0}, 'ROUGE-L': {'precision': 1.0, 'recall': 1.0, 'f1': 1.0}} ACCURACY: 1.0
Generating LoRA 0
****************************************************************************************************

Using internalized LoRAs for generation

****************************************************************************************************
QUESTION: who do the characters represent in 8 mile
GOLD ANSWER: ['loosely on Eminem']
GENERATED ANSWER: The characters represent the black rapper Eminem and his white counterpart. 
{'ROUGE-1': {'precision': 0.09090909090909091, 'recall': 0.3333333333333333, 'f1': 0.14285714285714288}, 'ROUGE-2': {'precision': 0.0, 'recall': 0.0, 'f1': 0.0}, 'ROUGE-L': {'precision': 0.09090909090909091, 'recall': 0.3333333333333333, 'f1': 0.14285714285714288}} ACCURACY: 0.0
Generating LoRA 0
****************************************************************************************************

Using internalized LoRAs for generation

****************************************************************************************************
QUESTION: who has won india's next super star
GOLD ANSWER: ['Natasha Bharadwaj', 'Aman Gandotra']
GENERATED ANSWER: Aman Gandotra and Natasha Bharadwaj. 
{'ROUGE-1': {'precision': 0.4, 'recall': 1.0, 'f1': 0.5714285714285715}, 'ROUGE-2': {'precision': 0.25, 'recall': 1.0, 'f1': 0.4}, 'ROUGE-L': {'precision': 0.4, 'recall': 1.0, 'f1': 0.5714285714285715}} ACCURACY: 0.0
Generating LoRA 0
****************************************************************************************************

Using internalized LoRAs for generation

****************************************************************************************************
QUESTION: what was the first video game for nintendo
GOLD ANSWER: ['Magnavox Odyssey', 'EVR Race']
GENERATED ANSWER: The provided text does not contain the answer to the question. 
{'ROUGE-1': {'precision': 0.0, 'recall': 0.0, 'f1': 0.0}, 'ROUGE-2': {'precision': 0.0, 'recall': 0.0, 'f1': 0.0}, 'ROUGE-L': {'precision': 0.0, 'recall': 0.0, 'f1': 0.0}} ACCURACY: 0.0
Generating LoRA 0
****************************************************************************************************

Using internalized LoRAs for generation

****************************************************************************************************
QUESTION: who sings the theme song for the tv show cops
GOLD ANSWER: ['Inner Circle', 'Jamaican reggae band Inner Circle']
GENERATED ANSWER: Inner Circle 
{'ROUGE-1': {'precision': 1.0, 'recall': 1.0, 'f1': 1.0}, 'ROUGE-2': {'precision': 1.0, 'recall': 1.0, 'f1': 1.0}, 'ROUGE-L': {'precision': 1.0, 'recall': 1.0, 'f1': 1.0}} ACCURACY: 1.0
Generating LoRA 0
****************************************************************************************************

Using internalized LoRAs for generation

****************************************************************************************************
QUESTION: who did the astros play last time they were in the world series
GOLD ANSWER: ['White Sox', 'Los Angeles Dodgers']
GENERATED ANSWER: The Astros played the Los Angeles Dodgers last time they were in the World Series. 
{'ROUGE-1': {'precision': 0.2, 'recall': 1.0, 'f1': 0.33333333333333337}, 'ROUGE-2': {'precision': 0.14285714285714285, 'recall': 1.0, 'f1': 0.25}, 'ROUGE-L': {'precision': 0.2, 'recall': 1.0, 'f1': 0.33333333333333337}} ACCURACY: 0.0
Generating LoRA 0
****************************************************************************************************

Using internalized LoRAs for generation

****************************************************************************************************
QUESTION: when was the minimum wage established in the united states
GOLD ANSWER: ['1938', '1933', '1912']
GENERATED ANSWER: 1933 
{'ROUGE-1': {'precision': 1.0, 'recall': 1.0, 'f1': 1.0}, 'ROUGE-2': {'precision': 0.0, 'recall': 0.0, 'f1': 0.0}, 'ROUGE-L': {'precision': 1.0, 'recall': 1.0, 'f1': 1.0}} ACCURACY: 1.0
Generating LoRA 0
****************************************************************************************************

Using internalized LoRAs for generation

****************************************************************************************************
QUESTION: who sings theme tune to orange is the new black
GOLD ANSWER: ['Spektor']
GENERATED ANSWER: The provided text does not contain the answer to the question. 
{'ROUGE-1': {'precision': 0.0, 'recall': 0.0, 'f1': 0.0}, 'ROUGE-2': {'precision': 0.0, 'recall': 0.0, 'f1': 0.0}, 'ROUGE-L': {'precision': 0.0, 'recall': 0.0, 'f1': 0.0}} ACCURACY: 0.0
Generating LoRA 0
****************************************************************************************************

Using internalized LoRAs for generation

****************************************************************************************************
QUESTION: when did the the regulatory reform (fire safety) order 2005 first come into effect
GOLD ANSWER: ['1 October 2006']
GENERATED ANSWER: 1 October 2006. 
{'ROUGE-1': {'precision': 1.0, 'recall': 1.0, 'f1': 1.0}, 'ROUGE-2': {'precision': 1.0, 'recall': 1.0, 'f1': 1.0}, 'ROUGE-L': {'precision': 1.0, 'recall': 1.0, 'f1': 1.0}} ACCURACY: 1.0
Generating LoRA 0
****************************************************************************************************

Using internalized LoRAs for generation

****************************************************************************************************
QUESTION: who wrote lord have mercy on the working man
GOLD ANSWER: ['Kostas']
GENERATED ANSWER: Travis Tritt 
{'ROUGE-1': {'precision': 0.0, 'recall': 0.0, 'f1': 0.0}, 'ROUGE-2': {'precision': 0.0, 'recall': 0.0, 'f1': 0.0}, 'ROUGE-L': {'precision': 0.0, 'recall': 0.0, 'f1': 0.0}} ACCURACY: 0.0
Generating LoRA 0
****************************************************************************************************

Using internalized LoRAs for generation

****************************************************************************************************
QUESTION: a legislative act passed by congress is an example of
GOLD ANSWER: ['statutory law']
GENERATED ANSWER: Statute 
{'ROUGE-1': {'precision': 0.0, 'recall': 0.0, 'f1': 0.0}, 'ROUGE-2': {'precision': 0.0, 'recall': 0.0, 'f1': 0.0}, 'ROUGE-L': {'precision': 0.0, 'recall': 0.0, 'f1': 0.0}} ACCURACY: 0.0
Generating LoRA 0
****************************************************************************************************

Using internalized LoRAs for generation

****************************************************************************************************
QUESTION: what is the largest bill in american money
GOLD ANSWER: ['$100']
GENERATED ANSWER: $100 
{'ROUGE-1': {'precision': 1.0, 'recall': 1.0, 'f1': 1.0}, 'ROUGE-2': {'precision': 0.0, 'recall': 0.0, 'f1': 0.0}, 'ROUGE-L': {'precision': 1.0, 'recall': 1.0, 'f1': 1.0}} ACCURACY: 1.0
Generating LoRA 0
****************************************************************************************************

Using internalized LoRAs for generation

****************************************************************************************************
QUESTION: where are unipolar neurons found in spinal cord
GOLD ANSWER: ['the distal dorsal root']
GENERATED ANSWER: Dorsal root ganglion 
{'ROUGE-1': {'precision': 0.6666666666666666, 'recall': 0.5, 'f1': 0.5714285714285715}, 'ROUGE-2': {'precision': 0.5, 'recall': 0.3333333333333333, 'f1': 0.4}, 'ROUGE-L': {'precision': 0.6666666666666666, 'recall': 0.5, 'f1': 0.5714285714285715}} ACCURACY: 0.0
Generating LoRA 0
****************************************************************************************************

Using internalized LoRAs for generation

****************************************************************************************************
QUESTION: who want to be a millionaire calls his dad
GOLD ANSWER: ['Carpenter']
GENERATED ANSWER: The Millionaire. 
{'ROUGE-1': {'precision': 0.0, 'recall': 0.0, 'f1': 0.0}, 'ROUGE-2': {'precision': 0.0, 'recall': 0.0, 'f1': 0.0}, 'ROUGE-L': {'precision': 0.0, 'recall': 0.0, 'f1': 0.0}} ACCURACY: 0.0
Generating LoRA 0
****************************************************************************************************

Using internalized LoRAs for generation

****************************************************************************************************
QUESTION: when was the last time villanova won the ncaa basketball championship
GOLD ANSWER: ['2018']
GENERATED ANSWER: 2016 
{'ROUGE-1': {'precision': 0.0, 'recall': 0.0, 'f1': 0.0}, 'ROUGE-2': {'precision': 0.0, 'recall': 0.0, 'f1': 0.0}, 'ROUGE-L': {'precision': 0.0, 'recall': 0.0, 'f1': 0.0}} ACCURACY: 0.0
Generating LoRA 0
****************************************************************************************************

Using internalized LoRAs for generation

****************************************************************************************************
QUESTION: two examples where low voltage transformers are used
GOLD ANSWER: ['doorbell installations', 'toys']
GENERATED ANSWER: Toy installations, doorbell installations. 
{'ROUGE-1': {'precision': 0.5, 'recall': 1.0, 'f1': 0.6666666666666666}, 'ROUGE-2': {'precision': 0.3333333333333333, 'recall': 1.0, 'f1': 0.5}, 'ROUGE-L': {'precision': 0.5, 'recall': 1.0, 'f1': 0.6666666666666666}} ACCURACY: 0.0
Generating LoRA 0
****************************************************************************************************

Using internalized LoRAs for generation

****************************************************************************************************
QUESTION: what is the significance of the sahara desert
GOLD ANSWER: ['the largest hot desert']
GENERATED ANSWER: The Sahara is the world's largest hot desert. 
{'ROUGE-1': {'precision': 0.5, 'recall': 1.0, 'f1': 0.6666666666666666}, 'ROUGE-2': {'precision': 0.2857142857142857, 'recall': 0.6666666666666666, 'f1': 0.4}, 'ROUGE-L': {'precision': 0.5, 'recall': 1.0, 'f1': 0.6666666666666666}} ACCURACY: 0.0
Generating LoRA 0
****************************************************************************************************

Using internalized LoRAs for generation

****************************************************************************************************
QUESTION: what causes cracked skin at the corners of your mouth
GOLD ANSWER: ['allergies', 'infection', 'irritation']
GENERATED ANSWER: Poor nutrition or poor immune function. 
{'ROUGE-1': {'precision': 0.0, 'recall': 0.0, 'f1': 0.0}, 'ROUGE-2': {'precision': 0.0, 'recall': 0.0, 'f1': 0.0}, 'ROUGE-L': {'precision': 0.0, 'recall': 0.0, 'f1': 0.0}} ACCURACY: 0.0
Generating LoRA 0
****************************************************************************************************

Using internalized LoRAs for generation

****************************************************************************************************
QUESTION: who captained the first european ship to sail around the tip of africa
GOLD ANSWER: ['Bartolomeu Dias']
GENERATED ANSWER: Bartolomeu Dias 
{'ROUGE-1': {'precision': 1.0, 'recall': 1.0, 'f1': 1.0}, 'ROUGE-2': {'precision': 1.0, 'recall': 1.0, 'f1': 1.0}, 'ROUGE-L': {'precision': 1.0, 'recall': 1.0, 'f1': 1.0}} ACCURACY: 1.0
Generating LoRA 0
****************************************************************************************************

Using internalized LoRAs for generation

****************************************************************************************************
QUESTION: who sang a whiter shade of pale first
GOLD ANSWER: ['Procol Harum', 'British rock band Procol Harum']
GENERATED ANSWER: Procol Harum 
{'ROUGE-1': {'precision': 1.0, 'recall': 1.0, 'f1': 1.0}, 'ROUGE-2': {'precision': 1.0, 'recall': 1.0, 'f1': 1.0}, 'ROUGE-L': {'precision': 1.0, 'recall': 1.0, 'f1': 1.0}} ACCURACY: 1.0
Generating LoRA 0
****************************************************************************************************

Using internalized LoRAs for generation

****************************************************************************************************
QUESTION: what material was used to build the roofs of houses in burzahom
GOLD ANSWER: ['birch']
GENERATED ANSWER: Karewa 
{'ROUGE-1': {'precision': 0.0, 'recall': 0.0, 'f1': 0.0}, 'ROUGE-2': {'precision': 0.0, 'recall': 0.0, 'f1': 0.0}, 'ROUGE-L': {'precision': 0.0, 'recall': 0.0, 'f1': 0.0}} ACCURACY: 0.0
Generating LoRA 0
****************************************************************************************************

Using internalized LoRAs for generation

****************************************************************************************************
QUESTION: when does the new season of law and order svu come on
GOLD ANSWER: ['September 27, 2017']
GENERATED ANSWER: September 27, 2017. 
{'ROUGE-1': {'precision': 1.0, 'recall': 1.0, 'f1': 1.0}, 'ROUGE-2': {'precision': 1.0, 'recall': 1.0, 'f1': 1.0}, 'ROUGE-L': {'precision': 1.0, 'recall': 1.0, 'f1': 1.0}} ACCURACY: 1.0
Generating LoRA 0
****************************************************************************************************

Using internalized LoRAs for generation

****************************************************************************************************
QUESTION: in what part of the digestive tube do you expect the initial digestion of starch
GOLD ANSWER: ['the mouth', 'the minor salivary glands']
GENERATED ANSWER: Mouth 
{'ROUGE-1': {'precision': 1.0, 'recall': 0.5, 'f1': 0.6666666666666666}, 'ROUGE-2': {'precision': 0.0, 'recall': 0.0, 'f1': 0.0}, 'ROUGE-L': {'precision': 1.0, 'recall': 0.5, 'f1': 0.6666666666666666}} ACCURACY: 0.0
Generating LoRA 0
****************************************************************************************************

Using internalized LoRAs for generation

****************************************************************************************************
QUESTION: who was the french chef given credit for developing the classic kitchen​ brigade
GOLD ANSWER: ['Georges Auguste Escoffier']
GENERATED ANSWER: Georges Auguste Escoffier 
{'ROUGE-1': {'precision': 1.0, 'recall': 1.0, 'f1': 1.0}, 'ROUGE-2': {'precision': 1.0, 'recall': 1.0, 'f1': 1.0}, 'ROUGE-L': {'precision': 1.0, 'recall': 1.0, 'f1': 1.0}} ACCURACY: 1.0
Generating LoRA 0
****************************************************************************************************

Using internalized LoRAs for generation

****************************************************************************************************
QUESTION: who sings stop listen what's that sound
GOLD ANSWER: ['Buffalo Springfield']
GENERATED ANSWER: Buffalo Springfield 
{'ROUGE-1': {'precision': 1.0, 'recall': 1.0, 'f1': 1.0}, 'ROUGE-2': {'precision': 1.0, 'recall': 1.0, 'f1': 1.0}, 'ROUGE-L': {'precision': 1.0, 'recall': 1.0, 'f1': 1.0}} ACCURACY: 1.0
Generating LoRA 0
****************************************************************************************************

Using internalized LoRAs for generation

****************************************************************************************************
QUESTION: when do the walking dead comics come out
GOLD ANSWER: ['October\xa02003\xa0– present', '2003']
GENERATED ANSWER: The Walking Dead comics first appeared in 2003. 
{'ROUGE-1': {'precision': 0.125, 'recall': 1.0, 'f1': 0.2222222222222222}, 'ROUGE-2': {'precision': 0.0, 'recall': 0.0, 'f1': 0.0}, 'ROUGE-L': {'precision': 0.125, 'recall': 1.0, 'f1': 0.2222222222222222}} ACCURACY: 0.0
Generating LoRA 0
****************************************************************************************************

Using internalized LoRAs for generation

****************************************************************************************************
QUESTION: who played mark on the show the rifleman
GOLD ANSWER: ['John Ernest Crawford']
GENERATED ANSWER: Chuck Connors 
{'ROUGE-1': {'precision': 0.0, 'recall': 0.0, 'f1': 0.0}, 'ROUGE-2': {'precision': 0.0, 'recall': 0.0, 'f1': 0.0}, 'ROUGE-L': {'precision': 0.0, 'recall': 0.0, 'f1': 0.0}} ACCURACY: 0.0
Generating LoRA 0
****************************************************************************************************

Using internalized LoRAs for generation

****************************************************************************************************
QUESTION: who played ricky in secret life of the american teenager
GOLD ANSWER: ['Daren Maxwell Kagasoff']
GENERATED ANSWER: Daren Kagasoff 
{'ROUGE-1': {'precision': 1.0, 'recall': 0.6666666666666666, 'f1': 0.8}, 'ROUGE-2': {'precision': 0.0, 'recall': 0.0, 'f1': 0.0}, 'ROUGE-L': {'precision': 1.0, 'recall': 0.6666666666666666, 'f1': 0.8}} ACCURACY: 0.0
Generating LoRA 0
****************************************************************************************************

Using internalized LoRAs for generation

****************************************************************************************************
QUESTION: who had the longest tenure as moderator on meet the press
GOLD ANSWER: ['Tim Russert']
GENERATED ANSWER: Tim Russert 
{'ROUGE-1': {'precision': 1.0, 'recall': 1.0, 'f1': 1.0}, 'ROUGE-2': {'precision': 1.0, 'recall': 1.0, 'f1': 1.0}, 'ROUGE-L': {'precision': 1.0, 'recall': 1.0, 'f1': 1.0}} ACCURACY: 1.0
Generating LoRA 0
****************************************************************************************************

Using internalized LoRAs for generation

****************************************************************************************************
QUESTION: when was where have all the flowers gone written
GOLD ANSWER: ['1955']
GENERATED ANSWER: 1955 
{'ROUGE-1': {'precision': 1.0, 'recall': 1.0, 'f1': 1.0}, 'ROUGE-2': {'precision': 0.0, 'recall': 0.0, 'f1': 0.0}, 'ROUGE-L': {'precision': 1.0, 'recall': 1.0, 'f1': 1.0}} ACCURACY: 1.0
Generating LoRA 0
****************************************************************************************************

Using internalized LoRAs for generation

****************************************************************************************************
QUESTION: industrial city in germany on the rhine herne canal
GOLD ANSWER: ['Henrichenburg', 'Duisburg']
GENERATED ANSWER: Duisburg 
{'ROUGE-1': {'precision': 1.0, 'recall': 1.0, 'f1': 1.0}, 'ROUGE-2': {'precision': 0.0, 'recall': 0.0, 'f1': 0.0}, 'ROUGE-L': {'precision': 1.0, 'recall': 1.0, 'f1': 1.0}} ACCURACY: 1.0
Generating LoRA 0
****************************************************************************************************

Using internalized LoRAs for generation

****************************************************************************************************
QUESTION: what is a real world application of an atwood machine
GOLD ANSWER: ['An elevator with a counterbalance']
GENERATED ANSWER: The provided text does not contain the answer to the question. 
{'ROUGE-1': {'precision': 0.0, 'recall': 0.0, 'f1': 0.0}, 'ROUGE-2': {'precision': 0.0, 'recall': 0.0, 'f1': 0.0}, 'ROUGE-L': {'precision': 0.0, 'recall': 0.0, 'f1': 0.0}} ACCURACY: 0.0
Generating LoRA 0
****************************************************************************************************

Using internalized LoRAs for generation

****************************************************************************************************
QUESTION: who starred in the movie natural born killers
GOLD ANSWER: ['Robert Downey Jr.', 'Robert Downey, Jr.', 'Woody Harrelson', 'Juliette Lewis', 'Tom Sizemore', 'Tommy Lee Jones']
GENERATED ANSWER: Woody Harrelson, Juliette Lewis, Robert Downey Jr., Tom Sizemore, and Tommy Lee Jones. 
{'ROUGE-1': {'precision': 0.23076923076923078, 'recall': 1.0, 'f1': 0.375}, 'ROUGE-2': {'precision': 0.16666666666666666, 'recall': 1.0, 'f1': 0.2857142857142857}, 'ROUGE-L': {'precision': 0.23076923076923078, 'recall': 1.0, 'f1': 0.375}} ACCURACY: 0.0
Generating LoRA 0
****************************************************************************************************

Using internalized LoRAs for generation

****************************************************************************************************
QUESTION: who wants a heart in the wizard of oz
GOLD ANSWER: ['Tin Woodman', 'the Tin Woodman']
GENERATED ANSWER: The Wicked Witch of the West. 
{'ROUGE-1': {'precision': 0.16666666666666666, 'recall': 0.3333333333333333, 'f1': 0.2222222222222222}, 'ROUGE-2': {'precision': 0.0, 'recall': 0.0, 'f1': 0.0}, 'ROUGE-L': {'precision': 0.16666666666666666, 'recall': 0.3333333333333333, 'f1': 0.2222222222222222}} ACCURACY: 0.0
Generating LoRA 0
****************************************************************************************************

Using internalized LoRAs for generation

****************************************************************************************************
QUESTION: what are the importance of rigor mortis in meat processing
GOLD ANSWER: ['tenderness of meat']
GENERATED ANSWER: Rigor mortis is important in meat processing because it affects the tenderness of meat. 
{'ROUGE-1': {'precision': 0.21428571428571427, 'recall': 1.0, 'f1': 0.35294117647058826}, 'ROUGE-2': {'precision': 0.15384615384615385, 'recall': 1.0, 'f1': 0.2666666666666667}, 'ROUGE-L': {'precision': 0.21428571428571427, 'recall': 1.0, 'f1': 0.35294117647058826}} ACCURACY: 0.0
Generating LoRA 0
****************************************************************************************************

Using internalized LoRAs for generation

****************************************************************************************************
QUESTION: when did the song the joker come out
GOLD ANSWER: ['1973', 'October 1973']
GENERATED ANSWER: Early 1973. 
{'ROUGE-1': {'precision': 0.5, 'recall': 1.0, 'f1': 0.6666666666666666}, 'ROUGE-2': {'precision': 0.0, 'recall': 0.0, 'f1': 0.0}, 'ROUGE-L': {'precision': 0.5, 'recall': 1.0, 'f1': 0.6666666666666666}} ACCURACY: 0.0
Generating LoRA 0
****************************************************************************************************

Using internalized LoRAs for generation

****************************************************************************************************
QUESTION: what is the tigers name in life of pi
GOLD ANSWER: ['Richard Parker']
GENERATED ANSWER: Richard Parker 
{'ROUGE-1': {'precision': 1.0, 'recall': 1.0, 'f1': 1.0}, 'ROUGE-2': {'precision': 1.0, 'recall': 1.0, 'f1': 1.0}, 'ROUGE-L': {'precision': 1.0, 'recall': 1.0, 'f1': 1.0}} ACCURACY: 1.0
Generating LoRA 0
****************************************************************************************************

Using internalized LoRAs for generation

****************************************************************************************************
QUESTION: when did god save the queen became the national anthem
GOLD ANSWER: ['in the 1780s and 1790s', 'After the Battle of Culloden']
GENERATED ANSWER: The 1780s and 1790s. 
{'ROUGE-1': {'precision': 1.0, 'recall': 0.8, 'f1': 0.888888888888889}, 'ROUGE-2': {'precision': 1.0, 'recall': 0.75, 'f1': 0.8571428571428571}, 'ROUGE-L': {'precision': 1.0, 'recall': 0.8, 'f1': 0.888888888888889}} ACCURACY: 0.0
Generating LoRA 0
****************************************************************************************************

Using internalized LoRAs for generation

****************************************************************************************************
QUESTION: when did the 5 day work week begin
GOLD ANSWER: ['1908', 'In 1908', '1940']
GENERATED ANSWER: 1940. 
{'ROUGE-1': {'precision': 1.0, 'recall': 1.0, 'f1': 1.0}, 'ROUGE-2': {'precision': 0.0, 'recall': 0.0, 'f1': 0.0}, 'ROUGE-L': {'precision': 1.0, 'recall': 1.0, 'f1': 1.0}} ACCURACY: 1.0
Generating LoRA 0
****************************************************************************************************

Using internalized LoRAs for generation

****************************************************************************************************
QUESTION: where is the north pole on the world map
GOLD ANSWER: ['latitude 90° North']
GENERATED ANSWER: At the center of the Northern Hemisphere. 
{'ROUGE-1': {'precision': 0.0, 'recall': 0.0, 'f1': 0.0}, 'ROUGE-2': {'precision': 0.0, 'recall': 0.0, 'f1': 0.0}, 'ROUGE-L': {'precision': 0.0, 'recall': 0.0, 'f1': 0.0}} ACCURACY: 0.0
Generating LoRA 0
****************************************************************************************************

Using internalized LoRAs for generation

****************************************************************************************************
QUESTION: who performed the halftime show at super bowl 51
GOLD ANSWER: ['Lady Gaga']
GENERATED ANSWER: Lady Gaga 
{'ROUGE-1': {'precision': 1.0, 'recall': 1.0, 'f1': 1.0}, 'ROUGE-2': {'precision': 1.0, 'recall': 1.0, 'f1': 1.0}, 'ROUGE-L': {'precision': 1.0, 'recall': 1.0, 'f1': 1.0}} ACCURACY: 1.0
Generating LoRA 0
****************************************************************************************************

Using internalized LoRAs for generation

****************************************************************************************************
QUESTION: when was the worlds first laptop computer introduced in the market and by whom
GOLD ANSWER: ['September 1980', 'R2E Micral CCMC']
GENERATED ANSWER: The worlds first laptop computer was introduced in the market in September 1980 by the company RCM Micral. 
{'ROUGE-1': {'precision': 0.1111111111111111, 'recall': 1.0, 'f1': 0.19999999999999998}, 'ROUGE-2': {'precision': 0.058823529411764705, 'recall': 1.0, 'f1': 0.1111111111111111}, 'ROUGE-L': {'precision': 0.1111111111111111, 'recall': 1.0, 'f1': 0.19999999999999998}} ACCURACY: 0.0
Generating LoRA 0
****************************************************************************************************

Using internalized LoRAs for generation

****************************************************************************************************
QUESTION: when is last time the astros won the world series
GOLD ANSWER: ['2017']
GENERATED ANSWER: 2017 
{'ROUGE-1': {'precision': 1.0, 'recall': 1.0, 'f1': 1.0}, 'ROUGE-2': {'precision': 0.0, 'recall': 0.0, 'f1': 0.0}, 'ROUGE-L': {'precision': 1.0, 'recall': 1.0, 'f1': 1.0}} ACCURACY: 1.0
Generating LoRA 0
****************************************************************************************************

Using internalized LoRAs for generation

****************************************************************************************************
QUESTION: who is the speaker in shooting an elephant
GOLD ANSWER: ['Orwell']
GENERATED ANSWER: Orwell 
{'ROUGE-1': {'precision': 1.0, 'recall': 1.0, 'f1': 1.0}, 'ROUGE-2': {'precision': 0.0, 'recall': 0.0, 'f1': 0.0}, 'ROUGE-L': {'precision': 1.0, 'recall': 1.0, 'f1': 1.0}} ACCURACY: 1.0
Generating LoRA 0
****************************************************************************************************

Using internalized LoRAs for generation

****************************************************************************************************
QUESTION: who plays sheila carter on the bold and the beautiful
GOLD ANSWER: ['Kimberlin Brown', 'Michelle Stafford']
GENERATED ANSWER: Michelle Stafford 
{'ROUGE-1': {'precision': 1.0, 'recall': 1.0, 'f1': 1.0}, 'ROUGE-2': {'precision': 1.0, 'recall': 1.0, 'f1': 1.0}, 'ROUGE-L': {'precision': 1.0, 'recall': 1.0, 'f1': 1.0}} ACCURACY: 1.0
Generating LoRA 0
****************************************************************************************************

Using internalized LoRAs for generation

****************************************************************************************************
QUESTION: what is the current mac os operating system
GOLD ANSWER: ['10.13.4', 'macOS High Sierra']
GENERATED ANSWER: macOS 
{'ROUGE-1': {'precision': 1.0, 'recall': 0.3333333333333333, 'f1': 0.5}, 'ROUGE-2': {'precision': 0.0, 'recall': 0.0, 'f1': 0.0}, 'ROUGE-L': {'precision': 1.0, 'recall': 0.3333333333333333, 'f1': 0.5}} ACCURACY: 0.0
Generating LoRA 0
****************************************************************************************************

Using internalized LoRAs for generation

****************************************************************************************************
QUESTION: when were 2 dollar bills stopped being made
GOLD ANSWER: ['current denomination of U.S. currency']
GENERATED ANSWER: 1966. 
{'ROUGE-1': {'precision': 0.0, 'recall': 0.0, 'f1': 0.0}, 'ROUGE-2': {'precision': 0.0, 'recall': 0.0, 'f1': 0.0}, 'ROUGE-L': {'precision': 0.0, 'recall': 0.0, 'f1': 0.0}} ACCURACY: 0.0
Generating LoRA 0
****************************************************************************************************

Using internalized LoRAs for generation

****************************************************************************************************
QUESTION: who sings the song it ain't me
GOLD ANSWER: ['Selena Gomez', 'American singer Selena Gomez']
GENERATED ANSWER: Selena Gomez 
{'ROUGE-1': {'precision': 1.0, 'recall': 1.0, 'f1': 1.0}, 'ROUGE-2': {'precision': 1.0, 'recall': 1.0, 'f1': 1.0}, 'ROUGE-L': {'precision': 1.0, 'recall': 1.0, 'f1': 1.0}} ACCURACY: 1.0
Generating LoRA 0
****************************************************************************************************

Using internalized LoRAs for generation

****************************************************************************************************
QUESTION: when does the nba season end this year
GOLD ANSWER: ['April 11, 2018']
GENERATED ANSWER: April 11, 2018. 
{'ROUGE-1': {'precision': 1.0, 'recall': 1.0, 'f1': 1.0}, 'ROUGE-2': {'precision': 1.0, 'recall': 1.0, 'f1': 1.0}, 'ROUGE-L': {'precision': 1.0, 'recall': 1.0, 'f1': 1.0}} ACCURACY: 1.0
Generating LoRA 0
****************************************************************************************************

Using internalized LoRAs for generation

****************************************************************************************************
QUESTION: what us president is the only president to become an eagle scout
GOLD ANSWER: ['Ford']
GENERATED ANSWER: Barack Obama 
{'ROUGE-1': {'precision': 0.0, 'recall': 0.0, 'f1': 0.0}, 'ROUGE-2': {'precision': 0.0, 'recall': 0.0, 'f1': 0.0}, 'ROUGE-L': {'precision': 0.0, 'recall': 0.0, 'f1': 0.0}} ACCURACY: 0.0
Generating LoRA 0
****************************************************************************************************

Using internalized LoRAs for generation

****************************************************************************************************
QUESTION: when was the drinking age set to 21
GOLD ANSWER: ['By mid-1988']
GENERATED ANSWER: October 1986. 
{'ROUGE-1': {'precision': 0.0, 'recall': 0.0, 'f1': 0.0}, 'ROUGE-2': {'precision': 0.0, 'recall': 0.0, 'f1': 0.0}, 'ROUGE-L': {'precision': 0.0, 'recall': 0.0, 'f1': 0.0}} ACCURACY: 0.0
Generating LoRA 0
****************************************************************************************************

Using internalized LoRAs for generation

****************************************************************************************************
QUESTION: when is the womens ice skating for the olympics
GOLD ANSWER: ['21 February', '21–23 February', '23 February']
GENERATED ANSWER: 21 February 
{'ROUGE-1': {'precision': 1.0, 'recall': 1.0, 'f1': 1.0}, 'ROUGE-2': {'precision': 1.0, 'recall': 1.0, 'f1': 1.0}, 'ROUGE-L': {'precision': 1.0, 'recall': 1.0, 'f1': 1.0}} ACCURACY: 1.0
Generating LoRA 0
****************************************************************************************************

Using internalized LoRAs for generation

****************************************************************************************************
QUESTION: what position did doug peterson play in the nfl
GOLD ANSWER: ['holder on placekicks', 'quarterback']
GENERATED ANSWER: Offensive coordinator 
{'ROUGE-1': {'precision': 0.0, 'recall': 0.0, 'f1': 0.0}, 'ROUGE-2': {'precision': 0.0, 'recall': 0.0, 'f1': 0.0}, 'ROUGE-L': {'precision': 0.0, 'recall': 0.0, 'f1': 0.0}} ACCURACY: 0.0
Generating LoRA 0
****************************************************************************************************

Using internalized LoRAs for generation

****************************************************************************************************
QUESTION: who played lionel in as time goes by
GOLD ANSWER: ['Geoffrey Dyson Palmer, OBE', 'Geoffrey Dyson Palmer']
GENERATED ANSWER: Geoffrey Palmer 
{'ROUGE-1': {'precision': 1.0, 'recall': 0.6666666666666666, 'f1': 0.8}, 'ROUGE-2': {'precision': 0.0, 'recall': 0.0, 'f1': 0.0}, 'ROUGE-L': {'precision': 1.0, 'recall': 0.6666666666666666, 'f1': 0.8}} ACCURACY: 0.0
Generating LoRA 0
****************************************************************************************************

Using internalized LoRAs for generation

****************************************************************************************************
QUESTION: where does the optic nerve cross the midline ​
GOLD ANSWER: ['optic chiasm']
GENERATED ANSWER: The optic chiasm. 
{'ROUGE-1': {'precision': 0.6666666666666666, 'recall': 1.0, 'f1': 0.8}, 'ROUGE-2': {'precision': 0.5, 'recall': 1.0, 'f1': 0.6666666666666666}, 'ROUGE-L': {'precision': 0.6666666666666666, 'recall': 1.0, 'f1': 0.8}} ACCURACY: 0.0
Generating LoRA 0
****************************************************************************************************

Using internalized LoRAs for generation

****************************************************************************************************
QUESTION: what is billy last name in where the red fern grows
GOLD ANSWER: ['Colman', 'Billy Colman']
GENERATED ANSWER: The provided text does not contain the answer to the question. 
{'ROUGE-1': {'precision': 0.0, 'recall': 0.0, 'f1': 0.0}, 'ROUGE-2': {'precision': 0.0, 'recall': 0.0, 'f1': 0.0}, 'ROUGE-L': {'precision': 0.0, 'recall': 0.0, 'f1': 0.0}} ACCURACY: 0.0
Generating LoRA 0
****************************************************************************************************

Using internalized LoRAs for generation

****************************************************************************************************
QUESTION: who painted the ceiling of the florence cathedral
GOLD ANSWER: ['Giorgio Vasari', 'Federico Zuccari', 'Giorgio Vasari and Federico Zuccari']
GENERATED ANSWER: Giorgio Vasari and Federico Zuccari. 
{'ROUGE-1': {'precision': 1.0, 'recall': 1.0, 'f1': 1.0}, 'ROUGE-2': {'precision': 1.0, 'recall': 1.0, 'f1': 1.0}, 'ROUGE-L': {'precision': 1.0, 'recall': 1.0, 'f1': 1.0}} ACCURACY: 1.0
Generating LoRA 0
****************************************************************************************************

Using internalized LoRAs for generation

****************************************************************************************************
QUESTION: who sings too much time on my hands lyrics
GOLD ANSWER: ['Tommy Shaw']
GENERATED ANSWER: Tommy Shaw 
{'ROUGE-1': {'precision': 1.0, 'recall': 1.0, 'f1': 1.0}, 'ROUGE-2': {'precision': 1.0, 'recall': 1.0, 'f1': 1.0}, 'ROUGE-L': {'precision': 1.0, 'recall': 1.0, 'f1': 1.0}} ACCURACY: 1.0
Generating LoRA 0
****************************************************************************************************

Using internalized LoRAs for generation

****************************************************************************************************
QUESTION: who has hosted the most fifa world cups
GOLD ANSWER: ['Italy', 'Germany', 'France', 'Brazil', 'Mexico']
GENERATED ANSWER: Mexico and South Korea. 
{'ROUGE-1': {'precision': 0.25, 'recall': 1.0, 'f1': 0.4}, 'ROUGE-2': {'precision': 0.0, 'recall': 0.0, 'f1': 0.0}, 'ROUGE-L': {'precision': 0.25, 'recall': 1.0, 'f1': 0.4}} ACCURACY: 0.0
Generating LoRA 0
****************************************************************************************************

Using internalized LoRAs for generation

****************************************************************************************************
QUESTION: which is the lion's mane jellyfish's species within its genus
GOLD ANSWER: ['C.\xa0capillata', 'capillata', 'Cyanea capillata']
GENERATED ANSWER: Cyanea 
{'ROUGE-1': {'precision': 1.0, 'recall': 0.5, 'f1': 0.6666666666666666}, 'ROUGE-2': {'precision': 0.0, 'recall': 0.0, 'f1': 0.0}, 'ROUGE-L': {'precision': 1.0, 'recall': 0.5, 'f1': 0.6666666666666666}} ACCURACY: 0.0
Generating LoRA 0
****************************************************************************************************

Using internalized LoRAs for generation

****************************************************************************************************
QUESTION: who was the buccaneers qb when they won the superbowl
GOLD ANSWER: ['Brad Johnson']
GENERATED ANSWER: Brad Johnson 
{'ROUGE-1': {'precision': 1.0, 'recall': 1.0, 'f1': 1.0}, 'ROUGE-2': {'precision': 1.0, 'recall': 1.0, 'f1': 1.0}, 'ROUGE-L': {'precision': 1.0, 'recall': 1.0, 'f1': 1.0}} ACCURACY: 1.0
Generating LoRA 0
****************************************************************************************************

Using internalized LoRAs for generation

****************************************************************************************************
QUESTION: who did the central powers defeat on the eastern front before concentrating back on france
GOLD ANSWER: ['the Russian army']
GENERATED ANSWER: The Austro-Hungarian Army. 
{'ROUGE-1': {'precision': 0.6666666666666666, 'recall': 0.6666666666666666, 'f1': 0.6666666666666666}, 'ROUGE-2': {'precision': 0.0, 'recall': 0.0, 'f1': 0.0}, 'ROUGE-L': {'precision': 0.6666666666666666, 'recall': 0.6666666666666666, 'f1': 0.6666666666666666}} ACCURACY: 0.0
Generating LoRA 0
****************************************************************************************************

Using internalized LoRAs for generation

****************************************************************************************************
QUESTION: what kind of fish live in the salton sea
GOLD ANSWER: ['tilapia']
GENERATED ANSWER: Tilapia, threadfin shad, carp, red shiner, channel catfish, largemouth bass, mosquitofish, and desert pupfish. 
{'ROUGE-1': {'precision': 0.07142857142857142, 'recall': 1.0, 'f1': 0.13333333333333333}, 'ROUGE-2': {'precision': 0.0, 'recall': 0.0, 'f1': 0.0}, 'ROUGE-L': {'precision': 0.07142857142857142, 'recall': 1.0, 'f1': 0.13333333333333333}} ACCURACY: 0.0
Generating LoRA 0
****************************************************************************************************

Using internalized LoRAs for generation

****************************************************************************************************
QUESTION: when was the defensive 3 second rule implemented
GOLD ANSWER: ['the 2001–2002 season', '2001–2002 season']
GENERATED ANSWER: 2001–2002 season. 
{'ROUGE-1': {'precision': 1.0, 'recall': 1.0, 'f1': 1.0}, 'ROUGE-2': {'precision': 1.0, 'recall': 1.0, 'f1': 1.0}, 'ROUGE-L': {'precision': 1.0, 'recall': 1.0, 'f1': 1.0}} ACCURACY: 1.0
Generating LoRA 0
****************************************************************************************************

Using internalized LoRAs for generation

****************************************************************************************************
QUESTION: when did jack mccoy join law and order
GOLD ANSWER: ['1994']
GENERATED ANSWER: 1994 
{'ROUGE-1': {'precision': 1.0, 'recall': 1.0, 'f1': 1.0}, 'ROUGE-2': {'precision': 0.0, 'recall': 0.0, 'f1': 0.0}, 'ROUGE-L': {'precision': 1.0, 'recall': 1.0, 'f1': 1.0}} ACCURACY: 1.0
Generating LoRA 0
****************************************************************************************************

Using internalized LoRAs for generation

****************************************************************************************************
QUESTION: who are the characters in yo gabba gabba
GOLD ANSWER: ['DJ Lance Rock', 'Gooble', 'Brobee', 'Foofa', 'Muno', 'Plex', 'Toodee']
GENERATED ANSWER: Muno, Foofa, Brobee, Toodee, Plex. 
{'ROUGE-1': {'precision': 0.2, 'recall': 1.0, 'f1': 0.33333333333333337}, 'ROUGE-2': {'precision': 0.0, 'recall': 0.0, 'f1': 0.0}, 'ROUGE-L': {'precision': 0.2, 'recall': 1.0, 'f1': 0.33333333333333337}} ACCURACY: 0.0
Generating LoRA 0
****************************************************************************************************

Using internalized LoRAs for generation

****************************************************************************************************
QUESTION: who was the captain of the mayflower when it took the pilgrims to the new world
GOLD ANSWER: ['Captain Jones', 'Master Christopher Jones', 'Christopher Jones']
GENERATED ANSWER: The provided text does not contain the answer to the question. 
{'ROUGE-1': {'precision': 0.0, 'recall': 0.0, 'f1': 0.0}, 'ROUGE-2': {'precision': 0.0, 'recall': 0.0, 'f1': 0.0}, 'ROUGE-L': {'precision': 0.0, 'recall': 0.0, 'f1': 0.0}} ACCURACY: 0.0
Generating LoRA 0
****************************************************************************************************

Using internalized LoRAs for generation

****************************************************************************************************
QUESTION: name a food you might eat on thanksgiving
GOLD ANSWER: ['a large roasted turkey', 'turkey']
GENERATED ANSWER: Turkey 
{'ROUGE-1': {'precision': 1.0, 'recall': 1.0, 'f1': 1.0}, 'ROUGE-2': {'precision': 0.0, 'recall': 0.0, 'f1': 0.0}, 'ROUGE-L': {'precision': 1.0, 'recall': 1.0, 'f1': 1.0}} ACCURACY: 1.0
Generating LoRA 0
****************************************************************************************************

Using internalized LoRAs for generation

****************************************************************************************************
QUESTION: what is the longest pier in the uk
GOLD ANSWER: ['Southend Pier']
GENERATED ANSWER: The Pier is Southend-on-Sea. 
{'ROUGE-1': {'precision': 0.25, 'recall': 0.5, 'f1': 0.3333333333333333}, 'ROUGE-2': {'precision': 0.0, 'recall': 0.0, 'f1': 0.0}, 'ROUGE-L': {'precision': 0.25, 'recall': 0.5, 'f1': 0.3333333333333333}} ACCURACY: 0.0
Generating LoRA 0
****************************************************************************************************

Using internalized LoRAs for generation

****************************************************************************************************
QUESTION: who did cora marry in once upon a time
GOLD ANSWER: ['Henry']
GENERATED ANSWER: Rumplestiltskin 
{'ROUGE-1': {'precision': 0.0, 'recall': 0.0, 'f1': 0.0}, 'ROUGE-2': {'precision': 0.0, 'recall': 0.0, 'f1': 0.0}, 'ROUGE-L': {'precision': 0.0, 'recall': 0.0, 'f1': 0.0}} ACCURACY: 0.0
Generating LoRA 0
****************************************************************************************************

Using internalized LoRAs for generation

****************************************************************************************************
QUESTION: what nfl team is robert griffin the third playing for
GOLD ANSWER: ['currently a free agent']
GENERATED ANSWER: Washington Redskins 
{'ROUGE-1': {'precision': 0.0, 'recall': 0.0, 'f1': 0.0}, 'ROUGE-2': {'precision': 0.0, 'recall': 0.0, 'f1': 0.0}, 'ROUGE-L': {'precision': 0.0, 'recall': 0.0, 'f1': 0.0}} ACCURACY: 0.0
Generating LoRA 0
****************************************************************************************************

Using internalized LoRAs for generation

****************************************************************************************************
QUESTION: who owns the dower house in the archers
GOLD ANSWER: ['Lilian Bellamy', 'Caroline Sterling']
GENERATED ANSWER: Caroline Sterling. 
{'ROUGE-1': {'precision': 1.0, 'recall': 1.0, 'f1': 1.0}, 'ROUGE-2': {'precision': 1.0, 'recall': 1.0, 'f1': 1.0}, 'ROUGE-L': {'precision': 1.0, 'recall': 1.0, 'f1': 1.0}} ACCURACY: 1.0
Generating LoRA 0
****************************************************************************************************

Using internalized LoRAs for generation

****************************************************************************************************
QUESTION: who sings that aint no way to go
GOLD ANSWER: ['Brooks & Dunn']
GENERATED ANSWER: Brooks & Dunn 
{'ROUGE-1': {'precision': 1.0, 'recall': 1.0, 'f1': 1.0}, 'ROUGE-2': {'precision': 1.0, 'recall': 1.0, 'f1': 1.0}, 'ROUGE-L': {'precision': 1.0, 'recall': 1.0, 'f1': 1.0}} ACCURACY: 1.0
Generating LoRA 0
****************************************************************************************************

Using internalized LoRAs for generation

****************************************************************************************************
QUESTION: who sings why does it hurt when i pee
GOLD ANSWER: ['Frank Zappa', "Frank Zappa's"]
GENERATED ANSWER: Joe Perry 
{'ROUGE-1': {'precision': 0.0, 'recall': 0.0, 'f1': 0.0}, 'ROUGE-2': {'precision': 0.0, 'recall': 0.0, 'f1': 0.0}, 'ROUGE-L': {'precision': 0.0, 'recall': 0.0, 'f1': 0.0}} ACCURACY: 0.0
Generating LoRA 0
****************************************************************************************************

Using internalized LoRAs for generation

****************************************************************************************************
QUESTION: when does the cannes film festival take place
GOLD ANSWER: ['Cannes, France', 'usually in May']
GENERATED ANSWER: Usually in May. 
{'ROUGE-1': {'precision': 1.0, 'recall': 1.0, 'f1': 1.0}, 'ROUGE-2': {'precision': 1.0, 'recall': 1.0, 'f1': 1.0}, 'ROUGE-L': {'precision': 1.0, 'recall': 1.0, 'f1': 1.0}} ACCURACY: 1.0
Generating LoRA 0
****************************************************************************************************

Using internalized LoRAs for generation

****************************************************************************************************
QUESTION: panic at the disco song about a wedding
GOLD ANSWER: ['I Write Sins Not Tragedies']
GENERATED ANSWER: "I Write Sins Not Tragedies" 
{'ROUGE-1': {'precision': 1.0, 'recall': 1.0, 'f1': 1.0}, 'ROUGE-2': {'precision': 1.0, 'recall': 1.0, 'f1': 1.0}, 'ROUGE-L': {'precision': 1.0, 'recall': 1.0, 'f1': 1.0}} ACCURACY: 1.0
Generating LoRA 0
****************************************************************************************************

Using internalized LoRAs for generation

****************************************************************************************************
QUESTION: how many strong verbs are there in german
GOLD ANSWER: ['more than 200', 'more than 200 strong']
GENERATED ANSWER: More than 200. 
{'ROUGE-1': {'precision': 1.0, 'recall': 1.0, 'f1': 1.0}, 'ROUGE-2': {'precision': 1.0, 'recall': 1.0, 'f1': 1.0}, 'ROUGE-L': {'precision': 1.0, 'recall': 1.0, 'f1': 1.0}} ACCURACY: 1.0
Generating LoRA 0
****************************************************************************************************

Using internalized LoRAs for generation

****************************************************************************************************
QUESTION: who sings tie a yellow ribbon around the old oak tree
GOLD ANSWER: ['Joyce Vincent Wilson', 'Pamela Vincent', 'Tony Orlando and Dawn']
GENERATED ANSWER: Tony Orlando and Dawn. 
{'ROUGE-1': {'precision': 1.0, 'recall': 1.0, 'f1': 1.0}, 'ROUGE-2': {'precision': 1.0, 'recall': 1.0, 'f1': 1.0}, 'ROUGE-L': {'precision': 1.0, 'recall': 1.0, 'f1': 1.0}} ACCURACY: 1.0
Generating LoRA 0
****************************************************************************************************

Using internalized LoRAs for generation

****************************************************************************************************
QUESTION: where does patience is a virtue come from
GOLD ANSWER: ['"Psychomachia,"']
GENERATED ANSWER: The fifth century. 
{'ROUGE-1': {'precision': 0.0, 'recall': 0.0, 'f1': 0.0}, 'ROUGE-2': {'precision': 0.0, 'recall': 0.0, 'f1': 0.0}, 'ROUGE-L': {'precision': 0.0, 'recall': 0.0, 'f1': 0.0}} ACCURACY: 0.0
Generating LoRA 0
****************************************************************************************************

Using internalized LoRAs for generation

****************************************************************************************************
QUESTION: who plays elsa's aunt in once upon a time
GOLD ANSWER: ['Elizabeth Mitchell']
GENERATED ANSWER: Mary Margaret 
{'ROUGE-1': {'precision': 0.0, 'recall': 0.0, 'f1': 0.0}, 'ROUGE-2': {'precision': 0.0, 'recall': 0.0, 'f1': 0.0}, 'ROUGE-L': {'precision': 0.0, 'recall': 0.0, 'f1': 0.0}} ACCURACY: 0.0
Generating LoRA 0
****************************************************************************************************

Using internalized LoRAs for generation

****************************************************************************************************
QUESTION: where was held the first session of muslim league
GOLD ANSWER: ['Dhaka, Bangladesh', 'Lucknow']
GENERATED ANSWER: Lucknow 
{'ROUGE-1': {'precision': 1.0, 'recall': 1.0, 'f1': 1.0}, 'ROUGE-2': {'precision': 0.0, 'recall': 0.0, 'f1': 0.0}, 'ROUGE-L': {'precision': 1.0, 'recall': 1.0, 'f1': 1.0}} ACCURACY: 1.0
Generating LoRA 0
****************************************************************************************************

Using internalized LoRAs for generation

****************************************************************************************************
QUESTION: what is the name of the dragon in eragon
GOLD ANSWER: ['Saphira']
GENERATED ANSWER: Saphira 
{'ROUGE-1': {'precision': 1.0, 'recall': 1.0, 'f1': 1.0}, 'ROUGE-2': {'precision': 0.0, 'recall': 0.0, 'f1': 0.0}, 'ROUGE-L': {'precision': 1.0, 'recall': 1.0, 'f1': 1.0}} ACCURACY: 1.0
Generating LoRA 0
****************************************************************************************************

Using internalized LoRAs for generation

****************************************************************************************************
QUESTION: points outside the production possibilities curve represent combinations of products that are
GOLD ANSWER: ['unattainable']
GENERATED ANSWER: unattainable. 
{'ROUGE-1': {'precision': 1.0, 'recall': 1.0, 'f1': 1.0}, 'ROUGE-2': {'precision': 0.0, 'recall': 0.0, 'f1': 0.0}, 'ROUGE-L': {'precision': 1.0, 'recall': 1.0, 'f1': 1.0}} ACCURACY: 1.0
Generating LoRA 0
****************************************************************************************************

Using internalized LoRAs for generation

****************************************************************************************************
QUESTION: what is the largest magnitude earthquake that has occurred in the pacific northwest
GOLD ANSWER: ['The 1700 Cascadia earthquake']
GENERATED ANSWER: 8.7 
{'ROUGE-1': {'precision': 0.0, 'recall': 0.0, 'f1': 0.0}, 'ROUGE-2': {'precision': 0.0, 'recall': 0.0, 'f1': 0.0}, 'ROUGE-L': {'precision': 0.0, 'recall': 0.0, 'f1': 0.0}} ACCURACY: 0.0
Generating LoRA 0
****************************************************************************************************

Using internalized LoRAs for generation

****************************************************************************************************
QUESTION: when does the champions league quarter finals start
GOLD ANSWER: ['16 March 2018', '3–4 April 2018']
GENERATED ANSWER: 16 March 2018 
{'ROUGE-1': {'precision': 1.0, 'recall': 1.0, 'f1': 1.0}, 'ROUGE-2': {'precision': 1.0, 'recall': 1.0, 'f1': 1.0}, 'ROUGE-L': {'precision': 1.0, 'recall': 1.0, 'f1': 1.0}} ACCURACY: 1.0
Generating LoRA 0
****************************************************************************************************

Using internalized LoRAs for generation

****************************************************************************************************
QUESTION: who is the head a in pretty little liars
GOLD ANSWER: ['CeCe Drake']
GENERATED ANSWER: CeCe Drake 
{'ROUGE-1': {'precision': 1.0, 'recall': 1.0, 'f1': 1.0}, 'ROUGE-2': {'precision': 1.0, 'recall': 1.0, 'f1': 1.0}, 'ROUGE-L': {'precision': 1.0, 'recall': 1.0, 'f1': 1.0}} ACCURACY: 1.0
Generating LoRA 0
****************************************************************************************************

Using internalized LoRAs for generation

****************************************************************************************************
QUESTION: when did the term sustainability start to be used
GOLD ANSWER: ['1987']
GENERATED ANSWER: 1987 
{'ROUGE-1': {'precision': 1.0, 'recall': 1.0, 'f1': 1.0}, 'ROUGE-2': {'precision': 0.0, 'recall': 0.0, 'f1': 0.0}, 'ROUGE-L': {'precision': 1.0, 'recall': 1.0, 'f1': 1.0}} ACCURACY: 1.0
Generating LoRA 0
****************************************************************************************************

Using internalized LoRAs for generation

****************************************************************************************************
QUESTION: where was the killing of a sacred deer filmed
GOLD ANSWER: ['Cincinnati']
GENERATED ANSWER: Cincinnati 
{'ROUGE-1': {'precision': 1.0, 'recall': 1.0, 'f1': 1.0}, 'ROUGE-2': {'precision': 0.0, 'recall': 0.0, 'f1': 0.0}, 'ROUGE-L': {'precision': 1.0, 'recall': 1.0, 'f1': 1.0}} ACCURACY: 1.0
Generating LoRA 0
****************************************************************************************************

Using internalized LoRAs for generation

****************************************************************************************************
QUESTION: how much energy does coal produce in the us
GOLD ANSWER: ['16.5 quadrillion BTUs', '30.4%']
GENERATED ANSWER: 39% 
{'ROUGE-1': {'precision': 0.0, 'recall': 0.0, 'f1': 0.0}, 'ROUGE-2': {'precision': 0.0, 'recall': 0.0, 'f1': 0.0}, 'ROUGE-L': {'precision': 0.0, 'recall': 0.0, 'f1': 0.0}} ACCURACY: 0.0
Generating LoRA 0
****************************************************************************************************

Using internalized LoRAs for generation

****************************************************************************************************
QUESTION: who was the killer in the movie i know what you did last summer
GOLD ANSWER: ['Ben Willis']
GENERATED ANSWER: Ben Willis 
{'ROUGE-1': {'precision': 1.0, 'recall': 1.0, 'f1': 1.0}, 'ROUGE-2': {'precision': 1.0, 'recall': 1.0, 'f1': 1.0}, 'ROUGE-L': {'precision': 1.0, 'recall': 1.0, 'f1': 1.0}} ACCURACY: 1.0
Generating LoRA 0
****************************************************************************************************

Using internalized LoRAs for generation

****************************************************************************************************
QUESTION: what new deal program limited production in industry
GOLD ANSWER: ['National Industrial Recovery Act', 'NIRA']
GENERATED ANSWER: The NIRA. 
{'ROUGE-1': {'precision': 0.5, 'recall': 1.0, 'f1': 0.6666666666666666}, 'ROUGE-2': {'precision': 0.0, 'recall': 0.0, 'f1': 0.0}, 'ROUGE-L': {'precision': 0.5, 'recall': 1.0, 'f1': 0.6666666666666666}} ACCURACY: 0.0
Generating LoRA 0
****************************************************************************************************

Using internalized LoRAs for generation

****************************************************************************************************
QUESTION: fast & furious 8 release date in india
GOLD ANSWER: ['April 12, 2017']
GENERATED ANSWER: April 12, 2017. 
{'ROUGE-1': {'precision': 1.0, 'recall': 1.0, 'f1': 1.0}, 'ROUGE-2': {'precision': 1.0, 'recall': 1.0, 'f1': 1.0}, 'ROUGE-L': {'precision': 1.0, 'recall': 1.0, 'f1': 1.0}} ACCURACY: 1.0
Generating LoRA 0
****************************************************************************************************

Using internalized LoRAs for generation

****************************************************************************************************
QUESTION: the group that officially elects the president of the united states is called
GOLD ANSWER: ['the U.S. Electoral College', 'U.S. Electoral College']
GENERATED ANSWER: The Electoral College 
{'ROUGE-1': {'precision': 1.0, 'recall': 0.75, 'f1': 0.8571428571428571}, 'ROUGE-2': {'precision': 0.5, 'recall': 0.5, 'f1': 0.5}, 'ROUGE-L': {'precision': 1.0, 'recall': 0.75, 'f1': 0.8571428571428571}} ACCURACY: 0.0
Generating LoRA 0
****************************************************************************************************

Using internalized LoRAs for generation

****************************************************************************************************
QUESTION: who played raquel in only fools and horses
GOLD ANSWER: ['Tessa Peake-Jones']
GENERATED ANSWER: Tessa Peake-Jones 
{'ROUGE-1': {'precision': 1.0, 'recall': 1.0, 'f1': 1.0}, 'ROUGE-2': {'precision': 1.0, 'recall': 1.0, 'f1': 1.0}, 'ROUGE-L': {'precision': 1.0, 'recall': 1.0, 'f1': 1.0}} ACCURACY: 1.0
Generating LoRA 0
****************************************************************************************************

Using internalized LoRAs for generation

****************************************************************************************************
QUESTION: what type of political system does el salvador have
GOLD ANSWER: ['a presidential representative democratic republic', '"flawed democracy"', 'presidential representative democratic republic']
GENERATED ANSWER: Presidential representative democratic republic. 
{'ROUGE-1': {'precision': 1.0, 'recall': 1.0, 'f1': 1.0}, 'ROUGE-2': {'precision': 1.0, 'recall': 1.0, 'f1': 1.0}, 'ROUGE-L': {'precision': 1.0, 'recall': 1.0, 'f1': 1.0}} ACCURACY: 1.0
Generating LoRA 0
****************************************************************************************************

Using internalized LoRAs for generation

****************************************************************************************************
QUESTION: when did they stop making pull tabs on beer cans
GOLD ANSWER: ['1990', '1970s']
GENERATED ANSWER: The provided text does not contain the answer to your question. 
{'ROUGE-1': {'precision': 0.0, 'recall': 0.0, 'f1': 0.0}, 'ROUGE-2': {'precision': 0.0, 'recall': 0.0, 'f1': 0.0}, 'ROUGE-L': {'precision': 0.0, 'recall': 0.0, 'f1': 0.0}} ACCURACY: 0.0
Generating LoRA 0
****************************************************************************************************

Using internalized LoRAs for generation

****************************************************************************************************
QUESTION: when does the movie jeepers creepers come out
GOLD ANSWER: ['September 26, 2017']
GENERATED ANSWER: September 26, 2017. 
{'ROUGE-1': {'precision': 1.0, 'recall': 1.0, 'f1': 1.0}, 'ROUGE-2': {'precision': 1.0, 'recall': 1.0, 'f1': 1.0}, 'ROUGE-L': {'precision': 1.0, 'recall': 1.0, 'f1': 1.0}} ACCURACY: 1.0
Generating LoRA 0
****************************************************************************************************

Using internalized LoRAs for generation

****************************************************************************************************
QUESTION: when did how you remind me come out
GOLD ANSWER: ['August\xa021,\xa02001', 'August 21, 2001']
GENERATED ANSWER: 2001 
{'ROUGE-1': {'precision': 1.0, 'recall': 0.3333333333333333, 'f1': 0.5}, 'ROUGE-2': {'precision': 0.0, 'recall': 0.0, 'f1': 0.0}, 'ROUGE-L': {'precision': 1.0, 'recall': 0.3333333333333333, 'f1': 0.5}} ACCURACY: 0.0
Generating LoRA 0
****************************************************************************************************

Using internalized LoRAs for generation

****************************************************************************************************
QUESTION: the joint between a coxal bone of the pelvis and the sacrum
GOLD ANSWER: ['sacroiliac joint']
GENERATED ANSWER: Sacroiliac joint 
{'ROUGE-1': {'precision': 1.0, 'recall': 1.0, 'f1': 1.0}, 'ROUGE-2': {'precision': 1.0, 'recall': 1.0, 'f1': 1.0}, 'ROUGE-L': {'precision': 1.0, 'recall': 1.0, 'f1': 1.0}} ACCURACY: 1.0
Generating LoRA 0
****************************************************************************************************

Using internalized LoRAs for generation

****************************************************************************************************
QUESTION: what is the song in red dead redemption
GOLD ANSWER: ['Far Away']
GENERATED ANSWER: "Far Away" by José González 
{'ROUGE-1': {'precision': 0.4, 'recall': 1.0, 'f1': 0.5714285714285715}, 'ROUGE-2': {'precision': 0.25, 'recall': 1.0, 'f1': 0.4}, 'ROUGE-L': {'precision': 0.4, 'recall': 1.0, 'f1': 0.5714285714285715}} ACCURACY: 0.0
Generating LoRA 0
****************************************************************************************************

Using internalized LoRAs for generation

****************************************************************************************************
QUESTION: when did stephen curry won the mvp award
GOLD ANSWER: ['2015,', '2015', '2014–15', '2016']
GENERATED ANSWER: 2015–16 
{'ROUGE-1': {'precision': 0.0, 'recall': 0.0, 'f1': 0.0}, 'ROUGE-2': {'precision': 0.0, 'recall': 0.0, 'f1': 0.0}, 'ROUGE-L': {'precision': 0.0, 'recall': 0.0, 'f1': 0.0}} ACCURACY: 0.0
Generating LoRA 0
****************************************************************************************************

Using internalized LoRAs for generation

****************************************************************************************************
QUESTION: who ran the fastest 40 yard dash in the nfl
GOLD ANSWER: ['Jakeem Grant', 'John Ross']
GENERATED ANSWER: Deion Sanders 
{'ROUGE-1': {'precision': 0.0, 'recall': 0.0, 'f1': 0.0}, 'ROUGE-2': {'precision': 0.0, 'recall': 0.0, 'f1': 0.0}, 'ROUGE-L': {'precision': 0.0, 'recall': 0.0, 'f1': 0.0}} ACCURACY: 0.0
Generating LoRA 0
****************************************************************************************************

Using internalized LoRAs for generation

****************************************************************************************************
QUESTION: whats the difference between tomato paste and tomato puree
GOLD ANSWER: ['consistency']
GENERATED ANSWER: Tomato paste has a thicker consistency and a deeper flavor than tomato puree. 
{'ROUGE-1': {'precision': 0.07692307692307693, 'recall': 1.0, 'f1': 0.14285714285714288}, 'ROUGE-2': {'precision': 0.0, 'recall': 0.0, 'f1': 0.0}, 'ROUGE-L': {'precision': 0.07692307692307693, 'recall': 1.0, 'f1': 0.14285714285714288}} ACCURACY: 0.0
Generating LoRA 0
****************************************************************************************************

Using internalized LoRAs for generation

****************************************************************************************************
QUESTION: what type of plate boundary is associated with iceland and its volcanic eruptions
GOLD ANSWER: ['divergent tectonic plate boundary', 'a divergent tectonic plate boundary', 'the mid-Atlantic Ridge']
GENERATED ANSWER: Divergent 
{'ROUGE-1': {'precision': 1.0, 'recall': 0.25, 'f1': 0.4}, 'ROUGE-2': {'precision': 0.0, 'recall': 0.0, 'f1': 0.0}, 'ROUGE-L': {'precision': 1.0, 'recall': 0.25, 'f1': 0.4}} ACCURACY: 0.0
Generating LoRA 0
****************************************************************************************************

Using internalized LoRAs for generation

****************************************************************************************************
QUESTION: who is the presiding officer of legislative council in india
GOLD ANSWER: ['Chairman']
GENERATED ANSWER: The Presiding Officer of the Legislative Council in India is not specified in the provided text. 
{'ROUGE-1': {'precision': 0.0, 'recall': 0.0, 'f1': 0.0}, 'ROUGE-2': {'precision': 0.0, 'recall': 0.0, 'f1': 0.0}, 'ROUGE-L': {'precision': 0.0, 'recall': 0.0, 'f1': 0.0}} ACCURACY: 0.0
Generating LoRA 0
****************************************************************************************************

Using internalized LoRAs for generation

****************************************************************************************************
QUESTION: when was son of a preacher man released
GOLD ANSWER: ['late 1968', 'November 8, 1968']
GENERATED ANSWER: Late 1968. 
{'ROUGE-1': {'precision': 1.0, 'recall': 1.0, 'f1': 1.0}, 'ROUGE-2': {'precision': 1.0, 'recall': 1.0, 'f1': 1.0}, 'ROUGE-L': {'precision': 1.0, 'recall': 1.0, 'f1': 1.0}} ACCURACY: 1.0
Generating LoRA 0
****************************************************************************************************

Using internalized LoRAs for generation

****************************************************************************************************
QUESTION: when did the first train run in england
GOLD ANSWER: ['1560s', 'As early as 1671', '1830', '1804']
GENERATED ANSWER: The provided text does not contain the answer to your question. 
{'ROUGE-1': {'precision': 0.0, 'recall': 0.0, 'f1': 0.0}, 'ROUGE-2': {'precision': 0.0, 'recall': 0.0, 'f1': 0.0}, 'ROUGE-L': {'precision': 0.0, 'recall': 0.0, 'f1': 0.0}} ACCURACY: 0.0
Generating LoRA 0
****************************************************************************************************

Using internalized LoRAs for generation

****************************************************************************************************
QUESTION: when did the united kingdom entered world war 2
GOLD ANSWER: ['1939']
GENERATED ANSWER: On 3 September 1939. 
{'ROUGE-1': {'precision': 0.25, 'recall': 1.0, 'f1': 0.4}, 'ROUGE-2': {'precision': 0.0, 'recall': 0.0, 'f1': 0.0}, 'ROUGE-L': {'precision': 0.25, 'recall': 1.0, 'f1': 0.4}} ACCURACY: 0.0
Generating LoRA 0
****************************************************************************************************

Using internalized LoRAs for generation

****************************************************************************************************
QUESTION: who invented the cornell method of note taking
GOLD ANSWER: ['Walter Pauk']
GENERATED ANSWER: Walter Pauk 
{'ROUGE-1': {'precision': 1.0, 'recall': 1.0, 'f1': 1.0}, 'ROUGE-2': {'precision': 1.0, 'recall': 1.0, 'f1': 1.0}, 'ROUGE-L': {'precision': 1.0, 'recall': 1.0, 'f1': 1.0}} ACCURACY: 1.0
Generating LoRA 0
****************************************************************************************************

Using internalized LoRAs for generation

****************************************************************************************************
QUESTION: who sings will you still love me when i'm not young and beautiful
GOLD ANSWER: ['Lana Del Rey']
GENERATED ANSWER: Lana Del Rey 
{'ROUGE-1': {'precision': 1.0, 'recall': 1.0, 'f1': 1.0}, 'ROUGE-2': {'precision': 1.0, 'recall': 1.0, 'f1': 1.0}, 'ROUGE-L': {'precision': 1.0, 'recall': 1.0, 'f1': 1.0}} ACCURACY: 1.0
Generating LoRA 0
****************************************************************************************************

Using internalized LoRAs for generation

****************************************************************************************************
QUESTION: when did world war 2 officially start and end
GOLD ANSWER: ['1939', '1945', '2\xa0September\xa01945', '1\xa0September\xa01939']
GENERATED ANSWER: 1939 to 1945 
{'ROUGE-1': {'precision': 0.3333333333333333, 'recall': 1.0, 'f1': 0.5}, 'ROUGE-2': {'precision': 0.0, 'recall': 0.0, 'f1': 0.0}, 'ROUGE-L': {'precision': 0.3333333333333333, 'recall': 1.0, 'f1': 0.5}} ACCURACY: 0.0
Generating LoRA 0
****************************************************************************************************

Using internalized LoRAs for generation

****************************************************************************************************
QUESTION: factories that assemble parts made in other countries
GOLD ANSWER: ['special economic zones']
GENERATED ANSWER: Maquiladoras 
{'ROUGE-1': {'precision': 0.0, 'recall': 0.0, 'f1': 0.0}, 'ROUGE-2': {'precision': 0.0, 'recall': 0.0, 'f1': 0.0}, 'ROUGE-L': {'precision': 0.0, 'recall': 0.0, 'f1': 0.0}} ACCURACY: 0.0
Generating LoRA 0
****************************************************************************************************

Using internalized LoRAs for generation

****************************************************************************************************
QUESTION: what type of song is what a wonderful world
GOLD ANSWER: ['a pop ballad', 'jazz', 'pop ballad', 'Traditional pop']
GENERATED ANSWER: Pop ballad 
{'ROUGE-1': {'precision': 1.0, 'recall': 1.0, 'f1': 1.0}, 'ROUGE-2': {'precision': 1.0, 'recall': 1.0, 'f1': 1.0}, 'ROUGE-L': {'precision': 1.0, 'recall': 1.0, 'f1': 1.0}} ACCURACY: 1.0
Generating LoRA 0
****************************************************************************************************

Using internalized LoRAs for generation

****************************************************************************************************
QUESTION: tujhe dekha toh yeh jana sanam movie name
GOLD ANSWER: ['Dilwale Dulhania Le Jayenge']
GENERATED ANSWER: Tujhe Dekha Toh Yeh Jana Sanam 
{'ROUGE-1': {'precision': 0.0, 'recall': 0.0, 'f1': 0.0}, 'ROUGE-2': {'precision': 0.0, 'recall': 0.0, 'f1': 0.0}, 'ROUGE-L': {'precision': 0.0, 'recall': 0.0, 'f1': 0.0}} ACCURACY: 0.0
Generating LoRA 0
****************************************************************************************************

Using internalized LoRAs for generation

****************************************************************************************************
QUESTION: who wrote antigone and what are the dates of his birth and death
GOLD ANSWER: ['winter 406/5 BC', 'c. 497/6', 'Sophocles']
GENERATED ANSWER: Sophocles wrote Antigone.  His birth date is unknown, and his death date is winter 406/405 BC. 
{'ROUGE-1': {'precision': 0.125, 'recall': 0.6666666666666666, 'f1': 0.21052631578947367}, 'ROUGE-2': {'precision': 0.0, 'recall': 0.0, 'f1': 0.0}, 'ROUGE-L': {'precision': 0.125, 'recall': 0.6666666666666666, 'f1': 0.21052631578947367}} ACCURACY: 0.0
Generating LoRA 0
****************************************************************************************************

Using internalized LoRAs for generation

****************************************************************************************************
QUESTION: what is the name of the hyena in lion king
GOLD ANSWER: ['Banzai', 'Shenzi', 'Ed']
GENERATED ANSWER: Shenzi 
{'ROUGE-1': {'precision': 1.0, 'recall': 1.0, 'f1': 1.0}, 'ROUGE-2': {'precision': 0.0, 'recall': 0.0, 'f1': 0.0}, 'ROUGE-L': {'precision': 1.0, 'recall': 1.0, 'f1': 1.0}} ACCURACY: 1.0
Generating LoRA 0
****************************************************************************************************

Using internalized LoRAs for generation

****************************************************************************************************
QUESTION: where does the white witch live in narnia
GOLD ANSWER: ['her castle']
GENERATED ANSWER: The White Witch's castle. 
{'ROUGE-1': {'precision': 0.25, 'recall': 0.5, 'f1': 0.3333333333333333}, 'ROUGE-2': {'precision': 0.0, 'recall': 0.0, 'f1': 0.0}, 'ROUGE-L': {'precision': 0.25, 'recall': 0.5, 'f1': 0.3333333333333333}} ACCURACY: 0.0
Generating LoRA 0
****************************************************************************************************

Using internalized LoRAs for generation

****************************************************************************************************
QUESTION: who kills barry's mom in the flash
GOLD ANSWER: ['Professor Eobard Thawne', 'Thawne']
GENERATED ANSWER: Thawne. 
{'ROUGE-1': {'precision': 1.0, 'recall': 1.0, 'f1': 1.0}, 'ROUGE-2': {'precision': 0.0, 'recall': 0.0, 'f1': 0.0}, 'ROUGE-L': {'precision': 1.0, 'recall': 1.0, 'f1': 1.0}} ACCURACY: 1.0
Generating LoRA 0
****************************************************************************************************

Using internalized LoRAs for generation

****************************************************************************************************
QUESTION: who is the book of acts written to
GOLD ANSWER: ['Jewish audiences', 'to Jewish audiences']
GENERATED ANSWER: The book of Acts is written to the Jews. 
{'ROUGE-1': {'precision': 0.1111111111111111, 'recall': 0.3333333333333333, 'f1': 0.16666666666666666}, 'ROUGE-2': {'precision': 0.0, 'recall': 0.0, 'f1': 0.0}, 'ROUGE-L': {'precision': 0.1111111111111111, 'recall': 0.3333333333333333, 'f1': 0.16666666666666666}} ACCURACY: 0.0
Generating LoRA 0
****************************************************************************************************

Using internalized LoRAs for generation

****************************************************************************************************
QUESTION: what is the meaning of the name gomez
GOLD ANSWER: ['man']
GENERATED ANSWER: The name Gomez is derived from the Visigothic word "guma" which means "man". 
{'ROUGE-1': {'precision': 0.07692307692307693, 'recall': 1.0, 'f1': 0.14285714285714288}, 'ROUGE-2': {'precision': 0.0, 'recall': 0.0, 'f1': 0.0}, 'ROUGE-L': {'precision': 0.07692307692307693, 'recall': 1.0, 'f1': 0.14285714285714288}} ACCURACY: 0.0
Generating LoRA 0
****************************************************************************************************

Using internalized LoRAs for generation

****************************************************************************************************
QUESTION: how long have we been celebrating pi day
GOLD ANSWER: ['1988', '2009']
GENERATED ANSWER: Since 1988. 
{'ROUGE-1': {'precision': 0.5, 'recall': 1.0, 'f1': 0.6666666666666666}, 'ROUGE-2': {'precision': 0.0, 'recall': 0.0, 'f1': 0.0}, 'ROUGE-L': {'precision': 0.5, 'recall': 1.0, 'f1': 0.6666666666666666}} ACCURACY: 0.0
Generating LoRA 0
****************************************************************************************************

Using internalized LoRAs for generation

****************************************************************************************************
QUESTION: who won the mvp for the national league
GOLD ANSWER: ['Stanton, Giancarlo', 'Giancarlo Stanton']
GENERATED ANSWER: Willie Stargell 
{'ROUGE-1': {'precision': 0.0, 'recall': 0.0, 'f1': 0.0}, 'ROUGE-2': {'precision': 0.0, 'recall': 0.0, 'f1': 0.0}, 'ROUGE-L': {'precision': 0.0, 'recall': 0.0, 'f1': 0.0}} ACCURACY: 0.0
Generating LoRA 0
****************************************************************************************************

Using internalized LoRAs for generation

****************************************************************************************************
QUESTION: when does the new death of superman come out
GOLD ANSWER: ['2019', '2018', 'in 2018 and 2019', 'late 2018']
GENERATED ANSWER: 2018 and 2019. 
{'ROUGE-1': {'precision': 1.0, 'recall': 0.75, 'f1': 0.8571428571428571}, 'ROUGE-2': {'precision': 1.0, 'recall': 0.6666666666666666, 'f1': 0.8}, 'ROUGE-L': {'precision': 1.0, 'recall': 0.75, 'f1': 0.8571428571428571}} ACCURACY: 0.0
Generating LoRA 0
****************************************************************************************************

Using internalized LoRAs for generation

****************************************************************************************************
QUESTION: who started the state of the union address
GOLD ANSWER: ['Woodrow Wilson']
GENERATED ANSWER: Woodrow Wilson 
{'ROUGE-1': {'precision': 1.0, 'recall': 1.0, 'f1': 1.0}, 'ROUGE-2': {'precision': 1.0, 'recall': 1.0, 'f1': 1.0}, 'ROUGE-L': {'precision': 1.0, 'recall': 1.0, 'f1': 1.0}} ACCURACY: 1.0
Generating LoRA 0
****************************************************************************************************

Using internalized LoRAs for generation

****************************************************************************************************
QUESTION: when was a series of unfortunate events published
GOLD ANSWER: ['September 1999']
GENERATED ANSWER: September 1999 
{'ROUGE-1': {'precision': 1.0, 'recall': 1.0, 'f1': 1.0}, 'ROUGE-2': {'precision': 1.0, 'recall': 1.0, 'f1': 1.0}, 'ROUGE-L': {'precision': 1.0, 'recall': 1.0, 'f1': 1.0}} ACCURACY: 1.0
Generating LoRA 0
****************************************************************************************************

Using internalized LoRAs for generation

****************************************************************************************************
QUESTION: when is the last time the vikings were in the nfc championship
GOLD ANSWER: ['1976', '2017/18']
GENERATED ANSWER: 2017 
{'ROUGE-1': {'precision': 0.0, 'recall': 0.0, 'f1': 0.0}, 'ROUGE-2': {'precision': 0.0, 'recall': 0.0, 'f1': 0.0}, 'ROUGE-L': {'precision': 0.0, 'recall': 0.0, 'f1': 0.0}} ACCURACY: 0.0
Generating LoRA 0
****************************************************************************************************

Using internalized LoRAs for generation

****************************************************************************************************
QUESTION: who produced a change is gonna come
GOLD ANSWER: ['Hugo & Luigi']
GENERATED ANSWER: RCA Victor 
{'ROUGE-1': {'precision': 0.0, 'recall': 0.0, 'f1': 0.0}, 'ROUGE-2': {'precision': 0.0, 'recall': 0.0, 'f1': 0.0}, 'ROUGE-L': {'precision': 0.0, 'recall': 0.0, 'f1': 0.0}} ACCURACY: 0.0
Generating LoRA 0
****************************************************************************************************

Using internalized LoRAs for generation

****************************************************************************************************
QUESTION: when did fortnite battle royal come out on xbox
GOLD ANSWER: ['September 2017']
GENERATED ANSWER: September 2017. 
{'ROUGE-1': {'precision': 1.0, 'recall': 1.0, 'f1': 1.0}, 'ROUGE-2': {'precision': 1.0, 'recall': 1.0, 'f1': 1.0}, 'ROUGE-L': {'precision': 1.0, 'recall': 1.0, 'f1': 1.0}} ACCURACY: 1.0
Generating LoRA 0
****************************************************************************************************

Using internalized LoRAs for generation

****************************************************************************************************
QUESTION: when did movies start coming out in color
GOLD ANSWER: ['introduced around 1940', '1895']
GENERATED ANSWER: 1895 
{'ROUGE-1': {'precision': 1.0, 'recall': 1.0, 'f1': 1.0}, 'ROUGE-2': {'precision': 0.0, 'recall': 0.0, 'f1': 0.0}, 'ROUGE-L': {'precision': 1.0, 'recall': 1.0, 'f1': 1.0}} ACCURACY: 1.0
Generating LoRA 0
****************************************************************************************************

Using internalized LoRAs for generation

****************************************************************************************************
QUESTION: who wrote knock knock knocking on heavens door
GOLD ANSWER: ['Bob Dylan']
GENERATED ANSWER: Bob Dylan 
{'ROUGE-1': {'precision': 1.0, 'recall': 1.0, 'f1': 1.0}, 'ROUGE-2': {'precision': 1.0, 'recall': 1.0, 'f1': 1.0}, 'ROUGE-L': {'precision': 1.0, 'recall': 1.0, 'f1': 1.0}} ACCURACY: 1.0
Generating LoRA 0
****************************************************************************************************

Using internalized LoRAs for generation

****************************************************************************************************
QUESTION: who plays stacey's mum in gavin and stacey
GOLD ANSWER: ['Melanie Walters']
GENERATED ANSWER: Alison Steadman 
{'ROUGE-1': {'precision': 0.0, 'recall': 0.0, 'f1': 0.0}, 'ROUGE-2': {'precision': 0.0, 'recall': 0.0, 'f1': 0.0}, 'ROUGE-L': {'precision': 0.0, 'recall': 0.0, 'f1': 0.0}} ACCURACY: 0.0
Generating LoRA 0
****************************************************************************************************

Using internalized LoRAs for generation

****************************************************************************************************
QUESTION: when did amnesia the dark descent come out
GOLD ANSWER: ['8 September 2010']
GENERATED ANSWER: 8 September 2010. 
{'ROUGE-1': {'precision': 1.0, 'recall': 1.0, 'f1': 1.0}, 'ROUGE-2': {'precision': 1.0, 'recall': 1.0, 'f1': 1.0}, 'ROUGE-L': {'precision': 1.0, 'recall': 1.0, 'f1': 1.0}} ACCURACY: 1.0
Generating LoRA 0
****************************************************************************************************

Using internalized LoRAs for generation

****************************************************************************************************
QUESTION: where is this years army navy game played
GOLD ANSWER: ['Lincoln Financial Field in Philadelphia', 'Lincoln Financial Field']
GENERATED ANSWER: MetLife Stadium 
{'ROUGE-1': {'precision': 0.0, 'recall': 0.0, 'f1': 0.0}, 'ROUGE-2': {'precision': 0.0, 'recall': 0.0, 'f1': 0.0}, 'ROUGE-L': {'precision': 0.0, 'recall': 0.0, 'f1': 0.0}} ACCURACY: 0.0
Generating LoRA 0
****************************************************************************************************

Using internalized LoRAs for generation

****************************************************************************************************
QUESTION: dendrites and cell bodies are components of what type of matter found in the brain
GOLD ANSWER: ['gray', 'Grey matter']
GENERATED ANSWER: Grey matter 
{'ROUGE-1': {'precision': 1.0, 'recall': 1.0, 'f1': 1.0}, 'ROUGE-2': {'precision': 1.0, 'recall': 1.0, 'f1': 1.0}, 'ROUGE-L': {'precision': 1.0, 'recall': 1.0, 'f1': 1.0}} ACCURACY: 1.0
Generating LoRA 0
****************************************************************************************************

Using internalized LoRAs for generation

****************************************************************************************************
QUESTION: how long is the famous suspension bridge in san francisco and what is it called
GOLD ANSWER: ['one-mile-wide', 'Golden Gate Bridge']
GENERATED ANSWER: One mile-long, Golden Gate Bridge. 
{'ROUGE-1': {'precision': 0.6, 'recall': 1.0, 'f1': 0.7499999999999999}, 'ROUGE-2': {'precision': 0.5, 'recall': 1.0, 'f1': 0.6666666666666666}, 'ROUGE-L': {'precision': 0.6, 'recall': 1.0, 'f1': 0.7499999999999999}} ACCURACY: 0.0
Generating LoRA 0
****************************************************************************************************

Using internalized LoRAs for generation

****************************************************************************************************
QUESTION: who sings i want to dance with you
GOLD ANSWER: ['George Strait']
GENERATED ANSWER: John Prine 
{'ROUGE-1': {'precision': 0.0, 'recall': 0.0, 'f1': 0.0}, 'ROUGE-2': {'precision': 0.0, 'recall': 0.0, 'f1': 0.0}, 'ROUGE-L': {'precision': 0.0, 'recall': 0.0, 'f1': 0.0}} ACCURACY: 0.0
Generating LoRA 0
****************************************************************************************************

Using internalized LoRAs for generation

****************************************************************************************************
QUESTION: who sang the song you got a friend in me
GOLD ANSWER: ['Lyle Lovett', 'Randy Newman']
GENERATED ANSWER: Randy Newman 
{'ROUGE-1': {'precision': 1.0, 'recall': 1.0, 'f1': 1.0}, 'ROUGE-2': {'precision': 1.0, 'recall': 1.0, 'f1': 1.0}, 'ROUGE-L': {'precision': 1.0, 'recall': 1.0, 'f1': 1.0}} ACCURACY: 1.0
Generating LoRA 0
****************************************************************************************************

Using internalized LoRAs for generation

****************************************************************************************************
QUESTION: where does a wrinkle in time take place
GOLD ANSWER: ['Connecticut']
GENERATED ANSWER: An unnamed village in Connecticut. 
{'ROUGE-1': {'precision': 0.2, 'recall': 1.0, 'f1': 0.33333333333333337}, 'ROUGE-2': {'precision': 0.0, 'recall': 0.0, 'f1': 0.0}, 'ROUGE-L': {'precision': 0.2, 'recall': 1.0, 'f1': 0.33333333333333337}} ACCURACY: 0.0
Generating LoRA 0
****************************************************************************************************

Using internalized LoRAs for generation

****************************************************************************************************
QUESTION: who said the poison is in the dose
GOLD ANSWER: ['credited to Paracelsus', 'Paracelsus']
GENERATED ANSWER: Paracelsus 
{'ROUGE-1': {'precision': 1.0, 'recall': 1.0, 'f1': 1.0}, 'ROUGE-2': {'precision': 0.0, 'recall': 0.0, 'f1': 0.0}, 'ROUGE-L': {'precision': 1.0, 'recall': 1.0, 'f1': 1.0}} ACCURACY: 1.0
Generating LoRA 0
****************************************************************************************************

Using internalized LoRAs for generation

****************************************************************************************************
QUESTION: the outer layer of the skin that contains no blood or nerve supply is the
GOLD ANSWER: ['epidermis']
GENERATED ANSWER: epidermis 
{'ROUGE-1': {'precision': 1.0, 'recall': 1.0, 'f1': 1.0}, 'ROUGE-2': {'precision': 0.0, 'recall': 0.0, 'f1': 0.0}, 'ROUGE-L': {'precision': 1.0, 'recall': 1.0, 'f1': 1.0}} ACCURACY: 1.0
Generating LoRA 0
****************************************************************************************************

Using internalized LoRAs for generation

****************************************************************************************************
QUESTION: what year did seven nation army come out
GOLD ANSWER: ['2003', 'March 2003']
GENERATED ANSWER: 2003 
{'ROUGE-1': {'precision': 1.0, 'recall': 1.0, 'f1': 1.0}, 'ROUGE-2': {'precision': 0.0, 'recall': 0.0, 'f1': 0.0}, 'ROUGE-L': {'precision': 1.0, 'recall': 1.0, 'f1': 1.0}} ACCURACY: 1.0
Generating LoRA 0
****************************************************************************************************

Using internalized LoRAs for generation

****************************************************************************************************
QUESTION: when did canada get rid of the death penalty
GOLD ANSWER: ['July 14, 1976', '1976', '1998']
GENERATED ANSWER: 1998. 
{'ROUGE-1': {'precision': 1.0, 'recall': 1.0, 'f1': 1.0}, 'ROUGE-2': {'precision': 0.0, 'recall': 0.0, 'f1': 0.0}, 'ROUGE-L': {'precision': 1.0, 'recall': 1.0, 'f1': 1.0}} ACCURACY: 1.0
Generating LoRA 0
****************************************************************************************************

Using internalized LoRAs for generation

****************************************************************************************************
QUESTION: who conducted the opening concert at carnegie hall
GOLD ANSWER: ['Pyotr Ilyich Tchaikovsky', 'maestro Walter Damrosch', 'Walter Damrosch']
GENERATED ANSWER: Pyotr Ilyich Tchaikovsky 
{'ROUGE-1': {'precision': 1.0, 'recall': 1.0, 'f1': 1.0}, 'ROUGE-2': {'precision': 1.0, 'recall': 1.0, 'f1': 1.0}, 'ROUGE-L': {'precision': 1.0, 'recall': 1.0, 'f1': 1.0}} ACCURACY: 1.0
Generating LoRA 0
****************************************************************************************************

Using internalized LoRAs for generation

****************************************************************************************************
QUESTION: where did students for a democratic society start
GOLD ANSWER: ['Ann Arbor, Michigan']
GENERATED ANSWER: University of Michigan campus at Ann Arbor, Michigan. 
{'ROUGE-1': {'precision': 0.375, 'recall': 1.0, 'f1': 0.5454545454545454}, 'ROUGE-2': {'precision': 0.2857142857142857, 'recall': 1.0, 'f1': 0.4444444444444445}, 'ROUGE-L': {'precision': 0.375, 'recall': 1.0, 'f1': 0.5454545454545454}} ACCURACY: 0.0
Generating LoRA 0
****************************************************************************************************

Using internalized LoRAs for generation

****************************************************************************************************
QUESTION: when did we first put a rover on mars
GOLD ANSWER: ['January 2004']
GENERATED ANSWER: January 2004 
{'ROUGE-1': {'precision': 1.0, 'recall': 1.0, 'f1': 1.0}, 'ROUGE-2': {'precision': 1.0, 'recall': 1.0, 'f1': 1.0}, 'ROUGE-L': {'precision': 1.0, 'recall': 1.0, 'f1': 1.0}} ACCURACY: 1.0
Generating LoRA 0
****************************************************************************************************

Using internalized LoRAs for generation

****************************************************************************************************
QUESTION: who laid foundation stone of islamia college peshawar
GOLD ANSWER: ['Haji Sahib', 'Haji Sahib of Turangzai']
GENERATED ANSWER: Haji Sahib Sir George Abbott 
{'ROUGE-1': {'precision': 0.4, 'recall': 1.0, 'f1': 0.5714285714285715}, 'ROUGE-2': {'precision': 0.25, 'recall': 1.0, 'f1': 0.4}, 'ROUGE-L': {'precision': 0.4, 'recall': 1.0, 'f1': 0.5714285714285715}} ACCURACY: 0.0
Generating LoRA 0
****************************************************************************************************

Using internalized LoRAs for generation

****************************************************************************************************
QUESTION: who wrote the song city of new orleans
GOLD ANSWER: ['Steve Goodman']
GENERATED ANSWER: Steve Goodman 
{'ROUGE-1': {'precision': 1.0, 'recall': 1.0, 'f1': 1.0}, 'ROUGE-2': {'precision': 1.0, 'recall': 1.0, 'f1': 1.0}, 'ROUGE-L': {'precision': 1.0, 'recall': 1.0, 'f1': 1.0}} ACCURACY: 1.0
Generating LoRA 0
****************************************************************************************************

Using internalized LoRAs for generation

****************************************************************************************************
QUESTION: who became king of erebor after thorin dies
GOLD ANSWER: ['Dáin', 'his cousin Dáin']
GENERATED ANSWER: Dáin. 
{'ROUGE-1': {'precision': 1.0, 'recall': 1.0, 'f1': 1.0}, 'ROUGE-2': {'precision': 0.0, 'recall': 0.0, 'f1': 0.0}, 'ROUGE-L': {'precision': 1.0, 'recall': 1.0, 'f1': 1.0}} ACCURACY: 1.0
Generating LoRA 0
****************************************************************************************************

Using internalized LoRAs for generation

****************************************************************************************************
QUESTION: who won the ncaa women's championship last year 2017
GOLD ANSWER: ['South Carolina Gamecocks', 'South Carolina']
GENERATED ANSWER: South Carolina 
{'ROUGE-1': {'precision': 1.0, 'recall': 1.0, 'f1': 1.0}, 'ROUGE-2': {'precision': 1.0, 'recall': 1.0, 'f1': 1.0}, 'ROUGE-L': {'precision': 1.0, 'recall': 1.0, 'f1': 1.0}} ACCURACY: 1.0
Generating LoRA 0
****************************************************************************************************

Using internalized LoRAs for generation

****************************************************************************************************
QUESTION: who did us fight in world war 1
GOLD ANSWER: ['Germany', 'Austria-Hungary']
GENERATED ANSWER: Germany 
{'ROUGE-1': {'precision': 1.0, 'recall': 1.0, 'f1': 1.0}, 'ROUGE-2': {'precision': 0.0, 'recall': 0.0, 'f1': 0.0}, 'ROUGE-L': {'precision': 1.0, 'recall': 1.0, 'f1': 1.0}} ACCURACY: 1.0
Generating LoRA 0
****************************************************************************************************

Using internalized LoRAs for generation

****************************************************************************************************
QUESTION: rain sleet or snow that contains a high concentration of acids is called
GOLD ANSWER: ['Acid rain', '"Acid rain"']
GENERATED ANSWER: Acid rain 
{'ROUGE-1': {'precision': 1.0, 'recall': 1.0, 'f1': 1.0}, 'ROUGE-2': {'precision': 1.0, 'recall': 1.0, 'f1': 1.0}, 'ROUGE-L': {'precision': 1.0, 'recall': 1.0, 'f1': 1.0}} ACCURACY: 1.0
Generating LoRA 0
****************************************************************************************************

Using internalized LoRAs for generation

****************************************************************************************************
QUESTION: who plays jack skellington in nightmare before christmas
GOLD ANSWER: ['Danny Elfman', 'Chris Sarandon']
GENERATED ANSWER: Danny Elfman 
{'ROUGE-1': {'precision': 1.0, 'recall': 1.0, 'f1': 1.0}, 'ROUGE-2': {'precision': 1.0, 'recall': 1.0, 'f1': 1.0}, 'ROUGE-L': {'precision': 1.0, 'recall': 1.0, 'f1': 1.0}} ACCURACY: 1.0
Generating LoRA 0
****************************************************************************************************

Using internalized LoRAs for generation

****************************************************************************************************
QUESTION: who was the head of the spanish inquisition
GOLD ANSWER: ['Grand Inquisitor', 'Tomás de Torquemada', 'Dominican Tomás de Torquemada']
GENERATED ANSWER: Tomas de Torquemada 
{'ROUGE-1': {'precision': 0.6666666666666666, 'recall': 0.6666666666666666, 'f1': 0.6666666666666666}, 'ROUGE-2': {'precision': 0.5, 'recall': 0.5, 'f1': 0.5}, 'ROUGE-L': {'precision': 0.6666666666666666, 'recall': 0.6666666666666666, 'f1': 0.6666666666666666}} ACCURACY: 0.0
Generating LoRA 0
****************************************************************************************************

Using internalized LoRAs for generation

****************************************************************************************************
QUESTION: when did the movie peter pan come out
GOLD ANSWER: ['2003', '25\xa0December\xa02003']
GENERATED ANSWER: 2003 
{'ROUGE-1': {'precision': 1.0, 'recall': 1.0, 'f1': 1.0}, 'ROUGE-2': {'precision': 0.0, 'recall': 0.0, 'f1': 0.0}, 'ROUGE-L': {'precision': 1.0, 'recall': 1.0, 'f1': 1.0}} ACCURACY: 1.0
Generating LoRA 0
****************************************************************************************************

Using internalized LoRAs for generation

****************************************************************************************************
QUESTION: what ethnic group celebrates its contribution to america in october
GOLD ANSWER: ['Filipino Americans', 'Filipino American', 'Filipino']
GENERATED ANSWER: Filipinos 
{'ROUGE-1': {'precision': 0.0, 'recall': 0.0, 'f1': 0.0}, 'ROUGE-2': {'precision': 0.0, 'recall': 0.0, 'f1': 0.0}, 'ROUGE-L': {'precision': 0.0, 'recall': 0.0, 'f1': 0.0}} ACCURACY: 0.0
Generating LoRA 0
****************************************************************************************************

Using internalized LoRAs for generation

****************************************************************************************************
QUESTION: make it or break it who goes to the olympics
GOLD ANSWER: ['Payson', 'Jordan', 'Lauren', 'Colleen', 'Kaylie']
GENERATED ANSWER: The girls decide to boycott the Olympics unless Kaylie is allowed to compete. 
{'ROUGE-1': {'precision': 0.07692307692307693, 'recall': 1.0, 'f1': 0.14285714285714288}, 'ROUGE-2': {'precision': 0.0, 'recall': 0.0, 'f1': 0.0}, 'ROUGE-L': {'precision': 0.07692307692307693, 'recall': 1.0, 'f1': 0.14285714285714288}} ACCURACY: 0.0
Generating LoRA 0
****************************************************************************************************

Using internalized LoRAs for generation

****************************************************************************************************
QUESTION: element named after fictional planet from which superman came
GOLD ANSWER: ['Kryptonite']
GENERATED ANSWER: Krypton 
{'ROUGE-1': {'precision': 0.0, 'recall': 0.0, 'f1': 0.0}, 'ROUGE-2': {'precision': 0.0, 'recall': 0.0, 'f1': 0.0}, 'ROUGE-L': {'precision': 0.0, 'recall': 0.0, 'f1': 0.0}} ACCURACY: 0.0
Generating LoRA 0
****************************************************************************************************

Using internalized LoRAs for generation

****************************************************************************************************
QUESTION: who plays red on orange is new black
GOLD ANSWER: ['"Kate" Mulgrew']
GENERATED ANSWER: Galina "Red" Reznikov 
{'ROUGE-1': {'precision': 0.0, 'recall': 0.0, 'f1': 0.0}, 'ROUGE-2': {'precision': 0.0, 'recall': 0.0, 'f1': 0.0}, 'ROUGE-L': {'precision': 0.0, 'recall': 0.0, 'f1': 0.0}} ACCURACY: 0.0
Generating LoRA 0
****************************************************************************************************

Using internalized LoRAs for generation

****************************************************************************************************
QUESTION: where was the movie i am number 4 filmed
GOLD ANSWER: ['the Pittsburgh metropolitan area']
GENERATED ANSWER: Pittsburgh metropolitan area. 
{'ROUGE-1': {'precision': 1.0, 'recall': 0.75, 'f1': 0.8571428571428571}, 'ROUGE-2': {'precision': 1.0, 'recall': 0.6666666666666666, 'f1': 0.8}, 'ROUGE-L': {'precision': 1.0, 'recall': 0.75, 'f1': 0.8571428571428571}} ACCURACY: 0.0
Generating LoRA 0
****************************************************************************************************

Using internalized LoRAs for generation

****************************************************************************************************
QUESTION: another name for the torso is the blank region of the body
GOLD ANSWER: ['trunk']
GENERATED ANSWER: trunk 
{'ROUGE-1': {'precision': 1.0, 'recall': 1.0, 'f1': 1.0}, 'ROUGE-2': {'precision': 0.0, 'recall': 0.0, 'f1': 0.0}, 'ROUGE-L': {'precision': 1.0, 'recall': 1.0, 'f1': 1.0}} ACCURACY: 1.0
Generating LoRA 0
****************************************************************************************************

Using internalized LoRAs for generation

****************************************************************************************************
QUESTION: where does blood go when it leaves the pulmonary artery
GOLD ANSWER: ['lungs', 'The pulmonary vein']
GENERATED ANSWER: Lungs 
{'ROUGE-1': {'precision': 1.0, 'recall': 1.0, 'f1': 1.0}, 'ROUGE-2': {'precision': 0.0, 'recall': 0.0, 'f1': 0.0}, 'ROUGE-L': {'precision': 1.0, 'recall': 1.0, 'f1': 1.0}} ACCURACY: 1.0
Generating LoRA 0
****************************************************************************************************

Using internalized LoRAs for generation

****************************************************************************************************
QUESTION: who commissioned the first christmas card in 1943
GOLD ANSWER: ['Sir Henry Cole']
GENERATED ANSWER: Sir Henry Cole 
{'ROUGE-1': {'precision': 1.0, 'recall': 1.0, 'f1': 1.0}, 'ROUGE-2': {'precision': 1.0, 'recall': 1.0, 'f1': 1.0}, 'ROUGE-L': {'precision': 1.0, 'recall': 1.0, 'f1': 1.0}} ACCURACY: 1.0
Generating LoRA 0
****************************************************************************************************

Using internalized LoRAs for generation

****************************************************************************************************
QUESTION: when did they start adding zinc to pennies
GOLD ANSWER: ['1864', '1943', '1864–1942']
GENERATED ANSWER: 1943 
{'ROUGE-1': {'precision': 1.0, 'recall': 1.0, 'f1': 1.0}, 'ROUGE-2': {'precision': 0.0, 'recall': 0.0, 'f1': 0.0}, 'ROUGE-L': {'precision': 1.0, 'recall': 1.0, 'f1': 1.0}} ACCURACY: 1.0
Generating LoRA 0
****************************************************************************************************

Using internalized LoRAs for generation

****************************************************************************************************
QUESTION: who was hope brady's mother on days of our lives
GOLD ANSWER: ['Ciara Brady', 'Addie Horton']
GENERATED ANSWER: Doug Williams 
{'ROUGE-1': {'precision': 0.0, 'recall': 0.0, 'f1': 0.0}, 'ROUGE-2': {'precision': 0.0, 'recall': 0.0, 'f1': 0.0}, 'ROUGE-L': {'precision': 0.0, 'recall': 0.0, 'f1': 0.0}} ACCURACY: 0.0
Generating LoRA 0
****************************************************************************************************

Using internalized LoRAs for generation

****************************************************************************************************
QUESTION: what is the title of the person who runs the house of representatives
GOLD ANSWER: ['the Speaker of the House', 'Speaker of the House']
GENERATED ANSWER: Speaker of the House 
{'ROUGE-1': {'precision': 1.0, 'recall': 1.0, 'f1': 1.0}, 'ROUGE-2': {'precision': 1.0, 'recall': 1.0, 'f1': 1.0}, 'ROUGE-L': {'precision': 1.0, 'recall': 1.0, 'f1': 1.0}} ACCURACY: 1.0
Generating LoRA 0
****************************************************************************************************

Using internalized LoRAs for generation

****************************************************************************************************
QUESTION: who has been designed as the new finance secretary of india
GOLD ANSWER: ['Hasmukh Adhia']
GENERATED ANSWER: Hasmukh Adhia 
{'ROUGE-1': {'precision': 1.0, 'recall': 1.0, 'f1': 1.0}, 'ROUGE-2': {'precision': 1.0, 'recall': 1.0, 'f1': 1.0}, 'ROUGE-L': {'precision': 1.0, 'recall': 1.0, 'f1': 1.0}} ACCURACY: 1.0
Generating LoRA 0
****************************************************************************************************

Using internalized LoRAs for generation

****************************************************************************************************
QUESTION: who plays the first nfl game of the season
GOLD ANSWER: ['the New England Patriots', 'the Kansas City Chiefs']
GENERATED ANSWER: The New England Patriots. 
{'ROUGE-1': {'precision': 1.0, 'recall': 1.0, 'f1': 1.0}, 'ROUGE-2': {'precision': 1.0, 'recall': 1.0, 'f1': 1.0}, 'ROUGE-L': {'precision': 1.0, 'recall': 1.0, 'f1': 1.0}} ACCURACY: 1.0
Generating LoRA 0
****************************************************************************************************

Using internalized LoRAs for generation

****************************************************************************************************
QUESTION: what is the most popular religion in sweden
GOLD ANSWER: ['Lutheran', 'Lutheran Church of Sweden', 'Christianity']
GENERATED ANSWER: Lutheran Church of Sweden 
{'ROUGE-1': {'precision': 1.0, 'recall': 1.0, 'f1': 1.0}, 'ROUGE-2': {'precision': 1.0, 'recall': 1.0, 'f1': 1.0}, 'ROUGE-L': {'precision': 1.0, 'recall': 1.0, 'f1': 1.0}} ACCURACY: 1.0
Generating LoRA 0
****************************************************************************************************

Using internalized LoRAs for generation

****************************************************************************************************
QUESTION: who is the current defence against the dark arts teacher
GOLD ANSWER: ['Amycus Carrow']
GENERATED ANSWER: Gilderoy Lockhart 
{'ROUGE-1': {'precision': 0.0, 'recall': 0.0, 'f1': 0.0}, 'ROUGE-2': {'precision': 0.0, 'recall': 0.0, 'f1': 0.0}, 'ROUGE-L': {'precision': 0.0, 'recall': 0.0, 'f1': 0.0}} ACCURACY: 0.0
Generating LoRA 0
****************************************************************************************************

Using internalized LoRAs for generation

****************************************************************************************************
QUESTION: who decides where the super bowl is played
GOLD ANSWER: ['The NFL owners', 'NFL owners', 'the NFL']
GENERATED ANSWER: The NFL. 
{'ROUGE-1': {'precision': 1.0, 'recall': 1.0, 'f1': 1.0}, 'ROUGE-2': {'precision': 1.0, 'recall': 1.0, 'f1': 1.0}, 'ROUGE-L': {'precision': 1.0, 'recall': 1.0, 'f1': 1.0}} ACCURACY: 1.0
Generating LoRA 0
****************************************************************************************************

Using internalized LoRAs for generation

****************************************************************************************************
QUESTION: what does g stand for in ncis los angeles
GOLD ANSWER: ['Grisha']
GENERATED ANSWER: G stands for "G" in NCIS: Los Angeles. 
{'ROUGE-1': {'precision': 0.0, 'recall': 0.0, 'f1': 0.0}, 'ROUGE-2': {'precision': 0.0, 'recall': 0.0, 'f1': 0.0}, 'ROUGE-L': {'precision': 0.0, 'recall': 0.0, 'f1': 0.0}} ACCURACY: 0.0
Generating LoRA 0
****************************************************************************************************

Using internalized LoRAs for generation

****************************************************************************************************
QUESTION: cls bank deals with transactions arising out of
GOLD ANSWER: ['foreign exchange market', 'the foreign exchange market']
GENERATED ANSWER: foreign exchange market. 
{'ROUGE-1': {'precision': 1.0, 'recall': 1.0, 'f1': 1.0}, 'ROUGE-2': {'precision': 1.0, 'recall': 1.0, 'f1': 1.0}, 'ROUGE-L': {'precision': 1.0, 'recall': 1.0, 'f1': 1.0}} ACCURACY: 1.0
Generating LoRA 0
****************************************************************************************************

Using internalized LoRAs for generation

****************************************************************************************************
QUESTION: who is in charge of ratifying treaties in the us
GOLD ANSWER: ['the Executive branch', 'the President', 'Senate', 'the Senate']
GENERATED ANSWER: The Senate. 
{'ROUGE-1': {'precision': 1.0, 'recall': 1.0, 'f1': 1.0}, 'ROUGE-2': {'precision': 1.0, 'recall': 1.0, 'f1': 1.0}, 'ROUGE-L': {'precision': 1.0, 'recall': 1.0, 'f1': 1.0}} ACCURACY: 1.0
Generating LoRA 0
****************************************************************************************************

Using internalized LoRAs for generation

****************************************************************************************************
QUESTION: where was the hindenburg scheduled to fly and how many passengers were on it
GOLD ANSWER: ['36 passengers']
GENERATED ANSWER: Lakehurst, New Jersey. 97 passengers. 
{'ROUGE-1': {'precision': 0.2, 'recall': 0.5, 'f1': 0.28571428571428575}, 'ROUGE-2': {'precision': 0.0, 'recall': 0.0, 'f1': 0.0}, 'ROUGE-L': {'precision': 0.2, 'recall': 0.5, 'f1': 0.28571428571428575}} ACCURACY: 0.0
Generating LoRA 0
****************************************************************************************************

Using internalized LoRAs for generation

****************************************************************************************************
QUESTION: days of our lives cast doug and julie
GOLD ANSWER: ['Susan Seaforth Hayes', 'Susan Seaforth', 'Bill Hayes']
GENERATED ANSWER: Doug and Julie Hayes. 
{'ROUGE-1': {'precision': 0.25, 'recall': 0.5, 'f1': 0.3333333333333333}, 'ROUGE-2': {'precision': 0.0, 'recall': 0.0, 'f1': 0.0}, 'ROUGE-L': {'precision': 0.25, 'recall': 0.5, 'f1': 0.3333333333333333}} ACCURACY: 0.0
Generating LoRA 0
****************************************************************************************************

Using internalized LoRAs for generation

****************************************************************************************************
QUESTION: who sang i'm gonna run away from you
GOLD ANSWER: ['Tami Lynn']
GENERATED ANSWER: Tami Lynn 
{'ROUGE-1': {'precision': 1.0, 'recall': 1.0, 'f1': 1.0}, 'ROUGE-2': {'precision': 1.0, 'recall': 1.0, 'f1': 1.0}, 'ROUGE-L': {'precision': 1.0, 'recall': 1.0, 'f1': 1.0}} ACCURACY: 1.0
Generating LoRA 0
****************************************************************************************************

Using internalized LoRAs for generation

****************************************************************************************************
QUESTION: who plays whitey bulger's girlfriend in black mass
GOLD ANSWER: ['actress Dakota Johnson', 'Dakota Johnson']
GENERATED ANSWER: Dakota Johnson 
{'ROUGE-1': {'precision': 1.0, 'recall': 1.0, 'f1': 1.0}, 'ROUGE-2': {'precision': 1.0, 'recall': 1.0, 'f1': 1.0}, 'ROUGE-L': {'precision': 1.0, 'recall': 1.0, 'f1': 1.0}} ACCURACY: 1.0
Generating LoRA 0
****************************************************************************************************

Using internalized LoRAs for generation

****************************************************************************************************
QUESTION: who came up with popcorn at the movies
GOLD ANSWER: ['Glen W. Dickson']
GENERATED ANSWER: Glen W. Dickson 
{'ROUGE-1': {'precision': 1.0, 'recall': 1.0, 'f1': 1.0}, 'ROUGE-2': {'precision': 1.0, 'recall': 1.0, 'f1': 1.0}, 'ROUGE-L': {'precision': 1.0, 'recall': 1.0, 'f1': 1.0}} ACCURACY: 1.0
Generating LoRA 0
****************************************************************************************************

Using internalized LoRAs for generation

****************************************************************************************************
QUESTION: what emperor took over france after the reign of terror
GOLD ANSWER: ['Napoleon', 'Napoleon Bonaparte']
GENERATED ANSWER: Napoleon Bonaparte 
{'ROUGE-1': {'precision': 1.0, 'recall': 1.0, 'f1': 1.0}, 'ROUGE-2': {'precision': 1.0, 'recall': 1.0, 'f1': 1.0}, 'ROUGE-L': {'precision': 1.0, 'recall': 1.0, 'f1': 1.0}} ACCURACY: 1.0
Generating LoRA 0
****************************************************************************************************

Using internalized LoRAs for generation

****************************************************************************************************
QUESTION: how many episodes of touching evil are there
GOLD ANSWER: ['16']
GENERATED ANSWER: 16 
{'ROUGE-1': {'precision': 1.0, 'recall': 1.0, 'f1': 1.0}, 'ROUGE-2': {'precision': 0.0, 'recall': 0.0, 'f1': 0.0}, 'ROUGE-L': {'precision': 1.0, 'recall': 1.0, 'f1': 1.0}} ACCURACY: 1.0
Generating LoRA 0
****************************************************************************************************

Using internalized LoRAs for generation

****************************************************************************************************
QUESTION: who sang the song a white sports coat and a pink carnation
GOLD ANSWER: ['Marty Robbins']
GENERATED ANSWER: Marty Robbins 
{'ROUGE-1': {'precision': 1.0, 'recall': 1.0, 'f1': 1.0}, 'ROUGE-2': {'precision': 1.0, 'recall': 1.0, 'f1': 1.0}, 'ROUGE-L': {'precision': 1.0, 'recall': 1.0, 'f1': 1.0}} ACCURACY: 1.0
Generating LoRA 0
****************************************************************************************************

Using internalized LoRAs for generation

****************************************************************************************************
QUESTION: who wrote shes always a woman to me
GOLD ANSWER: ['Billy Joel', 'Joel']
GENERATED ANSWER: Leonard Cohen 
{'ROUGE-1': {'precision': 0.0, 'recall': 0.0, 'f1': 0.0}, 'ROUGE-2': {'precision': 0.0, 'recall': 0.0, 'f1': 0.0}, 'ROUGE-L': {'precision': 0.0, 'recall': 0.0, 'f1': 0.0}} ACCURACY: 0.0
Generating LoRA 0
****************************************************************************************************

Using internalized LoRAs for generation

****************************************************************************************************
QUESTION: where does new crust come from in sea floor spreading
GOLD ANSWER: ['basaltic magma', 'volcanic activity']
GENERATED ANSWER: Volcanic activity. 
{'ROUGE-1': {'precision': 1.0, 'recall': 1.0, 'f1': 1.0}, 'ROUGE-2': {'precision': 1.0, 'recall': 1.0, 'f1': 1.0}, 'ROUGE-L': {'precision': 1.0, 'recall': 1.0, 'f1': 1.0}} ACCURACY: 1.0
Generating LoRA 0
****************************************************************************************************

Using internalized LoRAs for generation

****************************************************************************************************
QUESTION: where was the first high level language operating system created
GOLD ANSWER: ['at IBM']
GENERATED ANSWER: IBM 
{'ROUGE-1': {'precision': 1.0, 'recall': 0.5, 'f1': 0.6666666666666666}, 'ROUGE-2': {'precision': 0.0, 'recall': 0.0, 'f1': 0.0}, 'ROUGE-L': {'precision': 1.0, 'recall': 0.5, 'f1': 0.6666666666666666}} ACCURACY: 0.0
Generating LoRA 0
****************************************************************************************************

Using internalized LoRAs for generation

****************************************************************************************************
QUESTION: who played shaggy in the new scooby doo movie
GOLD ANSWER: ['Matthew Lyn Lillard']
GENERATED ANSWER: Matthew Lillard 
{'ROUGE-1': {'precision': 1.0, 'recall': 0.6666666666666666, 'f1': 0.8}, 'ROUGE-2': {'precision': 0.0, 'recall': 0.0, 'f1': 0.0}, 'ROUGE-L': {'precision': 1.0, 'recall': 0.6666666666666666, 'f1': 0.8}} ACCURACY: 0.0
Generating LoRA 0
****************************************************************************************************

Using internalized LoRAs for generation

****************************************************************************************************
QUESTION: how many times have real madrid won the champions league in a row
GOLD ANSWER: ['five times', 'five']
GENERATED ANSWER: Five times. 
{'ROUGE-1': {'precision': 1.0, 'recall': 1.0, 'f1': 1.0}, 'ROUGE-2': {'precision': 1.0, 'recall': 1.0, 'f1': 1.0}, 'ROUGE-L': {'precision': 1.0, 'recall': 1.0, 'f1': 1.0}} ACCURACY: 1.0
Generating LoRA 0
****************************************************************************************************

Using internalized LoRAs for generation

****************************************************************************************************
QUESTION: where do you get a cashiers check from
GOLD ANSWER: ['a bank', 'bank']
GENERATED ANSWER: A cashier's check is a cheque guaranteed by a bank. 
{'ROUGE-1': {'precision': 0.2, 'recall': 1.0, 'f1': 0.33333333333333337}, 'ROUGE-2': {'precision': 0.1111111111111111, 'recall': 1.0, 'f1': 0.19999999999999998}, 'ROUGE-L': {'precision': 0.2, 'recall': 1.0, 'f1': 0.33333333333333337}} ACCURACY: 0.0
Generating LoRA 0
****************************************************************************************************

Using internalized LoRAs for generation

****************************************************************************************************
QUESTION: who played guitar on my guitar gently weeps
GOLD ANSWER: ['Eric Clapton', 'George Harrison']
GENERATED ANSWER: Eric Clapton 
{'ROUGE-1': {'precision': 1.0, 'recall': 1.0, 'f1': 1.0}, 'ROUGE-2': {'precision': 1.0, 'recall': 1.0, 'f1': 1.0}, 'ROUGE-L': {'precision': 1.0, 'recall': 1.0, 'f1': 1.0}} ACCURACY: 1.0
Generating LoRA 0
****************************************************************************************************

Using internalized LoRAs for generation

****************************************************************************************************
QUESTION: what state does rick and morty take place in
GOLD ANSWER: ['Washington', 'the U.S. state of Washington']
GENERATED ANSWER: The U.S. state of Washington. 
{'ROUGE-1': {'precision': 1.0, 'recall': 1.0, 'f1': 1.0}, 'ROUGE-2': {'precision': 1.0, 'recall': 1.0, 'f1': 1.0}, 'ROUGE-L': {'precision': 1.0, 'recall': 1.0, 'f1': 1.0}} ACCURACY: 1.0
Generating LoRA 0
****************************************************************************************************

Using internalized LoRAs for generation

****************************************************************************************************
QUESTION: who has the most subscribers in faze clan
GOLD ANSWER: ['FaZe Rug']
GENERATED ANSWER: FaZe Rug 
{'ROUGE-1': {'precision': 1.0, 'recall': 1.0, 'f1': 1.0}, 'ROUGE-2': {'precision': 1.0, 'recall': 1.0, 'f1': 1.0}, 'ROUGE-L': {'precision': 1.0, 'recall': 1.0, 'f1': 1.0}} ACCURACY: 1.0
Generating LoRA 0
****************************************************************************************************

Using internalized LoRAs for generation

****************************************************************************************************
QUESTION: the removal of temperature in fire fighting method is known as
GOLD ANSWER: ['cooling', 'penciling']
GENERATED ANSWER: Asphyxia 
{'ROUGE-1': {'precision': 0.0, 'recall': 0.0, 'f1': 0.0}, 'ROUGE-2': {'precision': 0.0, 'recall': 0.0, 'f1': 0.0}, 'ROUGE-L': {'precision': 0.0, 'recall': 0.0, 'f1': 0.0}} ACCURACY: 0.0
Generating LoRA 0
****************************************************************************************************

Using internalized LoRAs for generation

****************************************************************************************************
QUESTION: the witch and the hundred knight 2 us release
GOLD ANSWER: ['March 27, 2018', 'March 2018']
GENERATED ANSWER: The Witch and the Hundred Knight 2 US was released in February 2018. 
{'ROUGE-1': {'precision': 0.07692307692307693, 'recall': 0.5, 'f1': 0.13333333333333336}, 'ROUGE-2': {'precision': 0.0, 'recall': 0.0, 'f1': 0.0}, 'ROUGE-L': {'precision': 0.07692307692307693, 'recall': 0.5, 'f1': 0.13333333333333336}} ACCURACY: 0.0
Generating LoRA 0
****************************************************************************************************

Using internalized LoRAs for generation

****************************************************************************************************
QUESTION: who was in dont worry be happy video
GOLD ANSWER: ['Bill Irwin', 'Robin Williams', 'McFerrin']
GENERATED ANSWER: McFerrin, Robin Williams, and Bill Irwin. 
{'ROUGE-1': {'precision': 0.3333333333333333, 'recall': 1.0, 'f1': 0.5}, 'ROUGE-2': {'precision': 0.2, 'recall': 1.0, 'f1': 0.33333333333333337}, 'ROUGE-L': {'precision': 0.3333333333333333, 'recall': 1.0, 'f1': 0.5}} ACCURACY: 0.0
Generating LoRA 0
****************************************************************************************************

Using internalized LoRAs for generation

****************************************************************************************************
QUESTION: total strength of judges in supreme court of india
GOLD ANSWER: ['24', '24 judges']
GENERATED ANSWER: 24 
{'ROUGE-1': {'precision': 1.0, 'recall': 1.0, 'f1': 1.0}, 'ROUGE-2': {'precision': 0.0, 'recall': 0.0, 'f1': 0.0}, 'ROUGE-L': {'precision': 1.0, 'recall': 1.0, 'f1': 1.0}} ACCURACY: 1.0
Generating LoRA 0
****************************************************************************************************

Using internalized LoRAs for generation

****************************************************************************************************
QUESTION: who is the original singer of just when i needed you most
GOLD ANSWER: ['Randy VanWarmer']
GENERATED ANSWER: Randy VanWarmer 
{'ROUGE-1': {'precision': 1.0, 'recall': 1.0, 'f1': 1.0}, 'ROUGE-2': {'precision': 1.0, 'recall': 1.0, 'f1': 1.0}, 'ROUGE-L': {'precision': 1.0, 'recall': 1.0, 'f1': 1.0}} ACCURACY: 1.0
Generating LoRA 0
****************************************************************************************************

Using internalized LoRAs for generation

****************************************************************************************************
QUESTION: where is the highest level of fluoride stored in the teeth
GOLD ANSWER: ['surface of the enamel']
GENERATED ANSWER: In plaque fluid along with dissolved hydroxyapatite. 
{'ROUGE-1': {'precision': 0.0, 'recall': 0.0, 'f1': 0.0}, 'ROUGE-2': {'precision': 0.0, 'recall': 0.0, 'f1': 0.0}, 'ROUGE-L': {'precision': 0.0, 'recall': 0.0, 'f1': 0.0}} ACCURACY: 0.0
Generating LoRA 0
****************************************************************************************************

Using internalized LoRAs for generation

****************************************************************************************************
QUESTION: ganglion axons forming the optic nerve run to the
GOLD ANSWER: ['pretectal nucleus', 'suprachiasmatic nucleus', 'photoreceptor cells', 'lateral geniculate nucleus', 'optic chiasma']
GENERATED ANSWER: lateral geniculate nucleus 
{'ROUGE-1': {'precision': 1.0, 'recall': 1.0, 'f1': 1.0}, 'ROUGE-2': {'precision': 1.0, 'recall': 1.0, 'f1': 1.0}, 'ROUGE-L': {'precision': 1.0, 'recall': 1.0, 'f1': 1.0}} ACCURACY: 1.0
Generating LoRA 0
****************************************************************************************************

Using internalized LoRAs for generation

****************************************************************************************************
QUESTION: when does i'm a celebrity get me out of here start in the uk
GOLD ANSWER: ['2018']
GENERATED ANSWER: 15 December 2017 
{'ROUGE-1': {'precision': 0.0, 'recall': 0.0, 'f1': 0.0}, 'ROUGE-2': {'precision': 0.0, 'recall': 0.0, 'f1': 0.0}, 'ROUGE-L': {'precision': 0.0, 'recall': 0.0, 'f1': 0.0}} ACCURACY: 0.0
Generating LoRA 0
****************************************************************************************************

Using internalized LoRAs for generation

****************************************************************************************************
QUESTION: where do peaches come from in the us
GOLD ANSWER: ['other states', 'South Carolina', 'California', 'Georgia']
GENERATED ANSWER: Georgia 
{'ROUGE-1': {'precision': 1.0, 'recall': 1.0, 'f1': 1.0}, 'ROUGE-2': {'precision': 0.0, 'recall': 0.0, 'f1': 0.0}, 'ROUGE-L': {'precision': 1.0, 'recall': 1.0, 'f1': 1.0}} ACCURACY: 1.0
Generating LoRA 0
****************************************************************************************************

Using internalized LoRAs for generation

****************************************************************************************************
QUESTION: when did they stop putting lead in paint
GOLD ANSWER: ['1992']
GENERATED ANSWER: 1992 
{'ROUGE-1': {'precision': 1.0, 'recall': 1.0, 'f1': 1.0}, 'ROUGE-2': {'precision': 0.0, 'recall': 0.0, 'f1': 0.0}, 'ROUGE-L': {'precision': 1.0, 'recall': 1.0, 'f1': 1.0}} ACCURACY: 1.0
Generating LoRA 0
****************************************************************************************************

Using internalized LoRAs for generation

****************************************************************************************************
QUESTION: when did the battles of lexington and concord happen
GOLD ANSWER: ['April 19, 1775']
GENERATED ANSWER: April 19, 1775 
{'ROUGE-1': {'precision': 1.0, 'recall': 1.0, 'f1': 1.0}, 'ROUGE-2': {'precision': 1.0, 'recall': 1.0, 'f1': 1.0}, 'ROUGE-L': {'precision': 1.0, 'recall': 1.0, 'f1': 1.0}} ACCURACY: 1.0
Generating LoRA 0
****************************************************************************************************

Using internalized LoRAs for generation

****************************************************************************************************
QUESTION: who won the 1st battle of bull run
GOLD ANSWER: ['Confederate victory', 'Confederate forces', 'Confederate']
GENERATED ANSWER: Confederate forces. 
{'ROUGE-1': {'precision': 1.0, 'recall': 1.0, 'f1': 1.0}, 'ROUGE-2': {'precision': 1.0, 'recall': 1.0, 'f1': 1.0}, 'ROUGE-L': {'precision': 1.0, 'recall': 1.0, 'f1': 1.0}} ACCURACY: 1.0
Generating LoRA 0
****************************************************************************************************

Using internalized LoRAs for generation

****************************************************************************************************
QUESTION: what is the name of the under butler in downton abbey
GOLD ANSWER: ['Charles Carson', 'Mr Carson']
GENERATED ANSWER: Mr. Carson 
{'ROUGE-1': {'precision': 1.0, 'recall': 1.0, 'f1': 1.0}, 'ROUGE-2': {'precision': 1.0, 'recall': 1.0, 'f1': 1.0}, 'ROUGE-L': {'precision': 1.0, 'recall': 1.0, 'f1': 1.0}} ACCURACY: 1.0
Generating LoRA 0
****************************************************************************************************

Using internalized LoRAs for generation

****************************************************************************************************
QUESTION: in the early 1800s california society was dominated by which group
GOLD ANSWER: ['Spanish']
GENERATED ANSWER: Spanish missionaries, ranchers, and troops. 
{'ROUGE-1': {'precision': 0.2, 'recall': 1.0, 'f1': 0.33333333333333337}, 'ROUGE-2': {'precision': 0.0, 'recall': 0.0, 'f1': 0.0}, 'ROUGE-L': {'precision': 0.2, 'recall': 1.0, 'f1': 0.33333333333333337}} ACCURACY: 0.0
Generating LoRA 0
****************************************************************************************************

Using internalized LoRAs for generation

****************************************************************************************************
QUESTION: who was appointed to manage the national recovery administration
GOLD ANSWER: ['Hugh S. Johnson']
GENERATED ANSWER: Hugh S. Johnson 
{'ROUGE-1': {'precision': 1.0, 'recall': 1.0, 'f1': 1.0}, 'ROUGE-2': {'precision': 1.0, 'recall': 1.0, 'f1': 1.0}, 'ROUGE-L': {'precision': 1.0, 'recall': 1.0, 'f1': 1.0}} ACCURACY: 1.0
Generating LoRA 0
****************************************************************************************************

Using internalized LoRAs for generation

****************************************************************************************************
QUESTION: how oxygenated blood returns to the heart from the lungs
GOLD ANSWER: ['pulmonary circulation']
GENERATED ANSWER: The pulmonary veins. 
{'ROUGE-1': {'precision': 0.3333333333333333, 'recall': 0.5, 'f1': 0.4}, 'ROUGE-2': {'precision': 0.0, 'recall': 0.0, 'f1': 0.0}, 'ROUGE-L': {'precision': 0.3333333333333333, 'recall': 0.5, 'f1': 0.4}} ACCURACY: 0.0
Generating LoRA 0
****************************************************************************************************

Using internalized LoRAs for generation

****************************************************************************************************
QUESTION: in another world with my smartphone japanese title
GOLD ANSWER: ['異世界はスマートフォンとともに']
GENERATED ANSWER: I'm reading Isekai wa, Sumu to, 
{'ROUGE-1': {'precision': 0.0, 'recall': 0.0, 'f1': 0.0}, 'ROUGE-2': {'precision': 0.0, 'recall': 0.0, 'f1': 0.0}, 'ROUGE-L': {'precision': 0.0, 'recall': 0.0, 'f1': 0.0}} ACCURACY: 0.0
Generating LoRA 0
****************************************************************************************************

Using internalized LoRAs for generation

****************************************************************************************************
QUESTION: where was the statue of liberty originally built
GOLD ANSWER: ['Paris', 'France']
GENERATED ANSWER: France 
{'ROUGE-1': {'precision': 1.0, 'recall': 1.0, 'f1': 1.0}, 'ROUGE-2': {'precision': 0.0, 'recall': 0.0, 'f1': 0.0}, 'ROUGE-L': {'precision': 1.0, 'recall': 1.0, 'f1': 1.0}} ACCURACY: 1.0
Generating LoRA 0
****************************************************************************************************

Using internalized LoRAs for generation

****************************************************************************************************
QUESTION: what language is the olympic anthem sang in
GOLD ANSWER: ['Greek']
GENERATED ANSWER: The Olympic anthem is sung in the host country's official language. 
{'ROUGE-1': {'precision': 0.0, 'recall': 0.0, 'f1': 0.0}, 'ROUGE-2': {'precision': 0.0, 'recall': 0.0, 'f1': 0.0}, 'ROUGE-L': {'precision': 0.0, 'recall': 0.0, 'f1': 0.0}} ACCURACY: 0.0
Generating LoRA 0
****************************************************************************************************

Using internalized LoRAs for generation

****************************************************************************************************
QUESTION: where did the battle of bonhomme richard take place
GOLD ANSWER: ['near Flamborough Head']
GENERATED ANSWER: Flamborough Head 
{'ROUGE-1': {'precision': 1.0, 'recall': 0.6666666666666666, 'f1': 0.8}, 'ROUGE-2': {'precision': 1.0, 'recall': 0.5, 'f1': 0.6666666666666666}, 'ROUGE-L': {'precision': 1.0, 'recall': 0.6666666666666666, 'f1': 0.8}} ACCURACY: 0.0
Generating LoRA 0
****************************************************************************************************

Using internalized LoRAs for generation

****************************************************************************************************
QUESTION: who was the actor that played ben stone on law and order
GOLD ANSWER: ['Michael Moriarty']
GENERATED ANSWER: Michael Moriarty 
{'ROUGE-1': {'precision': 1.0, 'recall': 1.0, 'f1': 1.0}, 'ROUGE-2': {'precision': 1.0, 'recall': 1.0, 'f1': 1.0}, 'ROUGE-L': {'precision': 1.0, 'recall': 1.0, 'f1': 1.0}} ACCURACY: 1.0
Generating LoRA 0
****************************************************************************************************

Using internalized LoRAs for generation

****************************************************************************************************
QUESTION: where do the phaeacians live in the odyssey
GOLD ANSWER: ['Scheria']
GENERATED ANSWER: Scheria 
{'ROUGE-1': {'precision': 1.0, 'recall': 1.0, 'f1': 1.0}, 'ROUGE-2': {'precision': 0.0, 'recall': 0.0, 'f1': 0.0}, 'ROUGE-L': {'precision': 1.0, 'recall': 1.0, 'f1': 1.0}} ACCURACY: 1.0
Generating LoRA 0
****************************************************************************************************

Using internalized LoRAs for generation

****************************************************************************************************
QUESTION: who invented the glasses that give sight to the blind
GOLD ANSWER: ['2006', 'Conrad Lewis']
GENERATED ANSWER: Conrad Lewis 
{'ROUGE-1': {'precision': 1.0, 'recall': 1.0, 'f1': 1.0}, 'ROUGE-2': {'precision': 1.0, 'recall': 1.0, 'f1': 1.0}, 'ROUGE-L': {'precision': 1.0, 'recall': 1.0, 'f1': 1.0}} ACCURACY: 1.0
Generating LoRA 0
****************************************************************************************************

Using internalized LoRAs for generation

****************************************************************************************************
QUESTION: when do we find out luke and leia are siblings
GOLD ANSWER: ['Return of the Jedi', 'In Return of the Jedi']
GENERATED ANSWER: In *The Empire Strikes Back*. 
{'ROUGE-1': {'precision': 0.4, 'recall': 0.4, 'f1': 0.4000000000000001}, 'ROUGE-2': {'precision': 0.0, 'recall': 0.0, 'f1': 0.0}, 'ROUGE-L': {'precision': 0.4, 'recall': 0.4, 'f1': 0.4000000000000001}} ACCURACY: 0.0
Generating LoRA 0
****************************************************************************************************

Using internalized LoRAs for generation

****************************************************************************************************
QUESTION: what are the four main types of precipitation
GOLD ANSWER: ['sleet', 'hail', 'graupel', 'snow', 'drizzle', 'rain']
GENERATED ANSWER: Drizzle, rain, snow, sleet, and hail. 
{'ROUGE-1': {'precision': 0.16666666666666666, 'recall': 1.0, 'f1': 0.2857142857142857}, 'ROUGE-2': {'precision': 0.0, 'recall': 0.0, 'f1': 0.0}, 'ROUGE-L': {'precision': 0.16666666666666666, 'recall': 1.0, 'f1': 0.2857142857142857}} ACCURACY: 0.0
Generating LoRA 0
****************************************************************************************************

Using internalized LoRAs for generation

****************************************************************************************************
QUESTION: who won the men's ice skating 2018
GOLD ANSWER: ['Yuzuru Hanyu']
GENERATED ANSWER: Javier Fernandez 
{'ROUGE-1': {'precision': 0.0, 'recall': 0.0, 'f1': 0.0}, 'ROUGE-2': {'precision': 0.0, 'recall': 0.0, 'f1': 0.0}, 'ROUGE-L': {'precision': 0.0, 'recall': 0.0, 'f1': 0.0}} ACCURACY: 0.0
Generating LoRA 0
****************************************************************************************************

Using internalized LoRAs for generation

****************************************************************************************************
QUESTION: which is the fastest train in india and what is its speed
GOLD ANSWER: ['Gatiman', '160km/hour', 'Mumbai Rajdhani Express']
GENERATED ANSWER: The Gatiman Express. 160km/hour. 
{'ROUGE-1': {'precision': 0.25, 'recall': 1.0, 'f1': 0.4}, 'ROUGE-2': {'precision': 0.0, 'recall': 0.0, 'f1': 0.0}, 'ROUGE-L': {'precision': 0.25, 'recall': 1.0, 'f1': 0.4}} ACCURACY: 0.0
Generating LoRA 0
****************************************************************************************************

Using internalized LoRAs for generation

****************************************************************************************************
QUESTION: who are the permanent member of un security council
GOLD ANSWER: ['China', 'United Kingdom', 'United States', 'Russia', 'France']
GENERATED ANSWER: China, Russia, France, the United Kingdom, and the United States. 
{'ROUGE-1': {'precision': 0.2, 'recall': 1.0, 'f1': 0.33333333333333337}, 'ROUGE-2': {'precision': 0.1111111111111111, 'recall': 1.0, 'f1': 0.19999999999999998}, 'ROUGE-L': {'precision': 0.2, 'recall': 1.0, 'f1': 0.33333333333333337}} ACCURACY: 0.0
Generating LoRA 0
****************************************************************************************************

Using internalized LoRAs for generation

****************************************************************************************************
QUESTION: what is the enrollment at university of miami
GOLD ANSWER: ['16,801', '16,801 students']
GENERATED ANSWER: 16,801 
{'ROUGE-1': {'precision': 1.0, 'recall': 1.0, 'f1': 1.0}, 'ROUGE-2': {'precision': 0.0, 'recall': 0.0, 'f1': 0.0}, 'ROUGE-L': {'precision': 1.0, 'recall': 1.0, 'f1': 1.0}} ACCURACY: 1.0
Generating LoRA 0
****************************************************************************************************

Using internalized LoRAs for generation

****************************************************************************************************
QUESTION: a concave mirror can form a real image which is a copy of an object that forms
GOLD ANSWER: ['inverted']
GENERATED ANSWER: a real image. 
{'ROUGE-1': {'precision': 0.0, 'recall': 0.0, 'f1': 0.0}, 'ROUGE-2': {'precision': 0.0, 'recall': 0.0, 'f1': 0.0}, 'ROUGE-L': {'precision': 0.0, 'recall': 0.0, 'f1': 0.0}} ACCURACY: 0.0
Generating LoRA 0
****************************************************************************************************

Using internalized LoRAs for generation

****************************************************************************************************
QUESTION: which abbott and costello movie has who on first
GOLD ANSWER: ['The Naughty Nineties', 'One Night in the Tropics']
GENERATED ANSWER: The Naughty Nineties 
{'ROUGE-1': {'precision': 1.0, 'recall': 1.0, 'f1': 1.0}, 'ROUGE-2': {'precision': 1.0, 'recall': 1.0, 'f1': 1.0}, 'ROUGE-L': {'precision': 1.0, 'recall': 1.0, 'f1': 1.0}} ACCURACY: 1.0
Generating LoRA 0
****************************************************************************************************

Using internalized LoRAs for generation

****************************************************************************************************
QUESTION: who does the voice of the beast in the new movie
GOLD ANSWER: ['Dan Stevens']
GENERATED ANSWER: Emma Watson 
{'ROUGE-1': {'precision': 0.0, 'recall': 0.0, 'f1': 0.0}, 'ROUGE-2': {'precision': 0.0, 'recall': 0.0, 'f1': 0.0}, 'ROUGE-L': {'precision': 0.0, 'recall': 0.0, 'f1': 0.0}} ACCURACY: 0.0
Generating LoRA 0
****************************************************************************************************

Using internalized LoRAs for generation

****************************************************************************************************
QUESTION: when did the first wireless beats come out
GOLD ANSWER: ['October 2012']
GENERATED ANSWER: October 2012. 
{'ROUGE-1': {'precision': 1.0, 'recall': 1.0, 'f1': 1.0}, 'ROUGE-2': {'precision': 1.0, 'recall': 1.0, 'f1': 1.0}, 'ROUGE-L': {'precision': 1.0, 'recall': 1.0, 'f1': 1.0}} ACCURACY: 1.0
Generating LoRA 0
****************************************************************************************************

Using internalized LoRAs for generation

****************************************************************************************************
QUESTION: when did the first pair of yeezys come out
GOLD ANSWER: ['February 14, 2015']
GENERATED ANSWER: February 29, 2015. 
{'ROUGE-1': {'precision': 0.6666666666666666, 'recall': 0.6666666666666666, 'f1': 0.6666666666666666}, 'ROUGE-2': {'precision': 0.0, 'recall': 0.0, 'f1': 0.0}, 'ROUGE-L': {'precision': 0.6666666666666666, 'recall': 0.6666666666666666, 'f1': 0.6666666666666666}} ACCURACY: 0.0
Generating LoRA 0
****************************************************************************************************

Using internalized LoRAs for generation

****************************************************************************************************
QUESTION: who wrote the song be thankful for what you got
GOLD ANSWER: ['William DeVaughn']
GENERATED ANSWER: William DeVaughn 
{'ROUGE-1': {'precision': 1.0, 'recall': 1.0, 'f1': 1.0}, 'ROUGE-2': {'precision': 1.0, 'recall': 1.0, 'f1': 1.0}, 'ROUGE-L': {'precision': 1.0, 'recall': 1.0, 'f1': 1.0}} ACCURACY: 1.0
Generating LoRA 0
****************************************************************************************************

Using internalized LoRAs for generation

****************************************************************************************************
QUESTION: where did they film the show the crossing
GOLD ANSWER: ['British Columbia, Canada']
GENERATED ANSWER: British Columbia, Canada. 
{'ROUGE-1': {'precision': 1.0, 'recall': 1.0, 'f1': 1.0}, 'ROUGE-2': {'precision': 1.0, 'recall': 1.0, 'f1': 1.0}, 'ROUGE-L': {'precision': 1.0, 'recall': 1.0, 'f1': 1.0}} ACCURACY: 1.0
Generating LoRA 0
****************************************************************************************************

Using internalized LoRAs for generation

****************************************************************************************************
QUESTION: when was the movie cool hand luke made
GOLD ANSWER: ['1967']
GENERATED ANSWER: 1967 
{'ROUGE-1': {'precision': 1.0, 'recall': 1.0, 'f1': 1.0}, 'ROUGE-2': {'precision': 0.0, 'recall': 0.0, 'f1': 0.0}, 'ROUGE-L': {'precision': 1.0, 'recall': 1.0, 'f1': 1.0}} ACCURACY: 1.0
Generating LoRA 0
****************************************************************************************************

Using internalized LoRAs for generation

****************************************************************************************************
QUESTION: who says that which we call a rose
GOLD ANSWER: ['Juliet', 'William Shakespeare']
GENERATED ANSWER: Romeo 
{'ROUGE-1': {'precision': 0.0, 'recall': 0.0, 'f1': 0.0}, 'ROUGE-2': {'precision': 0.0, 'recall': 0.0, 'f1': 0.0}, 'ROUGE-L': {'precision': 0.0, 'recall': 0.0, 'f1': 0.0}} ACCURACY: 0.0
Generating LoRA 0
****************************************************************************************************

Using internalized LoRAs for generation

****************************************************************************************************
QUESTION: who proposed the first accurate model of dna
GOLD ANSWER: ['Watson', 'Crick']
GENERATED ANSWER: Watson and Crick 
{'ROUGE-1': {'precision': 0.3333333333333333, 'recall': 1.0, 'f1': 0.5}, 'ROUGE-2': {'precision': 0.0, 'recall': 0.0, 'f1': 0.0}, 'ROUGE-L': {'precision': 0.3333333333333333, 'recall': 1.0, 'f1': 0.5}} ACCURACY: 0.0
Generating LoRA 0
****************************************************************************************************

Using internalized LoRAs for generation

****************************************************************************************************
QUESTION: where is the hero golf challenge being played
GOLD ANSWER: ['The Bahamas', 'Albany development in the Bahamas']
GENERATED ANSWER: The Bahamas 
{'ROUGE-1': {'precision': 1.0, 'recall': 1.0, 'f1': 1.0}, 'ROUGE-2': {'precision': 1.0, 'recall': 1.0, 'f1': 1.0}, 'ROUGE-L': {'precision': 1.0, 'recall': 1.0, 'f1': 1.0}} ACCURACY: 1.0
Generating LoRA 0
****************************************************************************************************

Using internalized LoRAs for generation

****************************************************************************************************
QUESTION: who wrote put your hand in the hand of the man who stilled the water
GOLD ANSWER: ['Gene MacLellan']
GENERATED ANSWER: Gene MacLellan 
{'ROUGE-1': {'precision': 1.0, 'recall': 1.0, 'f1': 1.0}, 'ROUGE-2': {'precision': 1.0, 'recall': 1.0, 'f1': 1.0}, 'ROUGE-L': {'precision': 1.0, 'recall': 1.0, 'f1': 1.0}} ACCURACY: 1.0
Generating LoRA 0
****************************************************************************************************

Using internalized LoRAs for generation

****************************************************************************************************
QUESTION: who presides over the joint sessions of parliament
GOLD ANSWER: ['President']
GENERATED ANSWER: The President. 
{'ROUGE-1': {'precision': 0.5, 'recall': 1.0, 'f1': 0.6666666666666666}, 'ROUGE-2': {'precision': 0.0, 'recall': 0.0, 'f1': 0.0}, 'ROUGE-L': {'precision': 0.5, 'recall': 1.0, 'f1': 0.6666666666666666}} ACCURACY: 0.0
Generating LoRA 0
****************************************************************************************************

Using internalized LoRAs for generation

****************************************************************************************************
QUESTION: who was the president of pakistan during 1971 war
GOLD ANSWER: ['President Yahya Khan', 'Yahya Khan']
GENERATED ANSWER: Yahya Khan 
{'ROUGE-1': {'precision': 1.0, 'recall': 1.0, 'f1': 1.0}, 'ROUGE-2': {'precision': 1.0, 'recall': 1.0, 'f1': 1.0}, 'ROUGE-L': {'precision': 1.0, 'recall': 1.0, 'f1': 1.0}} ACCURACY: 1.0
Generating LoRA 0
****************************************************************************************************

Using internalized LoRAs for generation

****************************************************************************************************
QUESTION: who is the girl in the hinder video lips of an angel
GOLD ANSWER: ['Emmanuelle Chriqui']
GENERATED ANSWER: Shaun Scully 
{'ROUGE-1': {'precision': 0.0, 'recall': 0.0, 'f1': 0.0}, 'ROUGE-2': {'precision': 0.0, 'recall': 0.0, 'f1': 0.0}, 'ROUGE-L': {'precision': 0.0, 'recall': 0.0, 'f1': 0.0}} ACCURACY: 0.0
Generating LoRA 0
****************************************************************************************************

Using internalized LoRAs for generation

****************************************************************************************************
QUESTION: who helped the british in the french and indian war
GOLD ANSWER: ['Cherokee', 'Iroquois Confederacy', 'the colonies of British America', 'Catawba', 'Iroquois']
GENERATED ANSWER: The Iroquois Confederacy members Abenaki, and Mi'kmaq. 
{'ROUGE-1': {'precision': 0.2857142857142857, 'recall': 1.0, 'f1': 0.4444444444444445}, 'ROUGE-2': {'precision': 0.16666666666666666, 'recall': 1.0, 'f1': 0.2857142857142857}, 'ROUGE-L': {'precision': 0.2857142857142857, 'recall': 1.0, 'f1': 0.4444444444444445}} ACCURACY: 0.0
Generating LoRA 0
****************************************************************************************************

Using internalized LoRAs for generation

****************************************************************************************************
QUESTION: which animal is the carrier of the h1n1 virus
GOLD ANSWER: ['Pig', 'pigs']
GENERATED ANSWER: Swine 
{'ROUGE-1': {'precision': 0.0, 'recall': 0.0, 'f1': 0.0}, 'ROUGE-2': {'precision': 0.0, 'recall': 0.0, 'f1': 0.0}, 'ROUGE-L': {'precision': 0.0, 'recall': 0.0, 'f1': 0.0}} ACCURACY: 0.0
Generating LoRA 0
****************************************************************************************************

Using internalized LoRAs for generation

****************************************************************************************************
QUESTION: which type of fire detector uses the effect of smoke on a light source and photo-electric cell
GOLD ANSWER: ['optical smoke detector']
GENERATED ANSWER: Photoelectric beam detector 
{'ROUGE-1': {'precision': 0.3333333333333333, 'recall': 0.3333333333333333, 'f1': 0.3333333333333333}, 'ROUGE-2': {'precision': 0.0, 'recall': 0.0, 'f1': 0.0}, 'ROUGE-L': {'precision': 0.3333333333333333, 'recall': 0.3333333333333333, 'f1': 0.3333333333333333}} ACCURACY: 0.0
Generating LoRA 0
****************************************************************************************************

Using internalized LoRAs for generation

****************************************************************************************************
QUESTION: when did the romanticism period start and end
GOLD ANSWER: ['1780–1830']
GENERATED ANSWER: Roughly between 1770 and 1830. 
{'ROUGE-1': {'precision': 0.0, 'recall': 0.0, 'f1': 0.0}, 'ROUGE-2': {'precision': 0.0, 'recall': 0.0, 'f1': 0.0}, 'ROUGE-L': {'precision': 0.0, 'recall': 0.0, 'f1': 0.0}} ACCURACY: 0.0
Generating LoRA 0
****************************************************************************************************

Using internalized LoRAs for generation

****************************************************************************************************
QUESTION: who sings ive loved you for a thousand years
GOLD ANSWER: ['Christina Perri']
GENERATED ANSWER: Christina Perri 
{'ROUGE-1': {'precision': 1.0, 'recall': 1.0, 'f1': 1.0}, 'ROUGE-2': {'precision': 1.0, 'recall': 1.0, 'f1': 1.0}, 'ROUGE-L': {'precision': 1.0, 'recall': 1.0, 'f1': 1.0}} ACCURACY: 1.0
Generating LoRA 0
****************************************************************************************************

Using internalized LoRAs for generation

****************************************************************************************************
QUESTION: who stole the mona lisa from the louvre in 1911
GOLD ANSWER: ['Vincenzo Peruggia']
GENERATED ANSWER: Vincenzo Peruggia 
{'ROUGE-1': {'precision': 1.0, 'recall': 1.0, 'f1': 1.0}, 'ROUGE-2': {'precision': 1.0, 'recall': 1.0, 'f1': 1.0}, 'ROUGE-L': {'precision': 1.0, 'recall': 1.0, 'f1': 1.0}} ACCURACY: 1.0
Generating LoRA 0
****************************************************************************************************

Using internalized LoRAs for generation

****************************************************************************************************
QUESTION: who sings far from the home i love in fiddler on the roof
GOLD ANSWER: ['Hodel']
GENERATED ANSWER: Tseel 
{'ROUGE-1': {'precision': 0.0, 'recall': 0.0, 'f1': 0.0}, 'ROUGE-2': {'precision': 0.0, 'recall': 0.0, 'f1': 0.0}, 'ROUGE-L': {'precision': 0.0, 'recall': 0.0, 'f1': 0.0}} ACCURACY: 0.0
Generating LoRA 0
****************************************************************************************************

Using internalized LoRAs for generation

****************************************************************************************************
QUESTION: when did billy don't be a hero come out
GOLD ANSWER: ['1974']
GENERATED ANSWER: 1974 
{'ROUGE-1': {'precision': 1.0, 'recall': 1.0, 'f1': 1.0}, 'ROUGE-2': {'precision': 0.0, 'recall': 0.0, 'f1': 0.0}, 'ROUGE-L': {'precision': 1.0, 'recall': 1.0, 'f1': 1.0}} ACCURACY: 1.0
Generating LoRA 0
****************************************************************************************************

Using internalized LoRAs for generation

****************************************************************************************************
QUESTION: who wrote somewhere there's a place for us
GOLD ANSWER: ['Stephen Sondheim', 'lyrics by Stephen Sondheim', 'Leonard Bernstein']
GENERATED ANSWER: Leonard Bernstein 
{'ROUGE-1': {'precision': 1.0, 'recall': 1.0, 'f1': 1.0}, 'ROUGE-2': {'precision': 1.0, 'recall': 1.0, 'f1': 1.0}, 'ROUGE-L': {'precision': 1.0, 'recall': 1.0, 'f1': 1.0}} ACCURACY: 1.0
Generating LoRA 0
****************************************************************************************************

Using internalized LoRAs for generation

****************************************************************************************************
QUESTION: what information is displayed in clear text from the ftp header
GOLD ANSWER: ['all transmissions']
GENERATED ANSWER: Username, passwords, commands, and data. 
{'ROUGE-1': {'precision': 0.0, 'recall': 0.0, 'f1': 0.0}, 'ROUGE-2': {'precision': 0.0, 'recall': 0.0, 'f1': 0.0}, 'ROUGE-L': {'precision': 0.0, 'recall': 0.0, 'f1': 0.0}} ACCURACY: 0.0
Generating LoRA 0
****************************************************************************************************

Using internalized LoRAs for generation

****************************************************************************************************
QUESTION: what is the name of son of lord krishna
GOLD ANSWER: ['Pradyumna']
GENERATED ANSWER: Pradyumna 
{'ROUGE-1': {'precision': 1.0, 'recall': 1.0, 'f1': 1.0}, 'ROUGE-2': {'precision': 0.0, 'recall': 0.0, 'f1': 0.0}, 'ROUGE-L': {'precision': 1.0, 'recall': 1.0, 'f1': 1.0}} ACCURACY: 1.0
Generating LoRA 0
****************************************************************************************************

Using internalized LoRAs for generation

****************************************************************************************************
QUESTION: who is considered as architect of india constitution
GOLD ANSWER: ['B. R. Ambedkar']
GENERATED ANSWER: B. R. Ambedkar 
{'ROUGE-1': {'precision': 1.0, 'recall': 1.0, 'f1': 1.0}, 'ROUGE-2': {'precision': 1.0, 'recall': 1.0, 'f1': 1.0}, 'ROUGE-L': {'precision': 1.0, 'recall': 1.0, 'f1': 1.0}} ACCURACY: 1.0
Generating LoRA 0
****************************************************************************************************

Using internalized LoRAs for generation

****************************************************************************************************
QUESTION: who sang with eternal on i wanna be the only one
GOLD ANSWER: ['BeBe Winans']
GENERATED ANSWER: BeBe Winans 
{'ROUGE-1': {'precision': 1.0, 'recall': 1.0, 'f1': 1.0}, 'ROUGE-2': {'precision': 1.0, 'recall': 1.0, 'f1': 1.0}, 'ROUGE-L': {'precision': 1.0, 'recall': 1.0, 'f1': 1.0}} ACCURACY: 1.0
Generating LoRA 0
****************************************************************************************************

Using internalized LoRAs for generation

****************************************************************************************************
QUESTION: who was elected the president of constituent assembly
GOLD ANSWER: ['Rajendra Prasad', 'Dr. Rajendra Prasad, INC', 'Dr. Rajendra Prasad']
GENERATED ANSWER: Dr. Rajendra Prasad 
{'ROUGE-1': {'precision': 1.0, 'recall': 1.0, 'f1': 1.0}, 'ROUGE-2': {'precision': 1.0, 'recall': 1.0, 'f1': 1.0}, 'ROUGE-L': {'precision': 1.0, 'recall': 1.0, 'f1': 1.0}} ACCURACY: 1.0
Generating LoRA 0
****************************************************************************************************

Using internalized LoRAs for generation

****************************************************************************************************
QUESTION: what is the name of the gap between two front teeth
GOLD ANSWER: ['diastema (plural diastemata)', 'diastema']
GENERATED ANSWER: Diastemma 
{'ROUGE-1': {'precision': 0.0, 'recall': 0.0, 'f1': 0.0}, 'ROUGE-2': {'precision': 0.0, 'recall': 0.0, 'f1': 0.0}, 'ROUGE-L': {'precision': 0.0, 'recall': 0.0, 'f1': 0.0}} ACCURACY: 0.0
Generating LoRA 0
****************************************************************************************************

Using internalized LoRAs for generation

****************************************************************************************************
QUESTION: deep water fishing boat with many baited hooks
GOLD ANSWER: ['Longline fishing', 'Longliners', 'Longline']
GENERATED ANSWER: Longline 
{'ROUGE-1': {'precision': 1.0, 'recall': 1.0, 'f1': 1.0}, 'ROUGE-2': {'precision': 0.0, 'recall': 0.0, 'f1': 0.0}, 'ROUGE-L': {'precision': 1.0, 'recall': 1.0, 'f1': 1.0}} ACCURACY: 1.0
Generating LoRA 0
****************************************************************************************************

Using internalized LoRAs for generation

****************************************************************************************************
QUESTION: how many steps does the cn tower have
GOLD ANSWER: ['2,579 steps', '2,579']
GENERATED ANSWER: 1,776 
{'ROUGE-1': {'precision': 0.0, 'recall': 0.0, 'f1': 0.0}, 'ROUGE-2': {'precision': 0.0, 'recall': 0.0, 'f1': 0.0}, 'ROUGE-L': {'precision': 0.0, 'recall': 0.0, 'f1': 0.0}} ACCURACY: 0.0
Generating LoRA 0
****************************************************************************************************

Using internalized LoRAs for generation

****************************************************************************************************
QUESTION: when did south sudan join east african community
GOLD ANSWER: ['April 2016', '2016']
GENERATED ANSWER: March 2016. 
{'ROUGE-1': {'precision': 0.5, 'recall': 1.0, 'f1': 0.6666666666666666}, 'ROUGE-2': {'precision': 0.0, 'recall': 0.0, 'f1': 0.0}, 'ROUGE-L': {'precision': 0.5, 'recall': 1.0, 'f1': 0.6666666666666666}} ACCURACY: 0.0
Generating LoRA 0
****************************************************************************************************

Using internalized LoRAs for generation

****************************************************************************************************
QUESTION: when did cricket go to 6 ball overs
GOLD ANSWER: ['1979/80', 'Since 1979/80']
GENERATED ANSWER: Since 1979/80. 
{'ROUGE-1': {'precision': 1.0, 'recall': 1.0, 'f1': 1.0}, 'ROUGE-2': {'precision': 1.0, 'recall': 1.0, 'f1': 1.0}, 'ROUGE-L': {'precision': 1.0, 'recall': 1.0, 'f1': 1.0}} ACCURACY: 1.0
Generating LoRA 0
****************************************************************************************************

Using internalized LoRAs for generation

****************************************************************************************************
QUESTION: who votes in the speaker of the house
GOLD ANSWER: ['The House of Representatives']
GENERATED ANSWER: The House of Representatives. 
{'ROUGE-1': {'precision': 1.0, 'recall': 1.0, 'f1': 1.0}, 'ROUGE-2': {'precision': 1.0, 'recall': 1.0, 'f1': 1.0}, 'ROUGE-L': {'precision': 1.0, 'recall': 1.0, 'f1': 1.0}} ACCURACY: 1.0
Generating LoRA 0
****************************************************************************************************

Using internalized LoRAs for generation

****************************************************************************************************
QUESTION: who plays steve's wife on my three sons
GOLD ANSWER: ['Beverly Garland']
GENERATED ANSWER: Barbara Harper 
{'ROUGE-1': {'precision': 0.0, 'recall': 0.0, 'f1': 0.0}, 'ROUGE-2': {'precision': 0.0, 'recall': 0.0, 'f1': 0.0}, 'ROUGE-L': {'precision': 0.0, 'recall': 0.0, 'f1': 0.0}} ACCURACY: 0.0
Generating LoRA 0
****************************************************************************************************

Using internalized LoRAs for generation

****************************************************************************************************
QUESTION: the chinese dragons are protectors of how many seas diggy
GOLD ANSWER: ['Four Seas', 'Four']
GENERATED ANSWER: Four. 
{'ROUGE-1': {'precision': 1.0, 'recall': 1.0, 'f1': 1.0}, 'ROUGE-2': {'precision': 0.0, 'recall': 0.0, 'f1': 0.0}, 'ROUGE-L': {'precision': 1.0, 'recall': 1.0, 'f1': 1.0}} ACCURACY: 1.0
Generating LoRA 0
****************************************************************************************************

Using internalized LoRAs for generation

****************************************************************************************************
QUESTION: what is the meaning of gorakh dhanda in urdu
GOLD ANSWER: ['You are a Puzzle']
GENERATED ANSWER: Tum Ek Gorakh Dhanda 
{'ROUGE-1': {'precision': 0.0, 'recall': 0.0, 'f1': 0.0}, 'ROUGE-2': {'precision': 0.0, 'recall': 0.0, 'f1': 0.0}, 'ROUGE-L': {'precision': 0.0, 'recall': 0.0, 'f1': 0.0}} ACCURACY: 0.0
Generating LoRA 0
****************************************************************************************************

Using internalized LoRAs for generation

****************************************************************************************************
QUESTION: who was the first to say i'm going to disney world
GOLD ANSWER: ['Jeana Yeager', 'Phil Simms', 'Dick Rutan']
GENERATED ANSWER: Jane Rutan 
{'ROUGE-1': {'precision': 0.5, 'recall': 0.5, 'f1': 0.5}, 'ROUGE-2': {'precision': 0.0, 'recall': 0.0, 'f1': 0.0}, 'ROUGE-L': {'precision': 0.5, 'recall': 0.5, 'f1': 0.5}} ACCURACY: 0.0
Generating LoRA 0
****************************************************************************************************

Using internalized LoRAs for generation

****************************************************************************************************
QUESTION: who signed the largest on the declaration of independence
GOLD ANSWER: ['John Hancock']
GENERATED ANSWER: John Hancock 
{'ROUGE-1': {'precision': 1.0, 'recall': 1.0, 'f1': 1.0}, 'ROUGE-2': {'precision': 1.0, 'recall': 1.0, 'f1': 1.0}, 'ROUGE-L': {'precision': 1.0, 'recall': 1.0, 'f1': 1.0}} ACCURACY: 1.0
Generating LoRA 0
****************************************************************************************************

Using internalized LoRAs for generation

****************************************************************************************************
QUESTION: when was the r10+20 summit in rio de janeiro held
GOLD ANSWER: ['June 2012', '13 to 22 June 2012']
GENERATED ANSWER: 13 to 22 June 2012 
{'ROUGE-1': {'precision': 1.0, 'recall': 1.0, 'f1': 1.0}, 'ROUGE-2': {'precision': 1.0, 'recall': 1.0, 'f1': 1.0}, 'ROUGE-L': {'precision': 1.0, 'recall': 1.0, 'f1': 1.0}} ACCURACY: 1.0
Generating LoRA 0
****************************************************************************************************

Using internalized LoRAs for generation

****************************************************************************************************
QUESTION: where did the book small steps take place
GOLD ANSWER: ['Austin, Texas']
GENERATED ANSWER: Austin, Texas 
{'ROUGE-1': {'precision': 1.0, 'recall': 1.0, 'f1': 1.0}, 'ROUGE-2': {'precision': 1.0, 'recall': 1.0, 'f1': 1.0}, 'ROUGE-L': {'precision': 1.0, 'recall': 1.0, 'f1': 1.0}} ACCURACY: 1.0
Generating LoRA 0
****************************************************************************************************

Using internalized LoRAs for generation

****************************************************************************************************
QUESTION: when was the last time minnesota vikings was in the super bowl
GOLD ANSWER: ['1969', 'XI']
GENERATED ANSWER: 2017 
{'ROUGE-1': {'precision': 0.0, 'recall': 0.0, 'f1': 0.0}, 'ROUGE-2': {'precision': 0.0, 'recall': 0.0, 'f1': 0.0}, 'ROUGE-L': {'precision': 0.0, 'recall': 0.0, 'f1': 0.0}} ACCURACY: 0.0
Generating LoRA 0
****************************************************************************************************

Using internalized LoRAs for generation

****************************************************************************************************
QUESTION: how many episodes are in season 7 of pretty little liars
GOLD ANSWER: ['20']
GENERATED ANSWER: 10 
{'ROUGE-1': {'precision': 0.0, 'recall': 0.0, 'f1': 0.0}, 'ROUGE-2': {'precision': 0.0, 'recall': 0.0, 'f1': 0.0}, 'ROUGE-L': {'precision': 0.0, 'recall': 0.0, 'f1': 0.0}} ACCURACY: 0.0
Generating LoRA 0
****************************************************************************************************

Using internalized LoRAs for generation

****************************************************************************************************
QUESTION: where did the term 'robot' come from
GOLD ANSWER: ['Czech']
GENERATED ANSWER: The term 'robot' comes from a Czech word meaning 'forced labor'. 
{'ROUGE-1': {'precision': 0.09090909090909091, 'recall': 1.0, 'f1': 0.16666666666666669}, 'ROUGE-2': {'precision': 0.0, 'recall': 0.0, 'f1': 0.0}, 'ROUGE-L': {'precision': 0.09090909090909091, 'recall': 1.0, 'f1': 0.16666666666666669}} ACCURACY: 0.0
Generating LoRA 0
****************************************************************************************************

Using internalized LoRAs for generation

****************************************************************************************************
QUESTION: where is south pole located on a map
GOLD ANSWER: ['on the continent of Antarctica']
GENERATED ANSWER: On the continent of Antarctica. 
{'ROUGE-1': {'precision': 1.0, 'recall': 1.0, 'f1': 1.0}, 'ROUGE-2': {'precision': 1.0, 'recall': 1.0, 'f1': 1.0}, 'ROUGE-L': {'precision': 1.0, 'recall': 1.0, 'f1': 1.0}} ACCURACY: 1.0
Generating LoRA 0
****************************************************************************************************

Using internalized LoRAs for generation

****************************************************************************************************
QUESTION: prior to 1948 north and south vietnam were a part of
GOLD ANSWER: ['France']
GENERATED ANSWER: French Indochina 
{'ROUGE-1': {'precision': 0.0, 'recall': 0.0, 'f1': 0.0}, 'ROUGE-2': {'precision': 0.0, 'recall': 0.0, 'f1': 0.0}, 'ROUGE-L': {'precision': 0.0, 'recall': 0.0, 'f1': 0.0}} ACCURACY: 0.0
Generating LoRA 0
****************************************************************************************************

Using internalized LoRAs for generation

****************************************************************************************************
QUESTION: wal-mart is a prime example of which type organization
GOLD ANSWER: ['multinational retail corporation']
GENERATED ANSWER: multinational corporation 
{'ROUGE-1': {'precision': 1.0, 'recall': 0.6666666666666666, 'f1': 0.8}, 'ROUGE-2': {'precision': 0.0, 'recall': 0.0, 'f1': 0.0}, 'ROUGE-L': {'precision': 1.0, 'recall': 0.6666666666666666, 'f1': 0.8}} ACCURACY: 0.0
Generating LoRA 0
****************************************************************************************************

Using internalized LoRAs for generation

****************************************************************************************************
QUESTION: where do the florida marlins have spring training
GOLD ANSWER: ['Roger Dean Stadium']
GENERATED ANSWER: The Ballpark of The Palm Beaches 
{'ROUGE-1': {'precision': 0.0, 'recall': 0.0, 'f1': 0.0}, 'ROUGE-2': {'precision': 0.0, 'recall': 0.0, 'f1': 0.0}, 'ROUGE-L': {'precision': 0.0, 'recall': 0.0, 'f1': 0.0}} ACCURACY: 0.0
Generating LoRA 0
****************************************************************************************************

Using internalized LoRAs for generation

****************************************************************************************************
QUESTION: who is the director of nightmare before christmas
GOLD ANSWER: ['Henry Selick']
GENERATED ANSWER: Henry Selick 
{'ROUGE-1': {'precision': 1.0, 'recall': 1.0, 'f1': 1.0}, 'ROUGE-2': {'precision': 1.0, 'recall': 1.0, 'f1': 1.0}, 'ROUGE-L': {'precision': 1.0, 'recall': 1.0, 'f1': 1.0}} ACCURACY: 1.0
Generating LoRA 0
****************************************************************************************************

Using internalized LoRAs for generation

****************************************************************************************************
QUESTION: when was the term social justice first used
GOLD ANSWER: ['the 1840s', '1840s']
GENERATED ANSWER: 1840s 
{'ROUGE-1': {'precision': 1.0, 'recall': 1.0, 'f1': 1.0}, 'ROUGE-2': {'precision': 0.0, 'recall': 0.0, 'f1': 0.0}, 'ROUGE-L': {'precision': 1.0, 'recall': 1.0, 'f1': 1.0}} ACCURACY: 1.0
Generating LoRA 0
****************************************************************************************************

Using internalized LoRAs for generation

****************************************************************************************************
QUESTION: when did it become law to stand for the national anthem
GOLD ANSWER: ['June 22, 1942']
GENERATED ANSWER: December 22, 1942. 
{'ROUGE-1': {'precision': 0.6666666666666666, 'recall': 0.6666666666666666, 'f1': 0.6666666666666666}, 'ROUGE-2': {'precision': 0.5, 'recall': 0.5, 'f1': 0.5}, 'ROUGE-L': {'precision': 0.6666666666666666, 'recall': 0.6666666666666666, 'f1': 0.6666666666666666}} ACCURACY: 0.0
Generating LoRA 0
****************************************************************************************************

Using internalized LoRAs for generation

****************************************************************************************************
QUESTION: who changed the role of the first lady
GOLD ANSWER: ['Dolley Madison']
GENERATED ANSWER: Eleanor Roosevelt 
{'ROUGE-1': {'precision': 0.0, 'recall': 0.0, 'f1': 0.0}, 'ROUGE-2': {'precision': 0.0, 'recall': 0.0, 'f1': 0.0}, 'ROUGE-L': {'precision': 0.0, 'recall': 0.0, 'f1': 0.0}} ACCURACY: 0.0
Generating LoRA 0
****************************************************************************************************

Using internalized LoRAs for generation

****************************************************************************************************
QUESTION: what is the word for clarified butter in the balkans and middle east
GOLD ANSWER: ['smen']
GENERATED ANSWER: Smen 
{'ROUGE-1': {'precision': 1.0, 'recall': 1.0, 'f1': 1.0}, 'ROUGE-2': {'precision': 0.0, 'recall': 0.0, 'f1': 0.0}, 'ROUGE-L': {'precision': 1.0, 'recall': 1.0, 'f1': 1.0}} ACCURACY: 1.0
Generating LoRA 0
****************************************************************************************************

Using internalized LoRAs for generation

****************************************************************************************************
QUESTION: what is the name of the compound p4010
GOLD ANSWER: ['Phosphorus pentoxide']
GENERATED ANSWER: P4O10 
{'ROUGE-1': {'precision': 0.0, 'recall': 0.0, 'f1': 0.0}, 'ROUGE-2': {'precision': 0.0, 'recall': 0.0, 'f1': 0.0}, 'ROUGE-L': {'precision': 0.0, 'recall': 0.0, 'f1': 0.0}} ACCURACY: 0.0
Generating LoRA 0
****************************************************************************************************

Using internalized LoRAs for generation

****************************************************************************************************
QUESTION: who owns spirit of the suwannee music park
GOLD ANSWER: ['The Cornett family']
GENERATED ANSWER: The Cornett family. 
{'ROUGE-1': {'precision': 1.0, 'recall': 1.0, 'f1': 1.0}, 'ROUGE-2': {'precision': 1.0, 'recall': 1.0, 'f1': 1.0}, 'ROUGE-L': {'precision': 1.0, 'recall': 1.0, 'f1': 1.0}} ACCURACY: 1.0
Generating LoRA 0
****************************************************************************************************

Using internalized LoRAs for generation

****************************************************************************************************
QUESTION: who invented the first home video security system
GOLD ANSWER: ['her husband Albert Brown', 'Marie Van Brittan Brown']
GENERATED ANSWER: Marie Van Brittan Brown 
{'ROUGE-1': {'precision': 1.0, 'recall': 1.0, 'f1': 1.0}, 'ROUGE-2': {'precision': 1.0, 'recall': 1.0, 'f1': 1.0}, 'ROUGE-L': {'precision': 1.0, 'recall': 1.0, 'f1': 1.0}} ACCURACY: 1.0
Generating LoRA 0
****************************************************************************************************

Using internalized LoRAs for generation

****************************************************************************************************
QUESTION: when was harry potter and the philosophers stone published
GOLD ANSWER: ['in 1997', '1997']
GENERATED ANSWER: 1997 
{'ROUGE-1': {'precision': 1.0, 'recall': 1.0, 'f1': 1.0}, 'ROUGE-2': {'precision': 0.0, 'recall': 0.0, 'f1': 0.0}, 'ROUGE-L': {'precision': 1.0, 'recall': 1.0, 'f1': 1.0}} ACCURACY: 1.0
Generating LoRA 0
****************************************************************************************************

Using internalized LoRAs for generation

****************************************************************************************************
QUESTION: who is the father of genetics and what did he study
GOLD ANSWER: ['the common edible pea', 'Mendel', 'pea plants', 'variation in plants', 'Gregor Mendel']
GENERATED ANSWER: Gregor Mendel. He studied variation in plants. 
{'ROUGE-1': {'precision': 0.42857142857142855, 'recall': 1.0, 'f1': 0.6}, 'ROUGE-2': {'precision': 0.3333333333333333, 'recall': 1.0, 'f1': 0.5}, 'ROUGE-L': {'precision': 0.42857142857142855, 'recall': 1.0, 'f1': 0.6}} ACCURACY: 0.0
Generating LoRA 0
****************************************************************************************************

Using internalized LoRAs for generation

****************************************************************************************************
QUESTION: who played the judge in good will hunting
GOLD ANSWER: ['James P. Flynn']
GENERATED ANSWER: James P. Flynn 
{'ROUGE-1': {'precision': 1.0, 'recall': 1.0, 'f1': 1.0}, 'ROUGE-2': {'precision': 1.0, 'recall': 1.0, 'f1': 1.0}, 'ROUGE-L': {'precision': 1.0, 'recall': 1.0, 'f1': 1.0}} ACCURACY: 1.0
Generating LoRA 0
****************************************************************************************************

Using internalized LoRAs for generation

****************************************************************************************************
QUESTION: what state did they film daddy's home 2
GOLD ANSWER: ['Great Barrington, Massachusetts', 'Framingham, Massachusetts', 'Massachusetts', 'Concord, Massachusetts']
GENERATED ANSWER: Massachusetts 
{'ROUGE-1': {'precision': 1.0, 'recall': 1.0, 'f1': 1.0}, 'ROUGE-2': {'precision': 0.0, 'recall': 0.0, 'f1': 0.0}, 'ROUGE-L': {'precision': 1.0, 'recall': 1.0, 'f1': 1.0}} ACCURACY: 1.0
Generating LoRA 0
****************************************************************************************************

Using internalized LoRAs for generation

****************************************************************************************************
QUESTION: where was the first session of the assam association held in1905
GOLD ANSWER: ['Guwahati']
GENERATED ANSWER: Guwahati 
{'ROUGE-1': {'precision': 1.0, 'recall': 1.0, 'f1': 1.0}, 'ROUGE-2': {'precision': 0.0, 'recall': 0.0, 'f1': 0.0}, 'ROUGE-L': {'precision': 1.0, 'recall': 1.0, 'f1': 1.0}} ACCURACY: 1.0
Generating LoRA 0
****************************************************************************************************

Using internalized LoRAs for generation

****************************************************************************************************
QUESTION: who proved that cells come from other cells
GOLD ANSWER: ['Matthias Schleiden', 'Robert Hooke', 'Robert Remak', 'Theodor Schwann', 'Rudolf Virchow']
GENERATED ANSWER: Robert Remak 
{'ROUGE-1': {'precision': 1.0, 'recall': 1.0, 'f1': 1.0}, 'ROUGE-2': {'precision': 1.0, 'recall': 1.0, 'f1': 1.0}, 'ROUGE-L': {'precision': 1.0, 'recall': 1.0, 'f1': 1.0}} ACCURACY: 1.0
Generating LoRA 0
****************************************************************************************************

Using internalized LoRAs for generation

****************************************************************************************************
QUESTION: who sang the song with reba does he love you
GOLD ANSWER: ['Linda Davis']
GENERATED ANSWER: Billy Stritch 
{'ROUGE-1': {'precision': 0.0, 'recall': 0.0, 'f1': 0.0}, 'ROUGE-2': {'precision': 0.0, 'recall': 0.0, 'f1': 0.0}, 'ROUGE-L': {'precision': 0.0, 'recall': 0.0, 'f1': 0.0}} ACCURACY: 0.0
Generating LoRA 0
****************************************************************************************************

Using internalized LoRAs for generation

****************************************************************************************************
QUESTION: what is the source of information for account receivables
GOLD ANSWER: ['invoices']
GENERATED ANSWER: The source of information for account receivables is invoices. 
{'ROUGE-1': {'precision': 0.1111111111111111, 'recall': 1.0, 'f1': 0.19999999999999998}, 'ROUGE-2': {'precision': 0.0, 'recall': 0.0, 'f1': 0.0}, 'ROUGE-L': {'precision': 0.1111111111111111, 'recall': 1.0, 'f1': 0.19999999999999998}} ACCURACY: 0.0
Generating LoRA 0
****************************************************************************************************

Using internalized LoRAs for generation

****************************************************************************************************
QUESTION: skin that covers the palms fingertips and soles of the feet
GOLD ANSWER: ['stratum lucidum']
GENERATED ANSWER: Stratum lucidum 
{'ROUGE-1': {'precision': 1.0, 'recall': 1.0, 'f1': 1.0}, 'ROUGE-2': {'precision': 1.0, 'recall': 1.0, 'f1': 1.0}, 'ROUGE-L': {'precision': 1.0, 'recall': 1.0, 'f1': 1.0}} ACCURACY: 1.0
Generating LoRA 0
****************************************************************************************************

Using internalized LoRAs for generation

****************************************************************************************************
QUESTION: who dies in the lost city of z
GOLD ANSWER: ['Manley']
GENERATED ANSWER: Jack. 
{'ROUGE-1': {'precision': 0.0, 'recall': 0.0, 'f1': 0.0}, 'ROUGE-2': {'precision': 0.0, 'recall': 0.0, 'f1': 0.0}, 'ROUGE-L': {'precision': 0.0, 'recall': 0.0, 'f1': 0.0}} ACCURACY: 0.0
Generating LoRA 0
****************************************************************************************************

Using internalized LoRAs for generation

****************************************************************************************************
QUESTION: when was the last time oklahoma won a national championship in football
GOLD ANSWER: ['2003', '2000']
GENERATED ANSWER: 1959 
{'ROUGE-1': {'precision': 0.0, 'recall': 0.0, 'f1': 0.0}, 'ROUGE-2': {'precision': 0.0, 'recall': 0.0, 'f1': 0.0}, 'ROUGE-L': {'precision': 0.0, 'recall': 0.0, 'f1': 0.0}} ACCURACY: 0.0
Generating LoRA 0
****************************************************************************************************

Using internalized LoRAs for generation

****************************************************************************************************
QUESTION: who sang it my party and i'll cry if i want to in the 80
GOLD ANSWER: ['Barbara Gaskin', 'Dave Stewart', 'The Chipettes', 'Dave Stewart and Barbara Gaskin']
GENERATED ANSWER: Dave Stewart and Barbara Gaskin 
{'ROUGE-1': {'precision': 1.0, 'recall': 1.0, 'f1': 1.0}, 'ROUGE-2': {'precision': 1.0, 'recall': 1.0, 'f1': 1.0}, 'ROUGE-L': {'precision': 1.0, 'recall': 1.0, 'f1': 1.0}} ACCURACY: 1.0
Generating LoRA 0
****************************************************************************************************

Using internalized LoRAs for generation

****************************************************************************************************
QUESTION: legislation regarding data protection and security in uk
GOLD ANSWER: ['The Data Protection Act 1998', 'Data Protection Act 1998']
GENERATED ANSWER: The Data Protection Act 1998. 
{'ROUGE-1': {'precision': 1.0, 'recall': 1.0, 'f1': 1.0}, 'ROUGE-2': {'precision': 1.0, 'recall': 1.0, 'f1': 1.0}, 'ROUGE-L': {'precision': 1.0, 'recall': 1.0, 'f1': 1.0}} ACCURACY: 1.0
Generating LoRA 0
****************************************************************************************************

Using internalized LoRAs for generation

****************************************************************************************************
QUESTION: where does the eurostar train arrives in london
GOLD ANSWER: ['St Pancras International']
GENERATED ANSWER: St Pancras International 
{'ROUGE-1': {'precision': 1.0, 'recall': 1.0, 'f1': 1.0}, 'ROUGE-2': {'precision': 1.0, 'recall': 1.0, 'f1': 1.0}, 'ROUGE-L': {'precision': 1.0, 'recall': 1.0, 'f1': 1.0}} ACCURACY: 1.0
Generating LoRA 0
****************************************************************************************************

Using internalized LoRAs for generation

****************************************************************************************************
QUESTION: krypton-85 decays by emission of a beta particle. the product of this decay is
GOLD ANSWER: ['rubidium-85']
GENERATED ANSWER: Rubidium-85 
{'ROUGE-1': {'precision': 1.0, 'recall': 1.0, 'f1': 1.0}, 'ROUGE-2': {'precision': 0.0, 'recall': 0.0, 'f1': 0.0}, 'ROUGE-L': {'precision': 1.0, 'recall': 1.0, 'f1': 1.0}} ACCURACY: 1.0
Generating LoRA 0
****************************************************************************************************

Using internalized LoRAs for generation

****************************************************************************************************
QUESTION: who sings every light in the house is on
GOLD ANSWER: ['Trace Adkins']
GENERATED ANSWER: Trace Adkins 
{'ROUGE-1': {'precision': 1.0, 'recall': 1.0, 'f1': 1.0}, 'ROUGE-2': {'precision': 1.0, 'recall': 1.0, 'f1': 1.0}, 'ROUGE-L': {'precision': 1.0, 'recall': 1.0, 'f1': 1.0}} ACCURACY: 1.0
Generating LoRA 0
****************************************************************************************************

Using internalized LoRAs for generation

****************************************************************************************************
QUESTION: who was the leader of the soviet union when the berlin wall was built
GOLD ANSWER: ['Khrushchev', 'Nikita Khrushchev', 'Joseph Stalin']
GENERATED ANSWER: Nikita Khrushchev 
{'ROUGE-1': {'precision': 1.0, 'recall': 1.0, 'f1': 1.0}, 'ROUGE-2': {'precision': 1.0, 'recall': 1.0, 'f1': 1.0}, 'ROUGE-L': {'precision': 1.0, 'recall': 1.0, 'f1': 1.0}} ACCURACY: 1.0
Generating LoRA 0
****************************************************************************************************

Using internalized LoRAs for generation

****************************************************************************************************
QUESTION: how many stores does lowes have in canada
GOLD ANSWER: ['62']
GENERATED ANSWER: 62 
{'ROUGE-1': {'precision': 1.0, 'recall': 1.0, 'f1': 1.0}, 'ROUGE-2': {'precision': 0.0, 'recall': 0.0, 'f1': 0.0}, 'ROUGE-L': {'precision': 1.0, 'recall': 1.0, 'f1': 1.0}} ACCURACY: 1.0
Generating LoRA 0
****************************************************************************************************

Using internalized LoRAs for generation

****************************************************************************************************
QUESTION: who developed the central processing unit (cpu)
GOLD ANSWER: ['John von Neumann']
GENERATED ANSWER: John von Neumann 
{'ROUGE-1': {'precision': 1.0, 'recall': 1.0, 'f1': 1.0}, 'ROUGE-2': {'precision': 1.0, 'recall': 1.0, 'f1': 1.0}, 'ROUGE-L': {'precision': 1.0, 'recall': 1.0, 'f1': 1.0}} ACCURACY: 1.0
Generating LoRA 0
****************************************************************************************************

Using internalized LoRAs for generation

****************************************************************************************************
QUESTION: what is a another name for the water cycle
GOLD ANSWER: ['the hydrological cycle', 'the hydrologic cycle', 'hydrologic cycle', 'hydrological cycle']
GENERATED ANSWER: Hydrological cycle 
{'ROUGE-1': {'precision': 1.0, 'recall': 1.0, 'f1': 1.0}, 'ROUGE-2': {'precision': 1.0, 'recall': 1.0, 'f1': 1.0}, 'ROUGE-L': {'precision': 1.0, 'recall': 1.0, 'f1': 1.0}} ACCURACY: 1.0
Generating LoRA 0
****************************************************************************************************

Using internalized LoRAs for generation

****************************************************************************************************
QUESTION: what is the biggest determinant of climate in venezuela
GOLD ANSWER: ['altitude']
GENERATED ANSWER: Altitude. 
{'ROUGE-1': {'precision': 1.0, 'recall': 1.0, 'f1': 1.0}, 'ROUGE-2': {'precision': 0.0, 'recall': 0.0, 'f1': 0.0}, 'ROUGE-L': {'precision': 1.0, 'recall': 1.0, 'f1': 1.0}} ACCURACY: 1.0
Generating LoRA 0
****************************************************************************************************

Using internalized LoRAs for generation

****************************************************************************************************
QUESTION: who invented the printing press and in what year
GOLD ANSWER: ['the German Johannes Gutenberg', 'Johannes Gutenberg around 1440', '1440', 'Johannes Gutenberg', 'around 1440']
GENERATED ANSWER: Johannes Gutenberg 
{'ROUGE-1': {'precision': 1.0, 'recall': 1.0, 'f1': 1.0}, 'ROUGE-2': {'precision': 1.0, 'recall': 1.0, 'f1': 1.0}, 'ROUGE-L': {'precision': 1.0, 'recall': 1.0, 'f1': 1.0}} ACCURACY: 1.0
Generating LoRA 0
****************************************************************************************************

Using internalized LoRAs for generation

****************************************************************************************************
QUESTION: where in the bible are the 12 disciples
GOLD ANSWER: ['Acts 1:13']
GENERATED ANSWER: The Gospel of Luke. 
{'ROUGE-1': {'precision': 0.0, 'recall': 0.0, 'f1': 0.0}, 'ROUGE-2': {'precision': 0.0, 'recall': 0.0, 'f1': 0.0}, 'ROUGE-L': {'precision': 0.0, 'recall': 0.0, 'f1': 0.0}} ACCURACY: 0.0
Generating LoRA 0
****************************************************************************************************

Using internalized LoRAs for generation

****************************************************************************************************
QUESTION: who is the first indian woman to be canonized as a saint
GOLD ANSWER: ['Saint Alphonsa']
GENERATED ANSWER: Saint Alphonsa. 
{'ROUGE-1': {'precision': 1.0, 'recall': 1.0, 'f1': 1.0}, 'ROUGE-2': {'precision': 1.0, 'recall': 1.0, 'f1': 1.0}, 'ROUGE-L': {'precision': 1.0, 'recall': 1.0, 'f1': 1.0}} ACCURACY: 1.0
Generating LoRA 0
****************************************************************************************************

Using internalized LoRAs for generation

****************************************************************************************************
QUESTION: what is the meaning of the harp in ireland
GOLD ANSWER: ['the arms of Ireland']
GENERATED ANSWER: The harp may have been a symbol of Irish kingship. 
{'ROUGE-1': {'precision': 0.2, 'recall': 0.5, 'f1': 0.28571428571428575}, 'ROUGE-2': {'precision': 0.0, 'recall': 0.0, 'f1': 0.0}, 'ROUGE-L': {'precision': 0.2, 'recall': 0.5, 'f1': 0.28571428571428575}} ACCURACY: 0.0
Generating LoRA 0
****************************************************************************************************

Using internalized LoRAs for generation

****************************************************************************************************
QUESTION: what is the origin of the word celsius
GOLD ANSWER: ['the Swedish astronomer Anders Celsius']
GENERATED ANSWER: The word "celsius" is derived from the Latin word "celsius". 
{'ROUGE-1': {'precision': 0.2, 'recall': 0.4, 'f1': 0.26666666666666666}, 'ROUGE-2': {'precision': 0.0, 'recall': 0.0, 'f1': 0.0}, 'ROUGE-L': {'precision': 0.2, 'recall': 0.4, 'f1': 0.26666666666666666}} ACCURACY: 0.0
Generating LoRA 0
****************************************************************************************************

Using internalized LoRAs for generation

****************************************************************************************************
QUESTION: who plays lindsay denton in line of duty
GOLD ANSWER: ['Keeley Clare Julia Hawes']
GENERATED ANSWER: Keeley Hawes 
{'ROUGE-1': {'precision': 1.0, 'recall': 0.5, 'f1': 0.6666666666666666}, 'ROUGE-2': {'precision': 0.0, 'recall': 0.0, 'f1': 0.0}, 'ROUGE-L': {'precision': 1.0, 'recall': 0.5, 'f1': 0.6666666666666666}} ACCURACY: 0.0
Generating LoRA 0
****************************************************************************************************

Using internalized LoRAs for generation

****************************************************************************************************
QUESTION: when was hitchhiker's guide to the galaxy made
GOLD ANSWER: ['2005', '1978']
GENERATED ANSWER: 1978 
{'ROUGE-1': {'precision': 1.0, 'recall': 1.0, 'f1': 1.0}, 'ROUGE-2': {'precision': 0.0, 'recall': 0.0, 'f1': 0.0}, 'ROUGE-L': {'precision': 1.0, 'recall': 1.0, 'f1': 1.0}} ACCURACY: 1.0
Generating LoRA 0
****************************************************************************************************

Using internalized LoRAs for generation

****************************************************************************************************
QUESTION: what is the full form of cfc's
GOLD ANSWER: ['Chlorofluorocarbons']
GENERATED ANSWER: Chlorofluorocarbons 
{'ROUGE-1': {'precision': 1.0, 'recall': 1.0, 'f1': 1.0}, 'ROUGE-2': {'precision': 0.0, 'recall': 0.0, 'f1': 0.0}, 'ROUGE-L': {'precision': 1.0, 'recall': 1.0, 'f1': 1.0}} ACCURACY: 1.0
Generating LoRA 0
****************************************************************************************************

Using internalized LoRAs for generation

****************************************************************************************************
QUESTION: when does madea's family funeral come out
GOLD ANSWER: ['2018']
GENERATED ANSWER: 2018 
{'ROUGE-1': {'precision': 1.0, 'recall': 1.0, 'f1': 1.0}, 'ROUGE-2': {'precision': 0.0, 'recall': 0.0, 'f1': 0.0}, 'ROUGE-L': {'precision': 1.0, 'recall': 1.0, 'f1': 1.0}} ACCURACY: 1.0
Generating LoRA 0
****************************************************************************************************

Using internalized LoRAs for generation

****************************************************************************************************
QUESTION: who won the battle of saratoga in 1777
GOLD ANSWER: ['Americans', 'the Americans']
GENERATED ANSWER: The Americans. 
{'ROUGE-1': {'precision': 1.0, 'recall': 1.0, 'f1': 1.0}, 'ROUGE-2': {'precision': 1.0, 'recall': 1.0, 'f1': 1.0}, 'ROUGE-L': {'precision': 1.0, 'recall': 1.0, 'f1': 1.0}} ACCURACY: 1.0
Generating LoRA 0
****************************************************************************************************

Using internalized LoRAs for generation

****************************************************************************************************
QUESTION: where does the name loyola university come from
GOLD ANSWER: ['St. Ignatius of Loyola']
GENERATED ANSWER: The name Loyola University comes from the coat-of-arms of the family of Ignatius of Loyola. 
{'ROUGE-1': {'precision': 0.2, 'recall': 0.75, 'f1': 0.31578947368421056}, 'ROUGE-2': {'precision': 0.14285714285714285, 'recall': 0.6666666666666666, 'f1': 0.23529411764705882}, 'ROUGE-L': {'precision': 0.2, 'recall': 0.75, 'f1': 0.31578947368421056}} ACCURACY: 0.0
Generating LoRA 0
****************************************************************************************************

Using internalized LoRAs for generation

****************************************************************************************************
QUESTION: when does season 8 of shameless come back
GOLD ANSWER: ['November 5, 2017']
GENERATED ANSWER: November 5, 2017. 
{'ROUGE-1': {'precision': 1.0, 'recall': 1.0, 'f1': 1.0}, 'ROUGE-2': {'precision': 1.0, 'recall': 1.0, 'f1': 1.0}, 'ROUGE-L': {'precision': 1.0, 'recall': 1.0, 'f1': 1.0}} ACCURACY: 1.0
Generating LoRA 0
****************************************************************************************************

Using internalized LoRAs for generation

****************************************************************************************************
QUESTION: who is playing halftime show super bowl 50
GOLD ANSWER: ['Beyoncé', 'Coldplay', 'Bruno Mars', 'the British rock group Coldplay']
GENERATED ANSWER: Coldplay 
{'ROUGE-1': {'precision': 1.0, 'recall': 1.0, 'f1': 1.0}, 'ROUGE-2': {'precision': 0.0, 'recall': 0.0, 'f1': 0.0}, 'ROUGE-L': {'precision': 1.0, 'recall': 1.0, 'f1': 1.0}} ACCURACY: 1.0
Generating LoRA 0
****************************************************************************************************

Using internalized LoRAs for generation

****************************************************************************************************
QUESTION: where do rory and paris go to college
GOLD ANSWER: ['Yale University', 'Yale University,']
GENERATED ANSWER: Branford College 
{'ROUGE-1': {'precision': 0.0, 'recall': 0.0, 'f1': 0.0}, 'ROUGE-2': {'precision': 0.0, 'recall': 0.0, 'f1': 0.0}, 'ROUGE-L': {'precision': 0.0, 'recall': 0.0, 'f1': 0.0}} ACCURACY: 0.0
Generating LoRA 0
****************************************************************************************************

Using internalized LoRAs for generation

****************************************************************************************************
QUESTION: who was the winner of the first indianapolis 500
GOLD ANSWER: ['Ray Harroun']
GENERATED ANSWER: Ray Harroun 
{'ROUGE-1': {'precision': 1.0, 'recall': 1.0, 'f1': 1.0}, 'ROUGE-2': {'precision': 1.0, 'recall': 1.0, 'f1': 1.0}, 'ROUGE-L': {'precision': 1.0, 'recall': 1.0, 'f1': 1.0}} ACCURACY: 1.0
Generating LoRA 0
****************************************************************************************************

Using internalized LoRAs for generation

****************************************************************************************************
QUESTION: when did the united states acquired puerto rico
GOLD ANSWER: ['1898']
GENERATED ANSWER: 1898 
{'ROUGE-1': {'precision': 1.0, 'recall': 1.0, 'f1': 1.0}, 'ROUGE-2': {'precision': 0.0, 'recall': 0.0, 'f1': 0.0}, 'ROUGE-L': {'precision': 1.0, 'recall': 1.0, 'f1': 1.0}} ACCURACY: 1.0
Generating LoRA 0
****************************************************************************************************

Using internalized LoRAs for generation

****************************************************************************************************
QUESTION: which episode does gideon die in criminal minds
GOLD ANSWER: ['"Nelson\'s Sparrow"', "Nelson's Sparrow"]
GENERATED ANSWER: Season ten, episode ten. 
{'ROUGE-1': {'precision': 0.0, 'recall': 0.0, 'f1': 0.0}, 'ROUGE-2': {'precision': 0.0, 'recall': 0.0, 'f1': 0.0}, 'ROUGE-L': {'precision': 0.0, 'recall': 0.0, 'f1': 0.0}} ACCURACY: 0.0
Generating LoRA 0
****************************************************************************************************

Using internalized LoRAs for generation

****************************************************************************************************
QUESTION: what does the ghost of christmas present sprinkle from his torch
GOLD ANSWER: ['warmth', 'a little warmth']
GENERATED ANSWER: scenes of festivity and deprivation. 
{'ROUGE-1': {'precision': 0.0, 'recall': 0.0, 'f1': 0.0}, 'ROUGE-2': {'precision': 0.0, 'recall': 0.0, 'f1': 0.0}, 'ROUGE-L': {'precision': 0.0, 'recall': 0.0, 'f1': 0.0}} ACCURACY: 0.0
Generating LoRA 0
****************************************************************************************************

Using internalized LoRAs for generation

****************************************************************************************************
QUESTION: who won the 2018 women's royal rumble match
GOLD ANSWER: ['Asuka']
GENERATED ANSWER: Asuka 
{'ROUGE-1': {'precision': 1.0, 'recall': 1.0, 'f1': 1.0}, 'ROUGE-2': {'precision': 0.0, 'recall': 0.0, 'f1': 0.0}, 'ROUGE-L': {'precision': 1.0, 'recall': 1.0, 'f1': 1.0}} ACCURACY: 1.0
Generating LoRA 0
****************************************************************************************************

Using internalized LoRAs for generation

****************************************************************************************************
QUESTION: where was part of the classic surfing movie endless summer filmed
GOLD ANSWER: ['Ghana', 'Hawaii', 'Nigeria', 'Tahiti', 'Australia', 'New Zealand', 'Senegal', 'South Africa']
GENERATED ANSWER: Hawaii 
{'ROUGE-1': {'precision': 1.0, 'recall': 1.0, 'f1': 1.0}, 'ROUGE-2': {'precision': 0.0, 'recall': 0.0, 'f1': 0.0}, 'ROUGE-L': {'precision': 1.0, 'recall': 1.0, 'f1': 1.0}} ACCURACY: 1.0
Generating LoRA 0
****************************************************************************************************

Using internalized LoRAs for generation

****************************************************************************************************
QUESTION: who was the first woman to win who wants to be a millionaire
GOLD ANSWER: ['Judith Cynthia Aline Keppel']
GENERATED ANSWER: Judith Cynthia Aline Keppel. 
{'ROUGE-1': {'precision': 1.0, 'recall': 1.0, 'f1': 1.0}, 'ROUGE-2': {'precision': 1.0, 'recall': 1.0, 'f1': 1.0}, 'ROUGE-L': {'precision': 1.0, 'recall': 1.0, 'f1': 1.0}} ACCURACY: 1.0
Generating LoRA 0
****************************************************************************************************

Using internalized LoRAs for generation

****************************************************************************************************
QUESTION: who are nominated for president of india 2017
GOLD ANSWER: ['Meira Kumar', 'Ram Nath Kovind']
GENERATED ANSWER: Narendra Modi 
{'ROUGE-1': {'precision': 0.0, 'recall': 0.0, 'f1': 0.0}, 'ROUGE-2': {'precision': 0.0, 'recall': 0.0, 'f1': 0.0}, 'ROUGE-L': {'precision': 0.0, 'recall': 0.0, 'f1': 0.0}} ACCURACY: 0.0
Generating LoRA 0
****************************************************************************************************

Using internalized LoRAs for generation

****************************************************************************************************
QUESTION: who wrote he ain't heavy he's my brother lyrics
GOLD ANSWER: ['Bobby Scott', 'Bob Russell']
GENERATED ANSWER: Bobby Scott and Bob Russell 
{'ROUGE-1': {'precision': 0.4, 'recall': 1.0, 'f1': 0.5714285714285715}, 'ROUGE-2': {'precision': 0.25, 'recall': 1.0, 'f1': 0.4}, 'ROUGE-L': {'precision': 0.4, 'recall': 1.0, 'f1': 0.5714285714285715}} ACCURACY: 0.0
Generating LoRA 0
****************************************************************************************************

Using internalized LoRAs for generation

****************************************************************************************************
QUESTION: when was the lupus foundation of america founded
GOLD ANSWER: ['1977']
GENERATED ANSWER: 1977 
{'ROUGE-1': {'precision': 1.0, 'recall': 1.0, 'f1': 1.0}, 'ROUGE-2': {'precision': 0.0, 'recall': 0.0, 'f1': 0.0}, 'ROUGE-L': {'precision': 1.0, 'recall': 1.0, 'f1': 1.0}} ACCURACY: 1.0
Generating LoRA 0
****************************************************************************************************

Using internalized LoRAs for generation

****************************************************************************************************
QUESTION: aphasia is a term defining difficulty or loss of ability to
GOLD ANSWER: ['comprehend and formulate language', 'formulate language']
GENERATED ANSWER: understand and formulate language. 
{'ROUGE-1': {'precision': 0.75, 'recall': 0.75, 'f1': 0.75}, 'ROUGE-2': {'precision': 0.6666666666666666, 'recall': 0.6666666666666666, 'f1': 0.6666666666666666}, 'ROUGE-L': {'precision': 0.75, 'recall': 0.75, 'f1': 0.75}} ACCURACY: 0.0
Generating LoRA 0
****************************************************************************************************

Using internalized LoRAs for generation

****************************************************************************************************
QUESTION: who plays alec ramsay in the black stallion
GOLD ANSWER: ['Kelly Reno']
GENERATED ANSWER: Kelly Reno 
{'ROUGE-1': {'precision': 1.0, 'recall': 1.0, 'f1': 1.0}, 'ROUGE-2': {'precision': 1.0, 'recall': 1.0, 'f1': 1.0}, 'ROUGE-L': {'precision': 1.0, 'recall': 1.0, 'f1': 1.0}} ACCURACY: 1.0
Generating LoRA 0
****************************************************************************************************

Using internalized LoRAs for generation

****************************************************************************************************
QUESTION: who wrote you must have been a beautiful baby
GOLD ANSWER: ['Johnny Mercer', 'lyrics by Johnny Mercer', 'music by Harry Warren', 'Harry Warren']
GENERATED ANSWER: Harry Warren 
{'ROUGE-1': {'precision': 1.0, 'recall': 1.0, 'f1': 1.0}, 'ROUGE-2': {'precision': 1.0, 'recall': 1.0, 'f1': 1.0}, 'ROUGE-L': {'precision': 1.0, 'recall': 1.0, 'f1': 1.0}} ACCURACY: 1.0
Generating LoRA 0
****************************************************************************************************

Using internalized LoRAs for generation

****************************************************************************************************
QUESTION: which is the default file extension for an audio file in windows media player
GOLD ANSWER: ['Windows Playlist (WPL)']
GENERATED ANSWER: WMA 
{'ROUGE-1': {'precision': 0.0, 'recall': 0.0, 'f1': 0.0}, 'ROUGE-2': {'precision': 0.0, 'recall': 0.0, 'f1': 0.0}, 'ROUGE-L': {'precision': 0.0, 'recall': 0.0, 'f1': 0.0}} ACCURACY: 0.0
Generating LoRA 0
****************************************************************************************************

Using internalized LoRAs for generation

****************************************************************************************************
QUESTION: when was rosencrantz and guildenstern are dead written
GOLD ANSWER: ['1966']
GENERATED ANSWER: 1966 
{'ROUGE-1': {'precision': 1.0, 'recall': 1.0, 'f1': 1.0}, 'ROUGE-2': {'precision': 0.0, 'recall': 0.0, 'f1': 0.0}, 'ROUGE-L': {'precision': 1.0, 'recall': 1.0, 'f1': 1.0}} ACCURACY: 1.0
Generating LoRA 0
****************************************************************************************************

Using internalized LoRAs for generation

****************************************************************************************************
QUESTION: who plays connor's mom in madeas christmas
GOLD ANSWER: ['Kathy Najimy']
GENERATED ANSWER: Kathy Najimy 
{'ROUGE-1': {'precision': 1.0, 'recall': 1.0, 'f1': 1.0}, 'ROUGE-2': {'precision': 1.0, 'recall': 1.0, 'f1': 1.0}, 'ROUGE-L': {'precision': 1.0, 'recall': 1.0, 'f1': 1.0}} ACCURACY: 1.0
Generating LoRA 0
****************************************************************************************************

Using internalized LoRAs for generation

****************************************************************************************************
QUESTION: hazels boyfriend in the fault in our stars
GOLD ANSWER: ['Augustus Waters']
GENERATED ANSWER: Gus Waters 
{'ROUGE-1': {'precision': 0.5, 'recall': 0.5, 'f1': 0.5}, 'ROUGE-2': {'precision': 0.0, 'recall': 0.0, 'f1': 0.0}, 'ROUGE-L': {'precision': 0.5, 'recall': 0.5, 'f1': 0.5}} ACCURACY: 0.0
Generating LoRA 0
****************************************************************************************************

Using internalized LoRAs for generation

****************************************************************************************************
QUESTION: when did italy enter the second world war
GOLD ANSWER: ['10 June 1940']
GENERATED ANSWER: 10 June 1940 
{'ROUGE-1': {'precision': 1.0, 'recall': 1.0, 'f1': 1.0}, 'ROUGE-2': {'precision': 1.0, 'recall': 1.0, 'f1': 1.0}, 'ROUGE-L': {'precision': 1.0, 'recall': 1.0, 'f1': 1.0}} ACCURACY: 1.0
Generating LoRA 0
****************************************************************************************************

Using internalized LoRAs for generation

****************************************************************************************************
QUESTION: who drives the number 95 car in nascar
GOLD ANSWER: ['Michael Christopher McDowell']
GENERATED ANSWER: Michael McDowell 
{'ROUGE-1': {'precision': 1.0, 'recall': 0.6666666666666666, 'f1': 0.8}, 'ROUGE-2': {'precision': 0.0, 'recall': 0.0, 'f1': 0.0}, 'ROUGE-L': {'precision': 1.0, 'recall': 0.6666666666666666, 'f1': 0.8}} ACCURACY: 0.0
Generating LoRA 0
****************************************************************************************************

Using internalized LoRAs for generation

****************************************************************************************************
QUESTION: i was a great islamic scholar and mathematician who died in 1131 ce
GOLD ANSWER: ['Omar Khayyam']
GENERATED ANSWER: Omar Khayyam 
{'ROUGE-1': {'precision': 1.0, 'recall': 1.0, 'f1': 1.0}, 'ROUGE-2': {'precision': 1.0, 'recall': 1.0, 'f1': 1.0}, 'ROUGE-L': {'precision': 1.0, 'recall': 1.0, 'f1': 1.0}} ACCURACY: 1.0
Generating LoRA 0
****************************************************************************************************

Using internalized LoRAs for generation

****************************************************************************************************
QUESTION: where does sleeping freshmen never lie take place
GOLD ANSWER: ['J.P. Zenger High']
GENERATED ANSWER: The provided text does not contain the answer to your question. 
{'ROUGE-1': {'precision': 0.0, 'recall': 0.0, 'f1': 0.0}, 'ROUGE-2': {'precision': 0.0, 'recall': 0.0, 'f1': 0.0}, 'ROUGE-L': {'precision': 0.0, 'recall': 0.0, 'f1': 0.0}} ACCURACY: 0.0
Generating LoRA 0
****************************************************************************************************

Using internalized LoRAs for generation

****************************************************************************************************
QUESTION: where was the witch of blackbird pond published
GOLD ANSWER: ['United States', '1958', 'Houghton Mifflin']
GENERATED ANSWER: Late-17th century New England. 
{'ROUGE-1': {'precision': 0.0, 'recall': 0.0, 'f1': 0.0}, 'ROUGE-2': {'precision': 0.0, 'recall': 0.0, 'f1': 0.0}, 'ROUGE-L': {'precision': 0.0, 'recall': 0.0, 'f1': 0.0}} ACCURACY: 0.0
Generating LoRA 0
****************************************************************************************************

Using internalized LoRAs for generation

****************************************************************************************************
QUESTION: when did the us cut off trade with cuba
GOLD ANSWER: ['1961', '1962']
GENERATED ANSWER: 1961. 
{'ROUGE-1': {'precision': 1.0, 'recall': 1.0, 'f1': 1.0}, 'ROUGE-2': {'precision': 0.0, 'recall': 0.0, 'f1': 0.0}, 'ROUGE-L': {'precision': 1.0, 'recall': 1.0, 'f1': 1.0}} ACCURACY: 1.0
Generating LoRA 0
****************************************************************************************************

Using internalized LoRAs for generation

****************************************************************************************************
QUESTION: who wrote how do you do it by gerry and the pacemakers
GOLD ANSWER: ['Mitch Murray']
GENERATED ANSWER: The Beatles 
{'ROUGE-1': {'precision': 0.0, 'recall': 0.0, 'f1': 0.0}, 'ROUGE-2': {'precision': 0.0, 'recall': 0.0, 'f1': 0.0}, 'ROUGE-L': {'precision': 0.0, 'recall': 0.0, 'f1': 0.0}} ACCURACY: 0.0
Generating LoRA 0
****************************************************************************************************

Using internalized LoRAs for generation

****************************************************************************************************
QUESTION: when was the reaper invented by cyrus mccormick
GOLD ANSWER: ['1837', '1834']
GENERATED ANSWER: 1837 
{'ROUGE-1': {'precision': 1.0, 'recall': 1.0, 'f1': 1.0}, 'ROUGE-2': {'precision': 0.0, 'recall': 0.0, 'f1': 0.0}, 'ROUGE-L': {'precision': 1.0, 'recall': 1.0, 'f1': 1.0}} ACCURACY: 1.0
Generating LoRA 0
****************************************************************************************************

Using internalized LoRAs for generation

****************************************************************************************************
QUESTION: season 2 this is us number of episodes
GOLD ANSWER: ['15', '18', '13']
GENERATED ANSWER: 18 
{'ROUGE-1': {'precision': 1.0, 'recall': 1.0, 'f1': 1.0}, 'ROUGE-2': {'precision': 0.0, 'recall': 0.0, 'f1': 0.0}, 'ROUGE-L': {'precision': 1.0, 'recall': 1.0, 'f1': 1.0}} ACCURACY: 1.0
Generating LoRA 0
****************************************************************************************************

Using internalized LoRAs for generation

****************************************************************************************************
QUESTION: when did seattle slew win the triple crown
GOLD ANSWER: ['1977', 'in 1977']
GENERATED ANSWER: 1977 
{'ROUGE-1': {'precision': 1.0, 'recall': 1.0, 'f1': 1.0}, 'ROUGE-2': {'precision': 0.0, 'recall': 0.0, 'f1': 0.0}, 'ROUGE-L': {'precision': 1.0, 'recall': 1.0, 'f1': 1.0}} ACCURACY: 1.0
Generating LoRA 0
****************************************************************************************************

Using internalized LoRAs for generation

****************************************************************************************************
QUESTION: who did michigan state play in the rose bowl
GOLD ANSWER: ['Stanford Cardinal']
GENERATED ANSWER: Stanford Cardinal 
{'ROUGE-1': {'precision': 1.0, 'recall': 1.0, 'f1': 1.0}, 'ROUGE-2': {'precision': 1.0, 'recall': 1.0, 'f1': 1.0}, 'ROUGE-L': {'precision': 1.0, 'recall': 1.0, 'f1': 1.0}} ACCURACY: 1.0
Generating LoRA 0
****************************************************************************************************

Using internalized LoRAs for generation

****************************************************************************************************
QUESTION: when did teenage mutant ninja turtles come out
GOLD ANSWER: ['1984']
GENERATED ANSWER: 1984 
{'ROUGE-1': {'precision': 1.0, 'recall': 1.0, 'f1': 1.0}, 'ROUGE-2': {'precision': 0.0, 'recall': 0.0, 'f1': 0.0}, 'ROUGE-L': {'precision': 1.0, 'recall': 1.0, 'f1': 1.0}} ACCURACY: 1.0
Generating LoRA 0
****************************************************************************************************

Using internalized LoRAs for generation

****************************************************************************************************
QUESTION: when does the team find out prentiss is alive
GOLD ANSWER: ['In the season seven premiere', 'the season seven premiere']
GENERATED ANSWER: The team finds out Prentiss is alive in the season seven premiere. 
{'ROUGE-1': {'precision': 0.4166666666666667, 'recall': 1.0, 'f1': 0.5882352941176471}, 'ROUGE-2': {'precision': 0.36363636363636365, 'recall': 1.0, 'f1': 0.5333333333333333}, 'ROUGE-L': {'precision': 0.4166666666666667, 'recall': 1.0, 'f1': 0.5882352941176471}} ACCURACY: 0.0
Generating LoRA 0
****************************************************************************************************

Using internalized LoRAs for generation

****************************************************************************************************
QUESTION: who lived in jamestown before the arrival of the english
GOLD ANSWER: ['uninhabited']
GENERATED ANSWER: Paspahegh Indians 
{'ROUGE-1': {'precision': 0.0, 'recall': 0.0, 'f1': 0.0}, 'ROUGE-2': {'precision': 0.0, 'recall': 0.0, 'f1': 0.0}, 'ROUGE-L': {'precision': 0.0, 'recall': 0.0, 'f1': 0.0}} ACCURACY: 0.0
Generating LoRA 0
****************************************************************************************************

Using internalized LoRAs for generation

****************************************************************************************************
QUESTION: who plays the dad in girl meets world
GOLD ANSWER: ['Ben Savage', 'Cory Matthews']
GENERATED ANSWER: Cory Matthews 
{'ROUGE-1': {'precision': 1.0, 'recall': 1.0, 'f1': 1.0}, 'ROUGE-2': {'precision': 1.0, 'recall': 1.0, 'f1': 1.0}, 'ROUGE-L': {'precision': 1.0, 'recall': 1.0, 'f1': 1.0}} ACCURACY: 1.0
Generating LoRA 0
****************************************************************************************************

Using internalized LoRAs for generation

****************************************************************************************************
QUESTION: who are you in assassin's creed 4
GOLD ANSWER: ['third-person perspective', 'an Abstergo agent']
GENERATED ANSWER: An Abstergo agent. 
{'ROUGE-1': {'precision': 1.0, 'recall': 1.0, 'f1': 1.0}, 'ROUGE-2': {'precision': 1.0, 'recall': 1.0, 'f1': 1.0}, 'ROUGE-L': {'precision': 1.0, 'recall': 1.0, 'f1': 1.0}} ACCURACY: 1.0
Generating LoRA 0
****************************************************************************************************

Using internalized LoRAs for generation

****************************************************************************************************
QUESTION: who destroyed the first temple and exiled the two tribes of judah to babylon
GOLD ANSWER: ['Nebuchadnezzar']
GENERATED ANSWER: Nebuchadnezzar. 
{'ROUGE-1': {'precision': 1.0, 'recall': 1.0, 'f1': 1.0}, 'ROUGE-2': {'precision': 0.0, 'recall': 0.0, 'f1': 0.0}, 'ROUGE-L': {'precision': 1.0, 'recall': 1.0, 'f1': 1.0}} ACCURACY: 1.0
Generating LoRA 0
****************************************************************************************************

Using internalized LoRAs for generation

****************************************************************************************************
QUESTION: where is the white castle that harold and kumar go to
GOLD ANSWER: ['in Cherry Hill']
GENERATED ANSWER: Cherry Hill. 
{'ROUGE-1': {'precision': 1.0, 'recall': 0.6666666666666666, 'f1': 0.8}, 'ROUGE-2': {'precision': 1.0, 'recall': 0.5, 'f1': 0.6666666666666666}, 'ROUGE-L': {'precision': 1.0, 'recall': 0.6666666666666666, 'f1': 0.8}} ACCURACY: 0.0
Generating LoRA 0
****************************************************************************************************

Using internalized LoRAs for generation

****************************************************************************************************
QUESTION: when was child benefit paid for the first child
GOLD ANSWER: ['1975']
GENERATED ANSWER: 1975 
{'ROUGE-1': {'precision': 1.0, 'recall': 1.0, 'f1': 1.0}, 'ROUGE-2': {'precision': 0.0, 'recall': 0.0, 'f1': 0.0}, 'ROUGE-L': {'precision': 1.0, 'recall': 1.0, 'f1': 1.0}} ACCURACY: 1.0
Generating LoRA 0
****************************************************************************************************

Using internalized LoRAs for generation

****************************************************************************************************
QUESTION: what was the initial effect of the transition from command to market economies in eastern europe
GOLD ANSWER: ['Inequality of opportunity']
GENERATED ANSWER: Inequality of opportunity was higher in transition economies. 
{'ROUGE-1': {'precision': 0.375, 'recall': 1.0, 'f1': 0.5454545454545454}, 'ROUGE-2': {'precision': 0.2857142857142857, 'recall': 1.0, 'f1': 0.4444444444444445}, 'ROUGE-L': {'precision': 0.375, 'recall': 1.0, 'f1': 0.5454545454545454}} ACCURACY: 0.0
Generating LoRA 0
****************************************************************************************************

Using internalized LoRAs for generation

****************************************************************************************************
QUESTION: when did linkin park release one more light
GOLD ANSWER: ['May 19, 2017']
GENERATED ANSWER: May 19, 2017. 
{'ROUGE-1': {'precision': 1.0, 'recall': 1.0, 'f1': 1.0}, 'ROUGE-2': {'precision': 1.0, 'recall': 1.0, 'f1': 1.0}, 'ROUGE-L': {'precision': 1.0, 'recall': 1.0, 'f1': 1.0}} ACCURACY: 1.0
Generating LoRA 0
****************************************************************************************************

Using internalized LoRAs for generation

****************************************************************************************************
QUESTION: what territory is spain and the united kingdom in a dispute over
GOLD ANSWER: ['Gibraltar']
GENERATED ANSWER: Gibraltar 
{'ROUGE-1': {'precision': 1.0, 'recall': 1.0, 'f1': 1.0}, 'ROUGE-2': {'precision': 0.0, 'recall': 0.0, 'f1': 0.0}, 'ROUGE-L': {'precision': 1.0, 'recall': 1.0, 'f1': 1.0}} ACCURACY: 1.0
Generating LoRA 0
****************************************************************************************************

Using internalized LoRAs for generation

****************************************************************************************************
QUESTION: who has the most green jackets from the masters
GOLD ANSWER: ['Nicklaus', 'Jack Nicklaus (6)']
GENERATED ANSWER: Jack Nicklaus 
{'ROUGE-1': {'precision': 1.0, 'recall': 0.6666666666666666, 'f1': 0.8}, 'ROUGE-2': {'precision': 1.0, 'recall': 0.5, 'f1': 0.6666666666666666}, 'ROUGE-L': {'precision': 1.0, 'recall': 0.6666666666666666, 'f1': 0.8}} ACCURACY: 0.0
Generating LoRA 0
****************************************************************************************************

Using internalized LoRAs for generation

****************************************************************************************************
QUESTION: who was the first black person to register to vote
GOLD ANSWER: ['Thomas Mundy Peterson']
GENERATED ANSWER: Thomas Mundy Peterson 
{'ROUGE-1': {'precision': 1.0, 'recall': 1.0, 'f1': 1.0}, 'ROUGE-2': {'precision': 1.0, 'recall': 1.0, 'f1': 1.0}, 'ROUGE-L': {'precision': 1.0, 'recall': 1.0, 'f1': 1.0}} ACCURACY: 1.0
Generating LoRA 0
****************************************************************************************************

Using internalized LoRAs for generation

****************************************************************************************************
QUESTION: song have i told you lately i love you
GOLD ANSWER: ['Have I Told You Lately']
GENERATED ANSWER: "Have I Told You Lately" 
{'ROUGE-1': {'precision': 1.0, 'recall': 1.0, 'f1': 1.0}, 'ROUGE-2': {'precision': 1.0, 'recall': 1.0, 'f1': 1.0}, 'ROUGE-L': {'precision': 1.0, 'recall': 1.0, 'f1': 1.0}} ACCURACY: 1.0
Generating LoRA 0
****************************************************************************************************

Using internalized LoRAs for generation

****************************************************************************************************
QUESTION: when did britain set up east indian trading company
GOLD ANSWER: ['31 December 1600']
GENERATED ANSWER: March 1602. 
{'ROUGE-1': {'precision': 0.0, 'recall': 0.0, 'f1': 0.0}, 'ROUGE-2': {'precision': 0.0, 'recall': 0.0, 'f1': 0.0}, 'ROUGE-L': {'precision': 0.0, 'recall': 0.0, 'f1': 0.0}} ACCURACY: 0.0
Generating LoRA 0
****************************************************************************************************

Using internalized LoRAs for generation

****************************************************************************************************
QUESTION: when did david akers kick the 63 yard field goal
GOLD ANSWER: ['September 9, 2012']
GENERATED ANSWER: September 8, 2012. 
{'ROUGE-1': {'precision': 0.6666666666666666, 'recall': 0.6666666666666666, 'f1': 0.6666666666666666}, 'ROUGE-2': {'precision': 0.0, 'recall': 0.0, 'f1': 0.0}, 'ROUGE-L': {'precision': 0.6666666666666666, 'recall': 0.6666666666666666, 'f1': 0.6666666666666666}} ACCURACY: 0.0
Generating LoRA 0
****************************************************************************************************

Using internalized LoRAs for generation

****************************************************************************************************
QUESTION: who is the coach of university of kentucky basketball
GOLD ANSWER: ['John Calipari', 'John Vincent Calipari']
GENERATED ANSWER: John Calipari 
{'ROUGE-1': {'precision': 1.0, 'recall': 1.0, 'f1': 1.0}, 'ROUGE-2': {'precision': 1.0, 'recall': 1.0, 'f1': 1.0}, 'ROUGE-L': {'precision': 1.0, 'recall': 1.0, 'f1': 1.0}} ACCURACY: 1.0
Generating LoRA 0
****************************************************************************************************

Using internalized LoRAs for generation

****************************************************************************************************
QUESTION: who has become the new chairman of sebi
GOLD ANSWER: ['Ajay Tyagi']
GENERATED ANSWER: Ajay Tyagi 
{'ROUGE-1': {'precision': 1.0, 'recall': 1.0, 'f1': 1.0}, 'ROUGE-2': {'precision': 1.0, 'recall': 1.0, 'f1': 1.0}, 'ROUGE-L': {'precision': 1.0, 'recall': 1.0, 'f1': 1.0}} ACCURACY: 1.0
Generating LoRA 0
****************************************************************************************************

Using internalized LoRAs for generation

****************************************************************************************************
QUESTION: how many times have real madrid won the european cup.in paris
GOLD ANSWER: ['twelve']
GENERATED ANSWER: Five times. 
{'ROUGE-1': {'precision': 0.0, 'recall': 0.0, 'f1': 0.0}, 'ROUGE-2': {'precision': 0.0, 'recall': 0.0, 'f1': 0.0}, 'ROUGE-L': {'precision': 0.0, 'recall': 0.0, 'f1': 0.0}} ACCURACY: 0.0
Generating LoRA 0
****************************************************************************************************

Using internalized LoRAs for generation

****************************************************************************************************
QUESTION: when was kudzu introduced to the united states
GOLD ANSWER: ['1876', 'in 1876']
GENERATED ANSWER: 1883 
{'ROUGE-1': {'precision': 0.0, 'recall': 0.0, 'f1': 0.0}, 'ROUGE-2': {'precision': 0.0, 'recall': 0.0, 'f1': 0.0}, 'ROUGE-L': {'precision': 0.0, 'recall': 0.0, 'f1': 0.0}} ACCURACY: 0.0
Generating LoRA 0
****************************************************************************************************

Using internalized LoRAs for generation

****************************************************************************************************
QUESTION: the radiographic term used to describe the dense bone of the socket and septal crest is
GOLD ANSWER: ['lamina dura', 'alveolar process', 'the lamina dura']
GENERATED ANSWER: Lamina dura 
{'ROUGE-1': {'precision': 1.0, 'recall': 1.0, 'f1': 1.0}, 'ROUGE-2': {'precision': 1.0, 'recall': 1.0, 'f1': 1.0}, 'ROUGE-L': {'precision': 1.0, 'recall': 1.0, 'f1': 1.0}} ACCURACY: 1.0
Generating LoRA 0
****************************************************************************************************

Using internalized LoRAs for generation

****************************************************************************************************
QUESTION: where was the tv show friday night lights filmed
GOLD ANSWER: ['Austin', 'Pflugerville']
GENERATED ANSWER: Austin and Pflugerville. 
{'ROUGE-1': {'precision': 0.3333333333333333, 'recall': 1.0, 'f1': 0.5}, 'ROUGE-2': {'precision': 0.0, 'recall': 0.0, 'f1': 0.0}, 'ROUGE-L': {'precision': 0.3333333333333333, 'recall': 1.0, 'f1': 0.5}} ACCURACY: 0.0
Generating LoRA 0
****************************************************************************************************

Using internalized LoRAs for generation

****************************************************************************************************
QUESTION: who led an attack that allowed for american victory at yorktown
GOLD ANSWER: ['George Washington', 'Comte de Rochambeau']
GENERATED ANSWER: George Washington 
{'ROUGE-1': {'precision': 1.0, 'recall': 1.0, 'f1': 1.0}, 'ROUGE-2': {'precision': 1.0, 'recall': 1.0, 'f1': 1.0}, 'ROUGE-L': {'precision': 1.0, 'recall': 1.0, 'f1': 1.0}} ACCURACY: 1.0
Generating LoRA 0
****************************************************************************************************

Using internalized LoRAs for generation

****************************************************************************************************
QUESTION: what process causes the continents to drift apart how
GOLD ANSWER: ['Continental drift']
GENERATED ANSWER: The theory of plate tectonics. 
{'ROUGE-1': {'precision': 0.0, 'recall': 0.0, 'f1': 0.0}, 'ROUGE-2': {'precision': 0.0, 'recall': 0.0, 'f1': 0.0}, 'ROUGE-L': {'precision': 0.0, 'recall': 0.0, 'f1': 0.0}} ACCURACY: 0.0
Generating LoRA 0
****************************************************************************************************

Using internalized LoRAs for generation

****************************************************************************************************
QUESTION: who invented the first computer game in 1962 and what was the name of the game
GOLD ANSWER: ['Spacewar!', 'Steve Russell', 'Wayne Wiitanen', 'Martin Graetz']
GENERATED ANSWER: Steve Russell and Wayne Wiitanen invented the first computer game in 1962. The game was called Spacewar!. 
{'ROUGE-1': {'precision': 0.11764705882352941, 'recall': 1.0, 'f1': 0.21052631578947367}, 'ROUGE-2': {'precision': 0.0625, 'recall': 1.0, 'f1': 0.11764705882352941}, 'ROUGE-L': {'precision': 0.11764705882352941, 'recall': 1.0, 'f1': 0.21052631578947367}} ACCURACY: 0.0
Generating LoRA 0
****************************************************************************************************

Using internalized LoRAs for generation

****************************************************************************************************
QUESTION: who sings somebody's watching me with michael jackson
GOLD ANSWER: ['Jermaine Jackson', 'Rockwell']
GENERATED ANSWER: Michael Jackson 
{'ROUGE-1': {'precision': 0.5, 'recall': 0.5, 'f1': 0.5}, 'ROUGE-2': {'precision': 0.0, 'recall': 0.0, 'f1': 0.0}, 'ROUGE-L': {'precision': 0.5, 'recall': 0.5, 'f1': 0.5}} ACCURACY: 0.0
Generating LoRA 0
****************************************************************************************************

Using internalized LoRAs for generation

****************************************************************************************************
QUESTION: who played the mom on what's eating gilbert grape
GOLD ANSWER: ['Darlene Cates']
GENERATED ANSWER: Rita Darlene Guthrie 
{'ROUGE-1': {'precision': 0.3333333333333333, 'recall': 0.5, 'f1': 0.4}, 'ROUGE-2': {'precision': 0.0, 'recall': 0.0, 'f1': 0.0}, 'ROUGE-L': {'precision': 0.3333333333333333, 'recall': 0.5, 'f1': 0.4}} ACCURACY: 0.0
Generating LoRA 0
****************************************************************************************************

Using internalized LoRAs for generation

****************************************************************************************************
QUESTION: when does the second part of vikings season 4 start
GOLD ANSWER: ['November 30, 2016']
GENERATED ANSWER: February 1, 2016. 
{'ROUGE-1': {'precision': 0.3333333333333333, 'recall': 0.3333333333333333, 'f1': 0.3333333333333333}, 'ROUGE-2': {'precision': 0.0, 'recall': 0.0, 'f1': 0.0}, 'ROUGE-L': {'precision': 0.3333333333333333, 'recall': 0.3333333333333333, 'f1': 0.3333333333333333}} ACCURACY: 0.0
Generating LoRA 0
****************************************************************************************************

Using internalized LoRAs for generation

****************************************************************************************************
QUESTION: when did the us stop trading with japan
GOLD ANSWER: ['1939', '1940']
GENERATED ANSWER: 1940 
{'ROUGE-1': {'precision': 1.0, 'recall': 1.0, 'f1': 1.0}, 'ROUGE-2': {'precision': 0.0, 'recall': 0.0, 'f1': 0.0}, 'ROUGE-L': {'precision': 1.0, 'recall': 1.0, 'f1': 1.0}} ACCURACY: 1.0
Generating LoRA 0
****************************************************************************************************

Using internalized LoRAs for generation

****************************************************************************************************
QUESTION: who gets the golden boot if its a tie
GOLD ANSWER: ['shared']
GENERATED ANSWER: The provided text does not contain the answer to the question. 
{'ROUGE-1': {'precision': 0.0, 'recall': 0.0, 'f1': 0.0}, 'ROUGE-2': {'precision': 0.0, 'recall': 0.0, 'f1': 0.0}, 'ROUGE-L': {'precision': 0.0, 'recall': 0.0, 'f1': 0.0}} ACCURACY: 0.0
Generating LoRA 0
****************************************************************************************************

Using internalized LoRAs for generation

****************************************************************************************************
QUESTION: who is the minister of local government in zimbabwe
GOLD ANSWER: ['Hon July Moyo']
GENERATED ANSWER: Hon. July Moyo 
{'ROUGE-1': {'precision': 1.0, 'recall': 1.0, 'f1': 1.0}, 'ROUGE-2': {'precision': 1.0, 'recall': 1.0, 'f1': 1.0}, 'ROUGE-L': {'precision': 1.0, 'recall': 1.0, 'f1': 1.0}} ACCURACY: 1.0
Generating LoRA 0
****************************************************************************************************

Using internalized LoRAs for generation

****************************************************************************************************
QUESTION: who are the dallas cowboys playing on thanksgiving
GOLD ANSWER: ['Los Angeles Chargers', 'the Detroit Lions']
GENERATED ANSWER: The provided text does not contain the answer to your question. 
{'ROUGE-1': {'precision': 0.09090909090909091, 'recall': 0.3333333333333333, 'f1': 0.14285714285714288}, 'ROUGE-2': {'precision': 0.0, 'recall': 0.0, 'f1': 0.0}, 'ROUGE-L': {'precision': 0.09090909090909091, 'recall': 0.3333333333333333, 'f1': 0.14285714285714288}} ACCURACY: 0.0
Generating LoRA 0
****************************************************************************************************

Using internalized LoRAs for generation

****************************************************************************************************
QUESTION: what are the roles of international monetary fund
GOLD ANSWER: ['foster global monetary cooperation', 'secure financial stability', 'to foster global monetary cooperation', 'reduce poverty around the world', 'facilitate international trade']
GENERATED ANSWER: The IMF works to foster global monetary cooperation, secure international financial stability, facilitate international trade, promote high employment and reduce poverty around the world. 
{'ROUGE-1': {'precision': 0.20833333333333334, 'recall': 1.0, 'f1': 0.3448275862068966}, 'ROUGE-2': {'precision': 0.17391304347826086, 'recall': 1.0, 'f1': 0.29629629629629634}, 'ROUGE-L': {'precision': 0.20833333333333334, 'recall': 1.0, 'f1': 0.3448275862068966}} ACCURACY: 0.0
Generating LoRA 0
****************************************************************************************************

Using internalized LoRAs for generation

****************************************************************************************************
QUESTION: when was the first star wars film released
GOLD ANSWER: ['1977', 'May\xa025,\xa01977']
GENERATED ANSWER: 1977 
{'ROUGE-1': {'precision': 1.0, 'recall': 1.0, 'f1': 1.0}, 'ROUGE-2': {'precision': 0.0, 'recall': 0.0, 'f1': 0.0}, 'ROUGE-L': {'precision': 1.0, 'recall': 1.0, 'f1': 1.0}} ACCURACY: 1.0
Generating LoRA 0
****************************************************************************************************

Using internalized LoRAs for generation

****************************************************************************************************
QUESTION: who was the bad guy in silence of the lambs
GOLD ANSWER: ['Buffalo Bill']
GENERATED ANSWER: Buffalo Bill 
{'ROUGE-1': {'precision': 1.0, 'recall': 1.0, 'f1': 1.0}, 'ROUGE-2': {'precision': 1.0, 'recall': 1.0, 'f1': 1.0}, 'ROUGE-L': {'precision': 1.0, 'recall': 1.0, 'f1': 1.0}} ACCURACY: 1.0
Generating LoRA 0
****************************************************************************************************

Using internalized LoRAs for generation

****************************************************************************************************
QUESTION: epidemiologists attempt to explain the link between health and variables such as
GOLD ANSWER: ['biological agents', 'disease conditions in defined populations', 'smoking', 'stress', 'chemicals', 'alcohol']
GENERATED ANSWER: disease and determinants of health. 
{'ROUGE-1': {'precision': 0.2, 'recall': 0.2, 'f1': 0.20000000000000004}, 'ROUGE-2': {'precision': 0.0, 'recall': 0.0, 'f1': 0.0}, 'ROUGE-L': {'precision': 0.2, 'recall': 0.2, 'f1': 0.20000000000000004}} ACCURACY: 0.0
Generating LoRA 0
****************************************************************************************************

Using internalized LoRAs for generation

****************************************************************************************************
QUESTION: when was night at the museum 3 filmed
GOLD ANSWER: ['British Columbia, Canada', 'January to May 2014', '2014', 'London, England', 'from January to May 2014']
GENERATED ANSWER: January to May 2014. 
{'ROUGE-1': {'precision': 1.0, 'recall': 1.0, 'f1': 1.0}, 'ROUGE-2': {'precision': 1.0, 'recall': 1.0, 'f1': 1.0}, 'ROUGE-L': {'precision': 1.0, 'recall': 1.0, 'f1': 1.0}} ACCURACY: 1.0
Generating LoRA 0
****************************************************************************************************

Using internalized LoRAs for generation

****************************************************************************************************
QUESTION: what mall did they use in back to the future
GOLD ANSWER: ['Puente Hills Mall']
GENERATED ANSWER: Twin Pines Mall 
{'ROUGE-1': {'precision': 0.3333333333333333, 'recall': 0.3333333333333333, 'f1': 0.3333333333333333}, 'ROUGE-2': {'precision': 0.0, 'recall': 0.0, 'f1': 0.0}, 'ROUGE-L': {'precision': 0.3333333333333333, 'recall': 0.3333333333333333, 'f1': 0.3333333333333333}} ACCURACY: 0.0
Generating LoRA 0
****************************************************************************************************

Using internalized LoRAs for generation

****************************************************************************************************
QUESTION: what does rt mean on a dodge car
GOLD ANSWER: ['Road/Track']
GENERATED ANSWER: Road Test. 
{'ROUGE-1': {'precision': 0.0, 'recall': 0.0, 'f1': 0.0}, 'ROUGE-2': {'precision': 0.0, 'recall': 0.0, 'f1': 0.0}, 'ROUGE-L': {'precision': 0.0, 'recall': 0.0, 'f1': 0.0}} ACCURACY: 0.0
Generating LoRA 0
****************************************************************************************************

Using internalized LoRAs for generation

****************************************************************************************************
QUESTION: when did the movie breakfast club come out
GOLD ANSWER: ['February 15, 1985', 'February\xa015,\xa01985', '1985']
GENERATED ANSWER: 1985 
{'ROUGE-1': {'precision': 1.0, 'recall': 1.0, 'f1': 1.0}, 'ROUGE-2': {'precision': 0.0, 'recall': 0.0, 'f1': 0.0}, 'ROUGE-L': {'precision': 1.0, 'recall': 1.0, 'f1': 1.0}} ACCURACY: 1.0
Generating LoRA 0
****************************************************************************************************

Using internalized LoRAs for generation

****************************************************************************************************
QUESTION: who is the king and queen of the netherlands
GOLD ANSWER: ['Queen Máxima of the Netherlands', 'King Willem-Alexander']
GENERATED ANSWER: Máxima Zorreguieta and King Willem-Alexander. 
{'ROUGE-1': {'precision': 0.4, 'recall': 1.0, 'f1': 0.5714285714285715}, 'ROUGE-2': {'precision': 0.25, 'recall': 1.0, 'f1': 0.4}, 'ROUGE-L': {'precision': 0.4, 'recall': 1.0, 'f1': 0.5714285714285715}} ACCURACY: 0.0
Generating LoRA 0
****************************************************************************************************

Using internalized LoRAs for generation

****************************************************************************************************
QUESTION: what written material is included in the talmud
GOLD ANSWER: ['the Mishnah', 'the Gemara']
GENERATED ANSWER: The Mishnah and the Gemara. 
{'ROUGE-1': {'precision': 0.4, 'recall': 1.0, 'f1': 0.5714285714285715}, 'ROUGE-2': {'precision': 0.25, 'recall': 1.0, 'f1': 0.4}, 'ROUGE-L': {'precision': 0.4, 'recall': 1.0, 'f1': 0.5714285714285715}} ACCURACY: 0.0
Generating LoRA 0
****************************************************************************************************

Using internalized LoRAs for generation

****************************************************************************************************
QUESTION: what are the value of style guides and style sheet
GOLD ANSWER: ['improve communication']
GENERATED ANSWER: Style guides and style sheets improve communication, consistency, and compliance in various documents. 
{'ROUGE-1': {'precision': 0.15384615384615385, 'recall': 1.0, 'f1': 0.2666666666666667}, 'ROUGE-2': {'precision': 0.08333333333333333, 'recall': 1.0, 'f1': 0.15384615384615385}, 'ROUGE-L': {'precision': 0.15384615384615385, 'recall': 1.0, 'f1': 0.2666666666666667}} ACCURACY: 0.0
Generating LoRA 0
****************************************************************************************************

Using internalized LoRAs for generation

****************************************************************************************************
QUESTION: what is the approximate volume of blood in your body
GOLD ANSWER: ['approximately 5 liters']
GENERATED ANSWER: 5 liters. 
{'ROUGE-1': {'precision': 1.0, 'recall': 0.6666666666666666, 'f1': 0.8}, 'ROUGE-2': {'precision': 1.0, 'recall': 0.5, 'f1': 0.6666666666666666}, 'ROUGE-L': {'precision': 1.0, 'recall': 0.6666666666666666, 'f1': 0.8}} ACCURACY: 0.0
Generating LoRA 0
****************************************************************************************************

Using internalized LoRAs for generation

****************************************************************************************************
QUESTION: when did france and belgium invade the ruhr
GOLD ANSWER: ['11 January 1923', 'January 1923', '1923']
GENERATED ANSWER: 1923 
{'ROUGE-1': {'precision': 1.0, 'recall': 1.0, 'f1': 1.0}, 'ROUGE-2': {'precision': 0.0, 'recall': 0.0, 'f1': 0.0}, 'ROUGE-L': {'precision': 1.0, 'recall': 1.0, 'f1': 1.0}} ACCURACY: 1.0
Generating LoRA 0
****************************************************************************************************

Using internalized LoRAs for generation

****************************************************************************************************
QUESTION: what type of novel is goodbye mr chips
GOLD ANSWER: ['Psychological fiction', 'novella']
GENERATED ANSWER: A novella. 
{'ROUGE-1': {'precision': 0.5, 'recall': 1.0, 'f1': 0.6666666666666666}, 'ROUGE-2': {'precision': 0.0, 'recall': 0.0, 'f1': 0.0}, 'ROUGE-L': {'precision': 0.5, 'recall': 1.0, 'f1': 0.6666666666666666}} ACCURACY: 0.0
Generating LoRA 0
****************************************************************************************************

Using internalized LoRAs for generation

****************************************************************************************************
QUESTION: who won the mens figure skating in 2018 olympics
GOLD ANSWER: ['Yuzuru Hanyu', 'Javier Fernández', 'Shoma Uno']
GENERATED ANSWER: Javier Fernandez 
{'ROUGE-1': {'precision': 0.5, 'recall': 0.5, 'f1': 0.5}, 'ROUGE-2': {'precision': 0.0, 'recall': 0.0, 'f1': 0.0}, 'ROUGE-L': {'precision': 0.5, 'recall': 0.5, 'f1': 0.5}} ACCURACY: 0.0
Generating LoRA 0
****************************************************************************************************

Using internalized LoRAs for generation

****************************************************************************************************
QUESTION: when do you get your dress blues in the army
GOLD ANSWER: ['during initial entry training', 'when commissioned']
GENERATED ANSWER: Upon initial entry as a new soldier. 
{'ROUGE-1': {'precision': 0.2857142857142857, 'recall': 0.5, 'f1': 0.36363636363636365}, 'ROUGE-2': {'precision': 0.16666666666666666, 'recall': 0.3333333333333333, 'f1': 0.2222222222222222}, 'ROUGE-L': {'precision': 0.2857142857142857, 'recall': 0.5, 'f1': 0.36363636363636365}} ACCURACY: 0.0
Generating LoRA 0
****************************************************************************************************

Using internalized LoRAs for generation

****************************************************************************************************
QUESTION: when does buffy tell her friends she was in heaven
GOLD ANSWER: ['Something to Sing About']
GENERATED ANSWER: The provided text does not contain the answer to the question. 
{'ROUGE-1': {'precision': 0.09090909090909091, 'recall': 0.25, 'f1': 0.13333333333333333}, 'ROUGE-2': {'precision': 0.0, 'recall': 0.0, 'f1': 0.0}, 'ROUGE-L': {'precision': 0.09090909090909091, 'recall': 0.25, 'f1': 0.13333333333333333}} ACCURACY: 0.0
Generating LoRA 0
****************************************************************************************************

Using internalized LoRAs for generation

****************************************************************************************************
QUESTION: the recipient of first jnanpith award was an author which language
GOLD ANSWER: ['Malayalam']
GENERATED ANSWER: Malayalam 
{'ROUGE-1': {'precision': 1.0, 'recall': 1.0, 'f1': 1.0}, 'ROUGE-2': {'precision': 0.0, 'recall': 0.0, 'f1': 0.0}, 'ROUGE-L': {'precision': 1.0, 'recall': 1.0, 'f1': 1.0}} ACCURACY: 1.0
Generating LoRA 0
****************************************************************************************************

Using internalized LoRAs for generation

****************************************************************************************************
QUESTION: criminal minds episode where jj becomes a profiler
GOLD ANSWER: ['season seven premiere', 'The season seven premiere']
GENERATED ANSWER: Season seven. 
{'ROUGE-1': {'precision': 1.0, 'recall': 0.6666666666666666, 'f1': 0.8}, 'ROUGE-2': {'precision': 1.0, 'recall': 0.5, 'f1': 0.6666666666666666}, 'ROUGE-L': {'precision': 1.0, 'recall': 0.6666666666666666, 'f1': 0.8}} ACCURACY: 0.0
Generating LoRA 0
****************************************************************************************************

Using internalized LoRAs for generation

****************************************************************************************************
QUESTION: who discovered that neural communication between cells occurs through chemicals
GOLD ANSWER: ['Charles Sherrington']
GENERATED ANSWER: Santiago Ramón y Cajal 
{'ROUGE-1': {'precision': 0.0, 'recall': 0.0, 'f1': 0.0}, 'ROUGE-2': {'precision': 0.0, 'recall': 0.0, 'f1': 0.0}, 'ROUGE-L': {'precision': 0.0, 'recall': 0.0, 'f1': 0.0}} ACCURACY: 0.0
Generating LoRA 0
****************************************************************************************************

Using internalized LoRAs for generation

****************************************************************************************************
QUESTION: which condition would most likely require nutrition delivered through tpn
GOLD ANSWER: ['bowel obstruction', 'ulcerative colitis', 'high-output fistula', 'short bowel syndrome', "very severe Crohn's disease", 'prolonged diarrhea', 'gastroschisis']
GENERATED ANSWER: Bowel obstruction 
{'ROUGE-1': {'precision': 1.0, 'recall': 1.0, 'f1': 1.0}, 'ROUGE-2': {'precision': 1.0, 'recall': 1.0, 'f1': 1.0}, 'ROUGE-L': {'precision': 1.0, 'recall': 1.0, 'f1': 1.0}} ACCURACY: 1.0
Generating LoRA 0
****************************************************************************************************

Using internalized LoRAs for generation

****************************************************************************************************
QUESTION: today gestalt psychology ideas are part of which branch of psychology
GOLD ANSWER: ['Berlin School of experimental psychology', 'experimental psychology']
GENERATED ANSWER: Experimental psychology 
{'ROUGE-1': {'precision': 1.0, 'recall': 1.0, 'f1': 1.0}, 'ROUGE-2': {'precision': 1.0, 'recall': 1.0, 'f1': 1.0}, 'ROUGE-L': {'precision': 1.0, 'recall': 1.0, 'f1': 1.0}} ACCURACY: 1.0
Generating LoRA 0
****************************************************************************************************

Using internalized LoRAs for generation

****************************************************************************************************
QUESTION: how did long john silver lose his leg in treasure island
GOLD ANSWER: ['in the Royal Navy']
GENERATED ANSWER: Under the "immortal Hawke". 
{'ROUGE-1': {'precision': 0.25, 'recall': 0.25, 'f1': 0.25}, 'ROUGE-2': {'precision': 0.0, 'recall': 0.0, 'f1': 0.0}, 'ROUGE-L': {'precision': 0.25, 'recall': 0.25, 'f1': 0.25}} ACCURACY: 0.0
Generating LoRA 0
****************************************************************************************************

Using internalized LoRAs for generation

****************************************************************************************************
QUESTION: who did the mavericks beat in the finals
GOLD ANSWER: ['Miami Heat']
GENERATED ANSWER: The Houston Rockets. 
{'ROUGE-1': {'precision': 0.0, 'recall': 0.0, 'f1': 0.0}, 'ROUGE-2': {'precision': 0.0, 'recall': 0.0, 'f1': 0.0}, 'ROUGE-L': {'precision': 0.0, 'recall': 0.0, 'f1': 0.0}} ACCURACY: 0.0
Generating LoRA 0
****************************************************************************************************

Using internalized LoRAs for generation

****************************************************************************************************
QUESTION: who is the actor that plays sneaky pete
GOLD ANSWER: ['Giovanni Ribisi']
GENERATED ANSWER: David Shore 
{'ROUGE-1': {'precision': 0.0, 'recall': 0.0, 'f1': 0.0}, 'ROUGE-2': {'precision': 0.0, 'recall': 0.0, 'f1': 0.0}, 'ROUGE-L': {'precision': 0.0, 'recall': 0.0, 'f1': 0.0}} ACCURACY: 0.0
Generating LoRA 0
****************************************************************************************************

Using internalized LoRAs for generation

****************************************************************************************************
QUESTION: sequel to a christmas story it runs in the family
GOLD ANSWER: ['My Summer Story']
GENERATED ANSWER: It Runs in the Family 
{'ROUGE-1': {'precision': 0.0, 'recall': 0.0, 'f1': 0.0}, 'ROUGE-2': {'precision': 0.0, 'recall': 0.0, 'f1': 0.0}, 'ROUGE-L': {'precision': 0.0, 'recall': 0.0, 'f1': 0.0}} ACCURACY: 0.0
Generating LoRA 0
****************************************************************************************************

Using internalized LoRAs for generation

****************************************************************************************************
QUESTION: when did virgin australia (formerly virgin blue) commence flying in australia
GOLD ANSWER: ['November 1999']
GENERATED ANSWER: September 2001. 
{'ROUGE-1': {'precision': 0.0, 'recall': 0.0, 'f1': 0.0}, 'ROUGE-2': {'precision': 0.0, 'recall': 0.0, 'f1': 0.0}, 'ROUGE-L': {'precision': 0.0, 'recall': 0.0, 'f1': 0.0}} ACCURACY: 0.0
Generating LoRA 0
****************************************************************************************************

Using internalized LoRAs for generation

****************************************************************************************************
QUESTION: a political leader during the roman empire was called
GOLD ANSWER: ['emperors']
GENERATED ANSWER: Emperor 
{'ROUGE-1': {'precision': 0.0, 'recall': 0.0, 'f1': 0.0}, 'ROUGE-2': {'precision': 0.0, 'recall': 0.0, 'f1': 0.0}, 'ROUGE-L': {'precision': 0.0, 'recall': 0.0, 'f1': 0.0}} ACCURACY: 0.0
Generating LoRA 0
****************************************************************************************************

Using internalized LoRAs for generation

****************************************************************************************************
QUESTION: what is the first book of percy jackson
GOLD ANSWER: ['The Lightning Thief']
GENERATED ANSWER: The Lightning Thief 
{'ROUGE-1': {'precision': 1.0, 'recall': 1.0, 'f1': 1.0}, 'ROUGE-2': {'precision': 1.0, 'recall': 1.0, 'f1': 1.0}, 'ROUGE-L': {'precision': 1.0, 'recall': 1.0, 'f1': 1.0}} ACCURACY: 1.0
Generating LoRA 0
****************************************************************************************************

Using internalized LoRAs for generation

****************************************************************************************************
QUESTION: who sings the song only in my dreams
GOLD ANSWER: ['Debbie Gibson']
GENERATED ANSWER: Debbie Gibson 
{'ROUGE-1': {'precision': 1.0, 'recall': 1.0, 'f1': 1.0}, 'ROUGE-2': {'precision': 1.0, 'recall': 1.0, 'f1': 1.0}, 'ROUGE-L': {'precision': 1.0, 'recall': 1.0, 'f1': 1.0}} ACCURACY: 1.0
Generating LoRA 0
****************************************************************************************************

Using internalized LoRAs for generation

****************************************************************************************************
QUESTION: where is the capital city of alabama located
GOLD ANSWER: ['Montgomery']
GENERATED ANSWER: Montgomery 
{'ROUGE-1': {'precision': 1.0, 'recall': 1.0, 'f1': 1.0}, 'ROUGE-2': {'precision': 0.0, 'recall': 0.0, 'f1': 0.0}, 'ROUGE-L': {'precision': 1.0, 'recall': 1.0, 'f1': 1.0}} ACCURACY: 1.0
Generating LoRA 0
****************************************************************************************************

Using internalized LoRAs for generation

****************************************************************************************************
QUESTION: when was coffee first made into a drink
GOLD ANSWER: ['15th century', 'the 15th century']
GENERATED ANSWER: The 16th century. 
{'ROUGE-1': {'precision': 0.6666666666666666, 'recall': 0.6666666666666666, 'f1': 0.6666666666666666}, 'ROUGE-2': {'precision': 0.0, 'recall': 0.0, 'f1': 0.0}, 'ROUGE-L': {'precision': 0.6666666666666666, 'recall': 0.6666666666666666, 'f1': 0.6666666666666666}} ACCURACY: 0.0
Generating LoRA 0
****************************************************************************************************

Using internalized LoRAs for generation

****************************************************************************************************
QUESTION: when did tim hortons open in the usa
GOLD ANSWER: ['1981']
GENERATED ANSWER: 1981 
{'ROUGE-1': {'precision': 1.0, 'recall': 1.0, 'f1': 1.0}, 'ROUGE-2': {'precision': 0.0, 'recall': 0.0, 'f1': 0.0}, 'ROUGE-L': {'precision': 1.0, 'recall': 1.0, 'f1': 1.0}} ACCURACY: 1.0
Generating LoRA 0
****************************************************************************************************

Using internalized LoRAs for generation

****************************************************************************************************
QUESTION: who used to present i'm a celebrity now
GOLD ANSWER: ['Ant & Dec']
GENERATED ANSWER: Ant & Dec 
{'ROUGE-1': {'precision': 1.0, 'recall': 1.0, 'f1': 1.0}, 'ROUGE-2': {'precision': 1.0, 'recall': 1.0, 'f1': 1.0}, 'ROUGE-L': {'precision': 1.0, 'recall': 1.0, 'f1': 1.0}} ACCURACY: 1.0
Generating LoRA 0
****************************************************************************************************

Using internalized LoRAs for generation

****************************************************************************************************
QUESTION: who led the conquest of the incas in south america
GOLD ANSWER: ['Francisco Pizarro', 'conquistador Francisco Pizarro']
GENERATED ANSWER: Francisco Pizarro 
{'ROUGE-1': {'precision': 1.0, 'recall': 1.0, 'f1': 1.0}, 'ROUGE-2': {'precision': 1.0, 'recall': 1.0, 'f1': 1.0}, 'ROUGE-L': {'precision': 1.0, 'recall': 1.0, 'f1': 1.0}} ACCURACY: 1.0
Generating LoRA 0
****************************************************************************************************

Using internalized LoRAs for generation

****************************************************************************************************
QUESTION: who sings the pokemon theme song season 1
GOLD ANSWER: ['Jason Paige']
GENERATED ANSWER: Jason Paige 
{'ROUGE-1': {'precision': 1.0, 'recall': 1.0, 'f1': 1.0}, 'ROUGE-2': {'precision': 1.0, 'recall': 1.0, 'f1': 1.0}, 'ROUGE-L': {'precision': 1.0, 'recall': 1.0, 'f1': 1.0}} ACCURACY: 1.0
Generating LoRA 0
****************************************************************************************************

Using internalized LoRAs for generation

****************************************************************************************************
QUESTION: where was the rise of the planet of the apes filmed
GOLD ANSWER: ['Oahu, Hawaii', 'Vancouver, British Columbia', 'San Francisco, California']
GENERATED ANSWER: Vancouver, British Columbia. 
{'ROUGE-1': {'precision': 1.0, 'recall': 1.0, 'f1': 1.0}, 'ROUGE-2': {'precision': 1.0, 'recall': 1.0, 'f1': 1.0}, 'ROUGE-L': {'precision': 1.0, 'recall': 1.0, 'f1': 1.0}} ACCURACY: 1.0
Generating LoRA 0
****************************************************************************************************

Using internalized LoRAs for generation

****************************************************************************************************
QUESTION: where does wild caught sockeye salmon come from
GOLD ANSWER: ['the Northern Pacific Ocean']
GENERATED ANSWER: Northern Pacific Ocean 
{'ROUGE-1': {'precision': 1.0, 'recall': 0.75, 'f1': 0.8571428571428571}, 'ROUGE-2': {'precision': 1.0, 'recall': 0.6666666666666666, 'f1': 0.8}, 'ROUGE-L': {'precision': 1.0, 'recall': 0.75, 'f1': 0.8571428571428571}} ACCURACY: 0.0
Generating LoRA 0
****************************************************************************************************

Using internalized LoRAs for generation

****************************************************************************************************
QUESTION: who added a press room to the white house
GOLD ANSWER: ['Richard Nixon', 'President Richard Nixon']
GENERATED ANSWER: Richard Nixon 
{'ROUGE-1': {'precision': 1.0, 'recall': 1.0, 'f1': 1.0}, 'ROUGE-2': {'precision': 1.0, 'recall': 1.0, 'f1': 1.0}, 'ROUGE-L': {'precision': 1.0, 'recall': 1.0, 'f1': 1.0}} ACCURACY: 1.0
Generating LoRA 0
****************************************************************************************************

Using internalized LoRAs for generation

****************************************************************************************************
QUESTION: what was the religion in persia before islam
GOLD ANSWER: ['the Zoroastrian religion', 'Zoroastrian']
GENERATED ANSWER: Zoroastrianism 
{'ROUGE-1': {'precision': 0.0, 'recall': 0.0, 'f1': 0.0}, 'ROUGE-2': {'precision': 0.0, 'recall': 0.0, 'f1': 0.0}, 'ROUGE-L': {'precision': 0.0, 'recall': 0.0, 'f1': 0.0}} ACCURACY: 0.0
Generating LoRA 0
****************************************************************************************************

Using internalized LoRAs for generation

****************************************************************************************************
QUESTION: why does kerosene oil rise up in the wick of lantern
GOLD ANSWER: ['capillary action']
GENERATED ANSWER: Capillary action. 
{'ROUGE-1': {'precision': 1.0, 'recall': 1.0, 'f1': 1.0}, 'ROUGE-2': {'precision': 1.0, 'recall': 1.0, 'f1': 1.0}, 'ROUGE-L': {'precision': 1.0, 'recall': 1.0, 'f1': 1.0}} ACCURACY: 1.0
Generating LoRA 0
****************************************************************************************************

Using internalized LoRAs for generation

****************************************************************************************************
QUESTION: where does the sweetness of fruit come from
GOLD ANSWER: ['Fructose, or fruit sugar', 'Fructose']
GENERATED ANSWER: Fructose. 
{'ROUGE-1': {'precision': 1.0, 'recall': 1.0, 'f1': 1.0}, 'ROUGE-2': {'precision': 0.0, 'recall': 0.0, 'f1': 0.0}, 'ROUGE-L': {'precision': 1.0, 'recall': 1.0, 'f1': 1.0}} ACCURACY: 1.0
Generating LoRA 0
****************************************************************************************************

Using internalized LoRAs for generation

****************************************************************************************************
QUESTION: an object that moves around an external axis is said to be
GOLD ANSWER: ['revolution or orbital revolution', 'orbit']
GENERATED ANSWER: rotating 
{'ROUGE-1': {'precision': 0.0, 'recall': 0.0, 'f1': 0.0}, 'ROUGE-2': {'precision': 0.0, 'recall': 0.0, 'f1': 0.0}, 'ROUGE-L': {'precision': 0.0, 'recall': 0.0, 'f1': 0.0}} ACCURACY: 0.0
Generating LoRA 0
****************************************************************************************************

Using internalized LoRAs for generation

****************************************************************************************************
QUESTION: what was the name of the plant on little shop of horrors
GOLD ANSWER: ['Audrey II']
GENERATED ANSWER: Audrey II 
{'ROUGE-1': {'precision': 1.0, 'recall': 1.0, 'f1': 1.0}, 'ROUGE-2': {'precision': 1.0, 'recall': 1.0, 'f1': 1.0}, 'ROUGE-L': {'precision': 1.0, 'recall': 1.0, 'f1': 1.0}} ACCURACY: 1.0
Generating LoRA 0
****************************************************************************************************

Using internalized LoRAs for generation

****************************************************************************************************
QUESTION: when does wonder woman come out on blue ray
GOLD ANSWER: ['September 19, 2017']
GENERATED ANSWER: September 29, 2017. 
{'ROUGE-1': {'precision': 0.6666666666666666, 'recall': 0.6666666666666666, 'f1': 0.6666666666666666}, 'ROUGE-2': {'precision': 0.0, 'recall': 0.0, 'f1': 0.0}, 'ROUGE-L': {'precision': 0.6666666666666666, 'recall': 0.6666666666666666, 'f1': 0.6666666666666666}} ACCURACY: 0.0
Generating LoRA 0
****************************************************************************************************

Using internalized LoRAs for generation

****************************************************************************************************
QUESTION: who heads the executive department of west virginia government
GOLD ANSWER: ['the Governor of West Virginia', 'the governor of West Virginia', 'Jim Justice']
GENERATED ANSWER: The governor of West Virginia. 
{'ROUGE-1': {'precision': 1.0, 'recall': 1.0, 'f1': 1.0}, 'ROUGE-2': {'precision': 1.0, 'recall': 1.0, 'f1': 1.0}, 'ROUGE-L': {'precision': 1.0, 'recall': 1.0, 'f1': 1.0}} ACCURACY: 1.0
Generating LoRA 0
****************************************************************************************************

Using internalized LoRAs for generation

****************************************************************************************************
QUESTION: how long is the bridge between new brunswick and prince edward island
GOLD ANSWER: ['12.9-kilometre']
GENERATED ANSWER: 12.9 kilometres 
{'ROUGE-1': {'precision': 0.0, 'recall': 0.0, 'f1': 0.0}, 'ROUGE-2': {'precision': 0.0, 'recall': 0.0, 'f1': 0.0}, 'ROUGE-L': {'precision': 0.0, 'recall': 0.0, 'f1': 0.0}} ACCURACY: 0.0
Generating LoRA 0
****************************************************************************************************

Using internalized LoRAs for generation

****************************************************************************************************
QUESTION: when did the uk and us become allies
GOLD ANSWER: ['Since 1940', '1940']
GENERATED ANSWER: World War II. 
{'ROUGE-1': {'precision': 0.0, 'recall': 0.0, 'f1': 0.0}, 'ROUGE-2': {'precision': 0.0, 'recall': 0.0, 'f1': 0.0}, 'ROUGE-L': {'precision': 0.0, 'recall': 0.0, 'f1': 0.0}} ACCURACY: 0.0
Generating LoRA 0
****************************************************************************************************

Using internalized LoRAs for generation

****************************************************************************************************
QUESTION: who sang the theme song for the man with the golden gun
GOLD ANSWER: ['Lulu']
GENERATED ANSWER: Lulu 
{'ROUGE-1': {'precision': 1.0, 'recall': 1.0, 'f1': 1.0}, 'ROUGE-2': {'precision': 0.0, 'recall': 0.0, 'f1': 0.0}, 'ROUGE-L': {'precision': 1.0, 'recall': 1.0, 'f1': 1.0}} ACCURACY: 1.0
Generating LoRA 0
****************************************************************************************************

Using internalized LoRAs for generation

****************************************************************************************************
QUESTION: the probability of making a type i error when retaining ho at the .05 level of significance is
GOLD ANSWER: ['5%']
GENERATED ANSWER: 5% 
{'ROUGE-1': {'precision': 1.0, 'recall': 1.0, 'f1': 1.0}, 'ROUGE-2': {'precision': 0.0, 'recall': 0.0, 'f1': 0.0}, 'ROUGE-L': {'precision': 1.0, 'recall': 1.0, 'f1': 1.0}} ACCURACY: 1.0
Generating LoRA 0
****************************************************************************************************

Using internalized LoRAs for generation

****************************************************************************************************
QUESTION: what year did the us hockey team won the olympics
GOLD ANSWER: ['1960', '1960 and 1980', '1980']
GENERATED ANSWER: 1980 
{'ROUGE-1': {'precision': 1.0, 'recall': 1.0, 'f1': 1.0}, 'ROUGE-2': {'precision': 0.0, 'recall': 0.0, 'f1': 0.0}, 'ROUGE-L': {'precision': 1.0, 'recall': 1.0, 'f1': 1.0}} ACCURACY: 1.0
Generating LoRA 0
****************************************************************************************************

Using internalized LoRAs for generation

****************************************************************************************************
QUESTION: who wrote it's a long long way to pasadena
GOLD ANSWER: ['John Young', 'Harry Vanda', 'David Hemmings', 'George Young']
GENERATED ANSWER: John Young 
{'ROUGE-1': {'precision': 1.0, 'recall': 1.0, 'f1': 1.0}, 'ROUGE-2': {'precision': 1.0, 'recall': 1.0, 'f1': 1.0}, 'ROUGE-L': {'precision': 1.0, 'recall': 1.0, 'f1': 1.0}} ACCURACY: 1.0
Generating LoRA 0
****************************************************************************************************

Using internalized LoRAs for generation

****************************************************************************************************
QUESTION: who wrote the song i hate you i love you
GOLD ANSWER: ['Garrett Nash', "Olivia O'Brien", 'Angel Benitez']
GENERATED ANSWER: Gnash 
{'ROUGE-1': {'precision': 0.0, 'recall': 0.0, 'f1': 0.0}, 'ROUGE-2': {'precision': 0.0, 'recall': 0.0, 'f1': 0.0}, 'ROUGE-L': {'precision': 0.0, 'recall': 0.0, 'f1': 0.0}} ACCURACY: 0.0
Generating LoRA 0
****************************************************************************************************

Using internalized LoRAs for generation

****************************************************************************************************
QUESTION: what is loihi and where does it originate from
GOLD ANSWER: ['from the Hawaii hotspot']
GENERATED ANSWER: The Hawaiian-Emperor seamount chain is a string of volcanoes that stretches over 5,800 km (3,600 mi) northwest of Lōihi. 
{'ROUGE-1': {'precision': 0.05263157894736842, 'recall': 0.25, 'f1': 0.08695652173913043}, 'ROUGE-2': {'precision': 0.0, 'recall': 0.0, 'f1': 0.0}, 'ROUGE-L': {'precision': 0.05263157894736842, 'recall': 0.25, 'f1': 0.08695652173913043}} ACCURACY: 0.0
Generating LoRA 0
****************************************************************************************************

Using internalized LoRAs for generation

****************************************************************************************************
QUESTION: who was executed for being an american spy during the revolutionary war
GOLD ANSWER: ['Nathan Hale']
GENERATED ANSWER: Nathan Hale 
{'ROUGE-1': {'precision': 1.0, 'recall': 1.0, 'f1': 1.0}, 'ROUGE-2': {'precision': 1.0, 'recall': 1.0, 'f1': 1.0}, 'ROUGE-L': {'precision': 1.0, 'recall': 1.0, 'f1': 1.0}} ACCURACY: 1.0
Generating LoRA 0
****************************************************************************************************

Using internalized LoRAs for generation

****************************************************************************************************
QUESTION: who sang the song suddenly with olivia newton john
GOLD ANSWER: ['Cliff Richard']
GENERATED ANSWER: John Farrar 
{'ROUGE-1': {'precision': 0.0, 'recall': 0.0, 'f1': 0.0}, 'ROUGE-2': {'precision': 0.0, 'recall': 0.0, 'f1': 0.0}, 'ROUGE-L': {'precision': 0.0, 'recall': 0.0, 'f1': 0.0}} ACCURACY: 0.0
Generating LoRA 0
****************************************************************************************************

Using internalized LoRAs for generation

****************************************************************************************************
QUESTION: who is command sergeant major of the army
GOLD ANSWER: ['Daniel A. Dailey']
GENERATED ANSWER: Command Sergeant Major Raymond F. Chandler III. 
{'ROUGE-1': {'precision': 0.0, 'recall': 0.0, 'f1': 0.0}, 'ROUGE-2': {'precision': 0.0, 'recall': 0.0, 'f1': 0.0}, 'ROUGE-L': {'precision': 0.0, 'recall': 0.0, 'f1': 0.0}} ACCURACY: 0.0
Generating LoRA 0
****************************************************************************************************

Using internalized LoRAs for generation

****************************************************************************************************
QUESTION: who sings the original windmills of your mind
GOLD ANSWER: ['Noel Harrison']
GENERATED ANSWER: Noel Harrison 
{'ROUGE-1': {'precision': 1.0, 'recall': 1.0, 'f1': 1.0}, 'ROUGE-2': {'precision': 1.0, 'recall': 1.0, 'f1': 1.0}, 'ROUGE-L': {'precision': 1.0, 'recall': 1.0, 'f1': 1.0}} ACCURACY: 1.0
Generating LoRA 0
****************************************************************************************************

Using internalized LoRAs for generation

****************************************************************************************************
QUESTION: where will the next summer and winter olympics be held
GOLD ANSWER: ['Beijing', 'Tokyo']
GENERATED ANSWER: Tokyo (summer) and Beijing (winter). 
{'ROUGE-1': {'precision': 0.2, 'recall': 1.0, 'f1': 0.33333333333333337}, 'ROUGE-2': {'precision': 0.0, 'recall': 0.0, 'f1': 0.0}, 'ROUGE-L': {'precision': 0.2, 'recall': 1.0, 'f1': 0.33333333333333337}} ACCURACY: 0.0
Generating LoRA 0
****************************************************************************************************

Using internalized LoRAs for generation

****************************************************************************************************
QUESTION: who sang the song how far is heaven
GOLD ANSWER: ['Los Lonely Boys']
GENERATED ANSWER: Los Lonely Boys 
{'ROUGE-1': {'precision': 1.0, 'recall': 1.0, 'f1': 1.0}, 'ROUGE-2': {'precision': 1.0, 'recall': 1.0, 'f1': 1.0}, 'ROUGE-L': {'precision': 1.0, 'recall': 1.0, 'f1': 1.0}} ACCURACY: 1.0
Generating LoRA 0
****************************************************************************************************

Using internalized LoRAs for generation

****************************************************************************************************
QUESTION: where are the organ mountains in new mexico
GOLD ANSWER: ['southern New Mexico']
GENERATED ANSWER: Southern New Mexico, in Doña Ana County. 
{'ROUGE-1': {'precision': 0.42857142857142855, 'recall': 1.0, 'f1': 0.6}, 'ROUGE-2': {'precision': 0.3333333333333333, 'recall': 1.0, 'f1': 0.5}, 'ROUGE-L': {'precision': 0.42857142857142855, 'recall': 1.0, 'f1': 0.6}} ACCURACY: 0.0
Generating LoRA 0
****************************************************************************************************

Using internalized LoRAs for generation

****************************************************************************************************
QUESTION: where are the 10 plagues found in the bible
GOLD ANSWER: ['Exodus', 'Book of Exodus']
GENERATED ANSWER: The Book of Exodus. 
{'ROUGE-1': {'precision': 0.75, 'recall': 1.0, 'f1': 0.8571428571428571}, 'ROUGE-2': {'precision': 0.6666666666666666, 'recall': 1.0, 'f1': 0.8}, 'ROUGE-L': {'precision': 0.75, 'recall': 1.0, 'f1': 0.8571428571428571}} ACCURACY: 0.0
Generating LoRA 0
****************************************************************************************************

Using internalized LoRAs for generation

****************************************************************************************************
QUESTION: where are red blood cells made in adults
GOLD ANSWER: ['in the bone marrow']
GENERATED ANSWER: Bone marrow 
{'ROUGE-1': {'precision': 1.0, 'recall': 0.5, 'f1': 0.6666666666666666}, 'ROUGE-2': {'precision': 1.0, 'recall': 0.3333333333333333, 'f1': 0.5}, 'ROUGE-L': {'precision': 1.0, 'recall': 0.5, 'f1': 0.6666666666666666}} ACCURACY: 0.0
Generating LoRA 0
****************************************************************************************************

Using internalized LoRAs for generation

****************************************************************************************************
QUESTION: who was the pinkerton detective agency's first female detective
GOLD ANSWER: ['Kate Warne']
GENERATED ANSWER: Kate Warne 
{'ROUGE-1': {'precision': 1.0, 'recall': 1.0, 'f1': 1.0}, 'ROUGE-2': {'precision': 1.0, 'recall': 1.0, 'f1': 1.0}, 'ROUGE-L': {'precision': 1.0, 'recall': 1.0, 'f1': 1.0}} ACCURACY: 1.0
Generating LoRA 0
****************************************************************************************************

Using internalized LoRAs for generation

****************************************************************************************************
QUESTION: how many episodes are there in modern family
GOLD ANSWER: ['201', '232']
GENERATED ANSWER: 201 
{'ROUGE-1': {'precision': 1.0, 'recall': 1.0, 'f1': 1.0}, 'ROUGE-2': {'precision': 0.0, 'recall': 0.0, 'f1': 0.0}, 'ROUGE-L': {'precision': 1.0, 'recall': 1.0, 'f1': 1.0}} ACCURACY: 1.0
Generating LoRA 0
****************************************************************************************************

Using internalized LoRAs for generation

****************************************************************************************************
QUESTION: who built the first temple for god in jerusalem
GOLD ANSWER: ['Solomon']
GENERATED ANSWER: Solomon. 
{'ROUGE-1': {'precision': 1.0, 'recall': 1.0, 'f1': 1.0}, 'ROUGE-2': {'precision': 0.0, 'recall': 0.0, 'f1': 0.0}, 'ROUGE-L': {'precision': 1.0, 'recall': 1.0, 'f1': 1.0}} ACCURACY: 1.0
Generating LoRA 0
****************************************************************************************************

Using internalized LoRAs for generation

****************************************************************************************************
QUESTION: what is a dropped pin on google maps for
GOLD ANSWER: ['marks locations in Google Maps', 'marks locations']
GENERATED ANSWER: A dropped pin is a location marker. 
{'ROUGE-1': {'precision': 0.0, 'recall': 0.0, 'f1': 0.0}, 'ROUGE-2': {'precision': 0.0, 'recall': 0.0, 'f1': 0.0}, 'ROUGE-L': {'precision': 0.0, 'recall': 0.0, 'f1': 0.0}} ACCURACY: 0.0
Generating LoRA 0
****************************************************************************************************

Using internalized LoRAs for generation

****************************************************************************************************
QUESTION: what do the 3 dots mean in math
GOLD ANSWER: ['therefore sign', 'the therefore sign']
GENERATED ANSWER: The 3 dots mean "therefore". 
{'ROUGE-1': {'precision': 0.4, 'recall': 0.6666666666666666, 'f1': 0.5}, 'ROUGE-2': {'precision': 0.0, 'recall': 0.0, 'f1': 0.0}, 'ROUGE-L': {'precision': 0.4, 'recall': 0.6666666666666666, 'f1': 0.5}} ACCURACY: 0.0
Generating LoRA 0
****************************************************************************************************

Using internalized LoRAs for generation

****************************************************************************************************
QUESTION: who wrote the song photograph by ringo starr
GOLD ANSWER: ['George Harrison', 'Ringo Starr', 'Richard Starkey']
GENERATED ANSWER: Ringo Starr 
{'ROUGE-1': {'precision': 1.0, 'recall': 1.0, 'f1': 1.0}, 'ROUGE-2': {'precision': 1.0, 'recall': 1.0, 'f1': 1.0}, 'ROUGE-L': {'precision': 1.0, 'recall': 1.0, 'f1': 1.0}} ACCURACY: 1.0
Generating LoRA 0
****************************************************************************************************

Using internalized LoRAs for generation

****************************************************************************************************
QUESTION: who is playing the halftime show at super bowl 2016
GOLD ANSWER: ['Beyoncé', 'Coldplay', 'Bruno Mars']
GENERATED ANSWER: Coldplay 
{'ROUGE-1': {'precision': 1.0, 'recall': 1.0, 'f1': 1.0}, 'ROUGE-2': {'precision': 0.0, 'recall': 0.0, 'f1': 0.0}, 'ROUGE-L': {'precision': 1.0, 'recall': 1.0, 'f1': 1.0}} ACCURACY: 1.0
Generating LoRA 0
****************************************************************************************************

Using internalized LoRAs for generation

****************************************************************************************************
QUESTION: who has made the most premier league appearances
GOLD ANSWER: ['Gareth Barry']
GENERATED ANSWER: Ryan Giggs 
{'ROUGE-1': {'precision': 0.0, 'recall': 0.0, 'f1': 0.0}, 'ROUGE-2': {'precision': 0.0, 'recall': 0.0, 'f1': 0.0}, 'ROUGE-L': {'precision': 0.0, 'recall': 0.0, 'f1': 0.0}} ACCURACY: 0.0
Generating LoRA 0
****************************************************************************************************

Using internalized LoRAs for generation

****************************************************************************************************
QUESTION: who was the first chief minister of west bengal
GOLD ANSWER: ['Prafulla Chandra Ghosh']
GENERATED ANSWER: Praful Chandra Roy 
{'ROUGE-1': {'precision': 0.3333333333333333, 'recall': 0.3333333333333333, 'f1': 0.3333333333333333}, 'ROUGE-2': {'precision': 0.0, 'recall': 0.0, 'f1': 0.0}, 'ROUGE-L': {'precision': 0.3333333333333333, 'recall': 0.3333333333333333, 'f1': 0.3333333333333333}} ACCURACY: 0.0
Generating LoRA 0
****************************************************************************************************

Using internalized LoRAs for generation

****************************************************************************************************
QUESTION: who sings got my mind set on you
GOLD ANSWER: ['James Ray', 'George Harrison']
GENERATED ANSWER: Rudy Clark 
{'ROUGE-1': {'precision': 0.0, 'recall': 0.0, 'f1': 0.0}, 'ROUGE-2': {'precision': 0.0, 'recall': 0.0, 'f1': 0.0}, 'ROUGE-L': {'precision': 0.0, 'recall': 0.0, 'f1': 0.0}} ACCURACY: 0.0
Generating LoRA 0
****************************************************************************************************

Using internalized LoRAs for generation

****************************************************************************************************
QUESTION: two main types of research methods used in psychology
GOLD ANSWER: ['quantitative data', 'quantitative', 'Quantitative psychological research', 'qualitative', 'Experimental research', 'Qualitative psychological research', 'qualitative data', 'Correlational research', 'Descriptive research']
GENERATED ANSWER: Qualitative and quantitative. 
{'ROUGE-1': {'precision': 0.3333333333333333, 'recall': 1.0, 'f1': 0.5}, 'ROUGE-2': {'precision': 0.0, 'recall': 0.0, 'f1': 0.0}, 'ROUGE-L': {'precision': 0.3333333333333333, 'recall': 1.0, 'f1': 0.5}} ACCURACY: 0.0
Generating LoRA 0
****************************************************************************************************

Using internalized LoRAs for generation

****************************************************************************************************
QUESTION: when does the 14th season of grey's anatomy come out
GOLD ANSWER: ['September 28, 2017']
GENERATED ANSWER: September 28, 2017. 
{'ROUGE-1': {'precision': 1.0, 'recall': 1.0, 'f1': 1.0}, 'ROUGE-2': {'precision': 1.0, 'recall': 1.0, 'f1': 1.0}, 'ROUGE-L': {'precision': 1.0, 'recall': 1.0, 'f1': 1.0}} ACCURACY: 1.0
Generating LoRA 0
****************************************************************************************************

Using internalized LoRAs for generation

****************************************************************************************************
QUESTION: when was the first hunger games book published
GOLD ANSWER: ['September 14, 2008', '2008']
GENERATED ANSWER: 2008 
{'ROUGE-1': {'precision': 1.0, 'recall': 1.0, 'f1': 1.0}, 'ROUGE-2': {'precision': 0.0, 'recall': 0.0, 'f1': 0.0}, 'ROUGE-L': {'precision': 1.0, 'recall': 1.0, 'f1': 1.0}} ACCURACY: 1.0
Generating LoRA 0
****************************************************************************************************

Using internalized LoRAs for generation

****************************************************************************************************
QUESTION: how much is the united states in debt to china
GOLD ANSWER: ['$1.06 trillion', '1,200.5']
GENERATED ANSWER: $1.09 trillion 
{'ROUGE-1': {'precision': 0.5, 'recall': 0.5, 'f1': 0.5}, 'ROUGE-2': {'precision': 0.0, 'recall': 0.0, 'f1': 0.0}, 'ROUGE-L': {'precision': 0.5, 'recall': 0.5, 'f1': 0.5}} ACCURACY: 0.0
Generating LoRA 0
****************************************************************************************************

Using internalized LoRAs for generation

****************************************************************************************************
QUESTION: what is the maximum data rate for the 802.11a standard select one
GOLD ANSWER: ['54\xa0Mbit/s']
GENERATED ANSWER: 54 Mbit/s 
{'ROUGE-1': {'precision': 1.0, 'recall': 1.0, 'f1': 1.0}, 'ROUGE-2': {'precision': 1.0, 'recall': 1.0, 'f1': 1.0}, 'ROUGE-L': {'precision': 1.0, 'recall': 1.0, 'f1': 1.0}} ACCURACY: 1.0
Generating LoRA 0
****************************************************************************************************

Using internalized LoRAs for generation

****************************************************************************************************
QUESTION: a good that can be used in place of another good
GOLD ANSWER: ['A substitute good', 'substitute good']
GENERATED ANSWER: Substitute good 
{'ROUGE-1': {'precision': 1.0, 'recall': 1.0, 'f1': 1.0}, 'ROUGE-2': {'precision': 1.0, 'recall': 1.0, 'f1': 1.0}, 'ROUGE-L': {'precision': 1.0, 'recall': 1.0, 'f1': 1.0}} ACCURACY: 1.0
Generating LoRA 0
****************************************************************************************************

Using internalized LoRAs for generation

****************************************************************************************************
QUESTION: where in the bible can i find the lord's prayer
GOLD ANSWER: ['the Gospel of Matthew', 'the Gospel of Luke']
GENERATED ANSWER: The Gospel of Matthew and the Gospel of Luke. 
{'ROUGE-1': {'precision': 0.4444444444444444, 'recall': 1.0, 'f1': 0.6153846153846153}, 'ROUGE-2': {'precision': 0.375, 'recall': 1.0, 'f1': 0.5454545454545454}, 'ROUGE-L': {'precision': 0.4444444444444444, 'recall': 1.0, 'f1': 0.6153846153846153}} ACCURACY: 0.0
Generating LoRA 0
****************************************************************************************************

Using internalized LoRAs for generation

****************************************************************************************************
QUESTION: who become the ceo of it wipro company in 2016
GOLD ANSWER: ['Abid Ali Neemuchwala']
GENERATED ANSWER: Abid Ali Neemuchwala 
{'ROUGE-1': {'precision': 1.0, 'recall': 1.0, 'f1': 1.0}, 'ROUGE-2': {'precision': 1.0, 'recall': 1.0, 'f1': 1.0}, 'ROUGE-L': {'precision': 1.0, 'recall': 1.0, 'f1': 1.0}} ACCURACY: 1.0
Generating LoRA 0
****************************************************************************************************

Using internalized LoRAs for generation

****************************************************************************************************
QUESTION: who does eric end up with in gossip girl
GOLD ANSWER: ['Jenny']
GENERATED ANSWER: Jenny 
{'ROUGE-1': {'precision': 1.0, 'recall': 1.0, 'f1': 1.0}, 'ROUGE-2': {'precision': 0.0, 'recall': 0.0, 'f1': 0.0}, 'ROUGE-L': {'precision': 1.0, 'recall': 1.0, 'f1': 1.0}} ACCURACY: 1.0
Generating LoRA 0
****************************************************************************************************

Using internalized LoRAs for generation

****************************************************************************************************
QUESTION: who is recognized as the founder of islam
GOLD ANSWER: ['the Islamic prophet Muhammad', 'Muhammad']
GENERATED ANSWER: Muhammad 
{'ROUGE-1': {'precision': 1.0, 'recall': 1.0, 'f1': 1.0}, 'ROUGE-2': {'precision': 0.0, 'recall': 0.0, 'f1': 0.0}, 'ROUGE-L': {'precision': 1.0, 'recall': 1.0, 'f1': 1.0}} ACCURACY: 1.0
Generating LoRA 0
****************************************************************************************************

Using internalized LoRAs for generation

****************************************************************************************************
QUESTION: how old was sasuke when his clan died
GOLD ANSWER: ['seven']
GENERATED ANSWER: Seven. 
{'ROUGE-1': {'precision': 1.0, 'recall': 1.0, 'f1': 1.0}, 'ROUGE-2': {'precision': 0.0, 'recall': 0.0, 'f1': 0.0}, 'ROUGE-L': {'precision': 1.0, 'recall': 1.0, 'f1': 1.0}} ACCURACY: 1.0
Generating LoRA 0
****************************************************************************************************

Using internalized LoRAs for generation

****************************************************************************************************
QUESTION: who is the pastor of new birth missionary baptist church now
GOLD ANSWER: ['Stephen A. Davis']
GENERATED ANSWER: Bishop Eddie Long 
{'ROUGE-1': {'precision': 0.0, 'recall': 0.0, 'f1': 0.0}, 'ROUGE-2': {'precision': 0.0, 'recall': 0.0, 'f1': 0.0}, 'ROUGE-L': {'precision': 0.0, 'recall': 0.0, 'f1': 0.0}} ACCURACY: 0.0
Generating LoRA 0
****************************************************************************************************

Using internalized LoRAs for generation

****************************************************************************************************
QUESTION: who is doing 2018 super bowl half time show
GOLD ANSWER: ['Justin Timberlake']
GENERATED ANSWER: Justin Timberlake 
{'ROUGE-1': {'precision': 1.0, 'recall': 1.0, 'f1': 1.0}, 'ROUGE-2': {'precision': 1.0, 'recall': 1.0, 'f1': 1.0}, 'ROUGE-L': {'precision': 1.0, 'recall': 1.0, 'f1': 1.0}} ACCURACY: 1.0
Generating LoRA 0
****************************************************************************************************

Using internalized LoRAs for generation

****************************************************************************************************
QUESTION: who is playing the halftime show for the superbowl
GOLD ANSWER: ['Justin Timberlake']
GENERATED ANSWER: Justin Timberlake 
{'ROUGE-1': {'precision': 1.0, 'recall': 1.0, 'f1': 1.0}, 'ROUGE-2': {'precision': 1.0, 'recall': 1.0, 'f1': 1.0}, 'ROUGE-L': {'precision': 1.0, 'recall': 1.0, 'f1': 1.0}} ACCURACY: 1.0
Generating LoRA 0
****************************************************************************************************

Using internalized LoRAs for generation

****************************************************************************************************
QUESTION: who hosted they think it's all over
GOLD ANSWER: ['Nick Hancock', 'Des Lynam', 'comedian Nick Hancock', 'Lee Mack']
GENERATED ANSWER: Nick Hancock 
{'ROUGE-1': {'precision': 1.0, 'recall': 1.0, 'f1': 1.0}, 'ROUGE-2': {'precision': 1.0, 'recall': 1.0, 'f1': 1.0}, 'ROUGE-L': {'precision': 1.0, 'recall': 1.0, 'f1': 1.0}} ACCURACY: 1.0
Generating LoRA 0
****************************************************************************************************

Using internalized LoRAs for generation

****************************************************************************************************
QUESTION: where does us highway 1 start and end
GOLD ANSWER: ['Fort Kent, Maine', 'to Key West, Florida', 'Key West, Florida']
GENERATED ANSWER: Fort Kent, Maine. 
{'ROUGE-1': {'precision': 1.0, 'recall': 1.0, 'f1': 1.0}, 'ROUGE-2': {'precision': 1.0, 'recall': 1.0, 'f1': 1.0}, 'ROUGE-L': {'precision': 1.0, 'recall': 1.0, 'f1': 1.0}} ACCURACY: 1.0
Generating LoRA 0
****************************************************************************************************

Using internalized LoRAs for generation

****************************************************************************************************
QUESTION: who scored the most points in a single game in the nba
GOLD ANSWER: ['Wilt Chamberlain']
GENERATED ANSWER: Wilt Chamberlain 
{'ROUGE-1': {'precision': 1.0, 'recall': 1.0, 'f1': 1.0}, 'ROUGE-2': {'precision': 1.0, 'recall': 1.0, 'f1': 1.0}, 'ROUGE-L': {'precision': 1.0, 'recall': 1.0, 'f1': 1.0}} ACCURACY: 1.0
Generating LoRA 0
****************************************************************************************************

Using internalized LoRAs for generation

****************************************************************************************************
QUESTION: when were the first general elections held in independent india
GOLD ANSWER: ['1951–52']
GENERATED ANSWER: August 1951 
{'ROUGE-1': {'precision': 0.0, 'recall': 0.0, 'f1': 0.0}, 'ROUGE-2': {'precision': 0.0, 'recall': 0.0, 'f1': 0.0}, 'ROUGE-L': {'precision': 0.0, 'recall': 0.0, 'f1': 0.0}} ACCURACY: 0.0
Generating LoRA 0
****************************************************************************************************

Using internalized LoRAs for generation

****************************************************************************************************
QUESTION: what was the tower of london originally used for
GOLD ANSWER: ['a royal residence', 'as a royal residence']
GENERATED ANSWER: A grand palace. 
{'ROUGE-1': {'precision': 0.3333333333333333, 'recall': 0.3333333333333333, 'f1': 0.3333333333333333}, 'ROUGE-2': {'precision': 0.0, 'recall': 0.0, 'f1': 0.0}, 'ROUGE-L': {'precision': 0.3333333333333333, 'recall': 0.3333333333333333, 'f1': 0.3333333333333333}} ACCURACY: 0.0
Generating LoRA 0
****************************************************************************************************

Using internalized LoRAs for generation

****************************************************************************************************
QUESTION: what type of fuel goes in a zippo
GOLD ANSWER: ['lighter fluid', 'butane']
GENERATED ANSWER: Butane 
{'ROUGE-1': {'precision': 1.0, 'recall': 1.0, 'f1': 1.0}, 'ROUGE-2': {'precision': 0.0, 'recall': 0.0, 'f1': 0.0}, 'ROUGE-L': {'precision': 1.0, 'recall': 1.0, 'f1': 1.0}} ACCURACY: 1.0
Generating LoRA 0
****************************************************************************************************

Using internalized LoRAs for generation

****************************************************************************************************
QUESTION: first jnanpith award was an autor of which language
GOLD ANSWER: ['Malayalam']
GENERATED ANSWER: Malayalam 
{'ROUGE-1': {'precision': 1.0, 'recall': 1.0, 'f1': 1.0}, 'ROUGE-2': {'precision': 0.0, 'recall': 0.0, 'f1': 0.0}, 'ROUGE-L': {'precision': 1.0, 'recall': 1.0, 'f1': 1.0}} ACCURACY: 1.0
Generating LoRA 0
****************************************************************************************************

Using internalized LoRAs for generation

****************************************************************************************************
QUESTION: how many cracker barrels in the united states
GOLD ANSWER: ['639', 'more than 600']
GENERATED ANSWER: 639 
{'ROUGE-1': {'precision': 1.0, 'recall': 1.0, 'f1': 1.0}, 'ROUGE-2': {'precision': 0.0, 'recall': 0.0, 'f1': 0.0}, 'ROUGE-L': {'precision': 1.0, 'recall': 1.0, 'f1': 1.0}} ACCURACY: 1.0
Generating LoRA 0
****************************************************************************************************

Using internalized LoRAs for generation

****************************************************************************************************
QUESTION: in photosynthesis the carbon in co2 is initially fixed to what molecule
GOLD ANSWER: ['3-phosphoglycerate']
GENERATED ANSWER: RuBisCO 
{'ROUGE-1': {'precision': 0.0, 'recall': 0.0, 'f1': 0.0}, 'ROUGE-2': {'precision': 0.0, 'recall': 0.0, 'f1': 0.0}, 'ROUGE-L': {'precision': 0.0, 'recall': 0.0, 'f1': 0.0}} ACCURACY: 0.0
Generating LoRA 0
****************************************************************************************************

Using internalized LoRAs for generation

****************************************************************************************************
QUESTION: how many countries does cadbury sell its products
GOLD ANSWER: ['more than 50 countries worldwide', 'more than 50']
GENERATED ANSWER: More than 50. 
{'ROUGE-1': {'precision': 1.0, 'recall': 1.0, 'f1': 1.0}, 'ROUGE-2': {'precision': 1.0, 'recall': 1.0, 'f1': 1.0}, 'ROUGE-L': {'precision': 1.0, 'recall': 1.0, 'f1': 1.0}} ACCURACY: 1.0
Generating LoRA 0
****************************************************************************************************

Using internalized LoRAs for generation

****************************************************************************************************
QUESTION: ethiopia flight 961 crashes in to the sea
GOLD ANSWER: ['23 November 1996']
GENERATED ANSWER: The Ethiopian Airlines Flight 961 crashed into the Indian Ocean near Grande Comore, Comoros. 
{'ROUGE-1': {'precision': 0.0, 'recall': 0.0, 'f1': 0.0}, 'ROUGE-2': {'precision': 0.0, 'recall': 0.0, 'f1': 0.0}, 'ROUGE-L': {'precision': 0.0, 'recall': 0.0, 'f1': 0.0}} ACCURACY: 0.0
Generating LoRA 0
****************************************************************************************************

Using internalized LoRAs for generation

****************************************************************************************************
QUESTION: who wrote the book my country my life
GOLD ANSWER: ['L. K. Advani']
GENERATED ANSWER: Abdul Kalam 
{'ROUGE-1': {'precision': 0.0, 'recall': 0.0, 'f1': 0.0}, 'ROUGE-2': {'precision': 0.0, 'recall': 0.0, 'f1': 0.0}, 'ROUGE-L': {'precision': 0.0, 'recall': 0.0, 'f1': 0.0}} ACCURACY: 0.0
Generating LoRA 0
****************************************************************************************************

Using internalized LoRAs for generation

****************************************************************************************************
QUESTION: when did the east india company take control of india
GOLD ANSWER: ['in 1757', '1757', '1799', '1612']
GENERATED ANSWER: 1857 
{'ROUGE-1': {'precision': 0.0, 'recall': 0.0, 'f1': 0.0}, 'ROUGE-2': {'precision': 0.0, 'recall': 0.0, 'f1': 0.0}, 'ROUGE-L': {'precision': 0.0, 'recall': 0.0, 'f1': 0.0}} ACCURACY: 0.0
Generating LoRA 0
****************************************************************************************************

Using internalized LoRAs for generation

****************************************************************************************************
QUESTION: who is the founder of google and when was it founded
GOLD ANSWER: ['1998', 'Sergey Brin', 'Larry Page', 'Larry Page and Sergey Brin']
GENERATED ANSWER: Larry Page and Sergey Brin founded Google in 1998. 
{'ROUGE-1': {'precision': 0.5555555555555556, 'recall': 1.0, 'f1': 0.7142857142857143}, 'ROUGE-2': {'precision': 0.5, 'recall': 1.0, 'f1': 0.6666666666666666}, 'ROUGE-L': {'precision': 0.5555555555555556, 'recall': 1.0, 'f1': 0.7142857142857143}} ACCURACY: 0.0
Generating LoRA 0
****************************************************************************************************

Using internalized LoRAs for generation

****************************************************************************************************
QUESTION: who did the dominican republic gain its independence from
GOLD ANSWER: ['Haiti']
GENERATED ANSWER: Spain 
{'ROUGE-1': {'precision': 0.0, 'recall': 0.0, 'f1': 0.0}, 'ROUGE-2': {'precision': 0.0, 'recall': 0.0, 'f1': 0.0}, 'ROUGE-L': {'precision': 0.0, 'recall': 0.0, 'f1': 0.0}} ACCURACY: 0.0
Generating LoRA 0
****************************************************************************************************

Using internalized LoRAs for generation

****************************************************************************************************
QUESTION: how did early humans make use of stones during the prehistoric period
GOLD ANSWER: ['hunt', 'start fires', 'bury their dead']
GENERATED ANSWER: They used stones to make fire, hunt, and bury their dead. 
{'ROUGE-1': {'precision': 0.2727272727272727, 'recall': 1.0, 'f1': 0.42857142857142855}, 'ROUGE-2': {'precision': 0.2, 'recall': 1.0, 'f1': 0.33333333333333337}, 'ROUGE-L': {'precision': 0.2727272727272727, 'recall': 1.0, 'f1': 0.42857142857142855}} ACCURACY: 0.0
Generating LoRA 0
****************************************************************************************************

Using internalized LoRAs for generation

****************************************************************************************************
QUESTION: who wrote the text for jeanie with the light brown hair
GOLD ANSWER: ['Stephen Foster']
GENERATED ANSWER: Stephen Foster 
{'ROUGE-1': {'precision': 1.0, 'recall': 1.0, 'f1': 1.0}, 'ROUGE-2': {'precision': 1.0, 'recall': 1.0, 'f1': 1.0}, 'ROUGE-L': {'precision': 1.0, 'recall': 1.0, 'f1': 1.0}} ACCURACY: 1.0
Generating LoRA 0
****************************************************************************************************

Using internalized LoRAs for generation

****************************************************************************************************
QUESTION: where does the bob and tom show broadcast from
GOLD ANSWER: ['WFBQ in Indianapolis, Indiana', 'Indianapolis, Indiana']
GENERATED ANSWER: Indianapolis, Indiana. 
{'ROUGE-1': {'precision': 1.0, 'recall': 1.0, 'f1': 1.0}, 'ROUGE-2': {'precision': 1.0, 'recall': 1.0, 'f1': 1.0}, 'ROUGE-L': {'precision': 1.0, 'recall': 1.0, 'f1': 1.0}} ACCURACY: 1.0
Generating LoRA 0
****************************************************************************************************

Using internalized LoRAs for generation

****************************************************************************************************
QUESTION: what part of brain is responsible for complex thinking
GOLD ANSWER: ['the frontal lobe']
GENERATED ANSWER: The frontal lobe. 
{'ROUGE-1': {'precision': 1.0, 'recall': 1.0, 'f1': 1.0}, 'ROUGE-2': {'precision': 1.0, 'recall': 1.0, 'f1': 1.0}, 'ROUGE-L': {'precision': 1.0, 'recall': 1.0, 'f1': 1.0}} ACCURACY: 1.0
Generating LoRA 0
****************************************************************************************************

Using internalized LoRAs for generation

****************************************************************************************************
QUESTION: who won the champions league final in 2016
GOLD ANSWER: ['Real Madrid']
GENERATED ANSWER: Real Madrid 
{'ROUGE-1': {'precision': 1.0, 'recall': 1.0, 'f1': 1.0}, 'ROUGE-2': {'precision': 1.0, 'recall': 1.0, 'f1': 1.0}, 'ROUGE-L': {'precision': 1.0, 'recall': 1.0, 'f1': 1.0}} ACCURACY: 1.0
Generating LoRA 0
****************************************************************************************************

Using internalized LoRAs for generation

****************************************************************************************************
QUESTION: where was the movie strangers prey at night filmed
GOLD ANSWER: ['Covington, Kentucky']
GENERATED ANSWER: Covington, Kentucky 
{'ROUGE-1': {'precision': 1.0, 'recall': 1.0, 'f1': 1.0}, 'ROUGE-2': {'precision': 1.0, 'recall': 1.0, 'f1': 1.0}, 'ROUGE-L': {'precision': 1.0, 'recall': 1.0, 'f1': 1.0}} ACCURACY: 1.0
Generating LoRA 0
****************************************************************************************************

Using internalized LoRAs for generation

****************************************************************************************************
QUESTION: when was i don't like mondays released
GOLD ANSWER: ['1979', '21 July 1979']
GENERATED ANSWER: Summer of 1979. 
{'ROUGE-1': {'precision': 0.3333333333333333, 'recall': 1.0, 'f1': 0.5}, 'ROUGE-2': {'precision': 0.0, 'recall': 0.0, 'f1': 0.0}, 'ROUGE-L': {'precision': 0.3333333333333333, 'recall': 1.0, 'f1': 0.5}} ACCURACY: 0.0
Generating LoRA 0
****************************************************************************************************

Using internalized LoRAs for generation

****************************************************************************************************
QUESTION: what does the sun represent on the uruguay flag
GOLD ANSWER: ['the May Revolution of 1810']
GENERATED ANSWER: The Sun of May. 
{'ROUGE-1': {'precision': 0.75, 'recall': 0.6, 'f1': 0.6666666666666665}, 'ROUGE-2': {'precision': 0.0, 'recall': 0.0, 'f1': 0.0}, 'ROUGE-L': {'precision': 0.5, 'recall': 0.4, 'f1': 0.4444444444444445}} ACCURACY: 0.0
Generating LoRA 0
****************************************************************************************************

Using internalized LoRAs for generation

****************************************************************************************************
QUESTION: when did beryl markham fly across the atlantic
GOLD ANSWER: ['September 1936', '4 September 1936']
GENERATED ANSWER: 4 September 1936 
{'ROUGE-1': {'precision': 1.0, 'recall': 1.0, 'f1': 1.0}, 'ROUGE-2': {'precision': 1.0, 'recall': 1.0, 'f1': 1.0}, 'ROUGE-L': {'precision': 1.0, 'recall': 1.0, 'f1': 1.0}} ACCURACY: 1.0
Generating LoRA 0
****************************************************************************************************

Using internalized LoRAs for generation

****************************************************************************************************
QUESTION: what does the pearl symbolize in the bible
GOLD ANSWER: ['the Kingdom of Heaven']
GENERATED ANSWER: The pearl symbolizes great value. 
{'ROUGE-1': {'precision': 0.2, 'recall': 0.25, 'f1': 0.22222222222222224}, 'ROUGE-2': {'precision': 0.0, 'recall': 0.0, 'f1': 0.0}, 'ROUGE-L': {'precision': 0.2, 'recall': 0.25, 'f1': 0.22222222222222224}} ACCURACY: 0.0
Generating LoRA 0
****************************************************************************************************

Using internalized LoRAs for generation

****************************************************************************************************
QUESTION: when did the song here comes the boom come out
GOLD ANSWER: ['May 2002', 'May\xa014,\xa02002']
GENERATED ANSWER: May 2002. 
{'ROUGE-1': {'precision': 1.0, 'recall': 1.0, 'f1': 1.0}, 'ROUGE-2': {'precision': 1.0, 'recall': 1.0, 'f1': 1.0}, 'ROUGE-L': {'precision': 1.0, 'recall': 1.0, 'f1': 1.0}} ACCURACY: 1.0
Generating LoRA 0
****************************************************************************************************

Using internalized LoRAs for generation

****************************************************************************************************
QUESTION: does archie end up with betty or veronica in riverdale
GOLD ANSWER: ['Betty']
GENERATED ANSWER: Archie ends up with Veronica. 
{'ROUGE-1': {'precision': 0.0, 'recall': 0.0, 'f1': 0.0}, 'ROUGE-2': {'precision': 0.0, 'recall': 0.0, 'f1': 0.0}, 'ROUGE-L': {'precision': 0.0, 'recall': 0.0, 'f1': 0.0}} ACCURACY: 0.0
Generating LoRA 0
****************************************************************************************************

Using internalized LoRAs for generation

****************************************************************************************************
QUESTION: who wrote most of the declaration of independance
GOLD ANSWER: ['Thomas Jefferson']
GENERATED ANSWER: John Adams 
{'ROUGE-1': {'precision': 0.0, 'recall': 0.0, 'f1': 0.0}, 'ROUGE-2': {'precision': 0.0, 'recall': 0.0, 'f1': 0.0}, 'ROUGE-L': {'precision': 0.0, 'recall': 0.0, 'f1': 0.0}} ACCURACY: 0.0
Generating LoRA 0
****************************************************************************************************

Using internalized LoRAs for generation

****************************************************************************************************
QUESTION: who does brant daugherty play in pretty little liars
GOLD ANSWER: ['Noel Kahn']
GENERATED ANSWER: Noel Kahn 
{'ROUGE-1': {'precision': 1.0, 'recall': 1.0, 'f1': 1.0}, 'ROUGE-2': {'precision': 1.0, 'recall': 1.0, 'f1': 1.0}, 'ROUGE-L': {'precision': 1.0, 'recall': 1.0, 'f1': 1.0}} ACCURACY: 1.0
Generating LoRA 0
****************************************************************************************************

Using internalized LoRAs for generation

****************************************************************************************************
QUESTION: when did under the cork tree come out
GOLD ANSWER: ['May 3, 2005']
GENERATED ANSWER: May 3, 2005. 
{'ROUGE-1': {'precision': 1.0, 'recall': 1.0, 'f1': 1.0}, 'ROUGE-2': {'precision': 1.0, 'recall': 1.0, 'f1': 1.0}, 'ROUGE-L': {'precision': 1.0, 'recall': 1.0, 'f1': 1.0}} ACCURACY: 1.0
Generating LoRA 0
****************************************************************************************************

Using internalized LoRAs for generation

****************************************************************************************************
QUESTION: when did korea separate into north and south
GOLD ANSWER: ['1945', '17 August 1945']
GENERATED ANSWER: After World War II. 
{'ROUGE-1': {'precision': 0.0, 'recall': 0.0, 'f1': 0.0}, 'ROUGE-2': {'precision': 0.0, 'recall': 0.0, 'f1': 0.0}, 'ROUGE-L': {'precision': 0.0, 'recall': 0.0, 'f1': 0.0}} ACCURACY: 0.0
Generating LoRA 0
****************************************************************************************************

Using internalized LoRAs for generation

****************************************************************************************************
QUESTION: who discovered the atom and in what year
GOLD ANSWER: ['early 1800s', 'John Dalton']
GENERATED ANSWER: John Dalton 
{'ROUGE-1': {'precision': 1.0, 'recall': 1.0, 'f1': 1.0}, 'ROUGE-2': {'precision': 1.0, 'recall': 1.0, 'f1': 1.0}, 'ROUGE-L': {'precision': 1.0, 'recall': 1.0, 'f1': 1.0}} ACCURACY: 1.0
Generating LoRA 0
****************************************************************************************************

Using internalized LoRAs for generation

****************************************************************************************************
QUESTION: creating appropriation bills falls under which power of congress
GOLD ANSWER: ['raising revenue']
GENERATED ANSWER: The House of Representatives. 
{'ROUGE-1': {'precision': 0.0, 'recall': 0.0, 'f1': 0.0}, 'ROUGE-2': {'precision': 0.0, 'recall': 0.0, 'f1': 0.0}, 'ROUGE-L': {'precision': 0.0, 'recall': 0.0, 'f1': 0.0}} ACCURACY: 0.0
Generating LoRA 0
****************************************************************************************************

Using internalized LoRAs for generation

****************************************************************************************************
QUESTION: who sings the song let me love you
GOLD ANSWER: ['DJ Snake featuring Justin Bieber', 'Justin Bieber', 'Singh H Spot']
GENERATED ANSWER: Justin Bieber and Singh H Spot. 
{'ROUGE-1': {'precision': 0.5, 'recall': 1.0, 'f1': 0.6666666666666666}, 'ROUGE-2': {'precision': 0.4, 'recall': 1.0, 'f1': 0.5714285714285715}, 'ROUGE-L': {'precision': 0.5, 'recall': 1.0, 'f1': 0.6666666666666666}} ACCURACY: 0.0
Generating LoRA 0
****************************************************************************************************

Using internalized LoRAs for generation

****************************************************************************************************
QUESTION: how many seasons are there for lost girl
GOLD ANSWER: ['5', 'five']
GENERATED ANSWER: Five. 
{'ROUGE-1': {'precision': 1.0, 'recall': 1.0, 'f1': 1.0}, 'ROUGE-2': {'precision': 0.0, 'recall': 0.0, 'f1': 0.0}, 'ROUGE-L': {'precision': 1.0, 'recall': 1.0, 'f1': 1.0}} ACCURACY: 1.0
Generating LoRA 0
****************************************************************************************************

Using internalized LoRAs for generation

****************************************************************************************************
QUESTION: where was the first nhl hockey game played
GOLD ANSWER: ['Ottawa', 'Montreal']
GENERATED ANSWER: Montreal 
{'ROUGE-1': {'precision': 1.0, 'recall': 1.0, 'f1': 1.0}, 'ROUGE-2': {'precision': 0.0, 'recall': 0.0, 'f1': 0.0}, 'ROUGE-L': {'precision': 1.0, 'recall': 1.0, 'f1': 1.0}} ACCURACY: 1.0
Generating LoRA 0
****************************************************************************************************

Using internalized LoRAs for generation

****************************************************************************************************
QUESTION: how many inches is the iphone 5s screen
GOLD ANSWER: ['4\xa0in', '4-inch screen size']
GENERATED ANSWER: 4 inches 
{'ROUGE-1': {'precision': 0.5, 'recall': 0.5, 'f1': 0.5}, 'ROUGE-2': {'precision': 0.0, 'recall': 0.0, 'f1': 0.0}, 'ROUGE-L': {'precision': 0.5, 'recall': 0.5, 'f1': 0.5}} ACCURACY: 0.0
Generating LoRA 0
****************************************************************************************************

Using internalized LoRAs for generation

****************************************************************************************************
QUESTION: where do the signals for apoptosis come from
GOLD ANSWER: ['from other cells']
GENERATED ANSWER: The signals for apoptosis come from either the cell itself or from other cells. 
{'ROUGE-1': {'precision': 0.21428571428571427, 'recall': 1.0, 'f1': 0.35294117647058826}, 'ROUGE-2': {'precision': 0.15384615384615385, 'recall': 1.0, 'f1': 0.2666666666666667}, 'ROUGE-L': {'precision': 0.21428571428571427, 'recall': 1.0, 'f1': 0.35294117647058826}} ACCURACY: 0.0
Generating LoRA 0
****************************************************************************************************

Using internalized LoRAs for generation

****************************************************************************************************
QUESTION: who made delhi as capital for the first time
GOLD ANSWER: ['the Pandavas']
GENERATED ANSWER: According to the provided text, Delhi was made the capital of the Pandavas by the Yavana (Greek) invaders. 
{'ROUGE-1': {'precision': 0.1111111111111111, 'recall': 1.0, 'f1': 0.19999999999999998}, 'ROUGE-2': {'precision': 0.058823529411764705, 'recall': 1.0, 'f1': 0.1111111111111111}, 'ROUGE-L': {'precision': 0.1111111111111111, 'recall': 1.0, 'f1': 0.19999999999999998}} ACCURACY: 0.0
Generating LoRA 0
****************************************************************************************************

Using internalized LoRAs for generation

****************************************************************************************************
QUESTION: what was the first capital city of australia
GOLD ANSWER: ['New South Wales', 'Melbourne', 'Sydney']
GENERATED ANSWER: Melbourne 
{'ROUGE-1': {'precision': 1.0, 'recall': 1.0, 'f1': 1.0}, 'ROUGE-2': {'precision': 0.0, 'recall': 0.0, 'f1': 0.0}, 'ROUGE-L': {'precision': 1.0, 'recall': 1.0, 'f1': 1.0}} ACCURACY: 1.0
Generating LoRA 0
****************************************************************************************************

Using internalized LoRAs for generation

****************************************************************************************************
QUESTION: who won the womens 2017 ncaa basketball tournament
GOLD ANSWER: ['South Carolina']
GENERATED ANSWER: South Carolina 
{'ROUGE-1': {'precision': 1.0, 'recall': 1.0, 'f1': 1.0}, 'ROUGE-2': {'precision': 1.0, 'recall': 1.0, 'f1': 1.0}, 'ROUGE-L': {'precision': 1.0, 'recall': 1.0, 'f1': 1.0}} ACCURACY: 1.0
Generating LoRA 0
****************************************************************************************************

Using internalized LoRAs for generation

****************************************************************************************************
QUESTION: when does canada switch to daylight savings time
GOLD ANSWER: ['the second Sunday of March']
GENERATED ANSWER: The second Sunday of November. 
{'ROUGE-1': {'precision': 0.8, 'recall': 0.8, 'f1': 0.8000000000000002}, 'ROUGE-2': {'precision': 0.75, 'recall': 0.75, 'f1': 0.75}, 'ROUGE-L': {'precision': 0.8, 'recall': 0.8, 'f1': 0.8000000000000002}} ACCURACY: 0.0
Generating LoRA 0
****************************************************************************************************

Using internalized LoRAs for generation

****************************************************************************************************
QUESTION: who gave the famous objective co relative theory
GOLD ANSWER: ['T.S. Eliot']
GENERATED ANSWER: T.S. Eliot 
{'ROUGE-1': {'precision': 1.0, 'recall': 1.0, 'f1': 1.0}, 'ROUGE-2': {'precision': 1.0, 'recall': 1.0, 'f1': 1.0}, 'ROUGE-L': {'precision': 1.0, 'recall': 1.0, 'f1': 1.0}} ACCURACY: 1.0
Generating LoRA 0
****************************************************************************************************

Using internalized LoRAs for generation

****************************************************************************************************
QUESTION: what happened to the actor who played frost on rizzoli and isles
GOLD ANSWER: ['committed suicide', 'Lee Thompson Young']
GENERATED ANSWER: He died by suicide. 
{'ROUGE-1': {'precision': 0.25, 'recall': 0.5, 'f1': 0.3333333333333333}, 'ROUGE-2': {'precision': 0.0, 'recall': 0.0, 'f1': 0.0}, 'ROUGE-L': {'precision': 0.25, 'recall': 0.5, 'f1': 0.3333333333333333}} ACCURACY: 0.0
Generating LoRA 0
****************************************************************************************************

Using internalized LoRAs for generation

****************************************************************************************************
QUESTION: which domain of life are humans members of
GOLD ANSWER: ['Eukarya']
GENERATED ANSWER: Eukarya 
{'ROUGE-1': {'precision': 1.0, 'recall': 1.0, 'f1': 1.0}, 'ROUGE-2': {'precision': 0.0, 'recall': 0.0, 'f1': 0.0}, 'ROUGE-L': {'precision': 1.0, 'recall': 1.0, 'f1': 1.0}} ACCURACY: 1.0
Generating LoRA 0
****************************************************************************************************

Using internalized LoRAs for generation

****************************************************************************************************
QUESTION: when is the new jurassic world game coming out
GOLD ANSWER: ['June 12, 2018']
GENERATED ANSWER: June 12, 2018. 
{'ROUGE-1': {'precision': 1.0, 'recall': 1.0, 'f1': 1.0}, 'ROUGE-2': {'precision': 1.0, 'recall': 1.0, 'f1': 1.0}, 'ROUGE-L': {'precision': 1.0, 'recall': 1.0, 'f1': 1.0}} ACCURACY: 1.0
Generating LoRA 0
****************************************************************************************************

Using internalized LoRAs for generation

****************************************************************************************************
QUESTION: what was the alliance between great britian russia and france known as
GOLD ANSWER: ['The Triple Entente']
GENERATED ANSWER: The Triple Entente. 
{'ROUGE-1': {'precision': 1.0, 'recall': 1.0, 'f1': 1.0}, 'ROUGE-2': {'precision': 1.0, 'recall': 1.0, 'f1': 1.0}, 'ROUGE-L': {'precision': 1.0, 'recall': 1.0, 'f1': 1.0}} ACCURACY: 1.0
Generating LoRA 0
****************************************************************************************************

Using internalized LoRAs for generation

****************************************************************************************************
QUESTION: when was the death penalty reinstated in oregon
GOLD ANSWER: ['1984']
GENERATED ANSWER: 1984 
{'ROUGE-1': {'precision': 1.0, 'recall': 1.0, 'f1': 1.0}, 'ROUGE-2': {'precision': 0.0, 'recall': 0.0, 'f1': 0.0}, 'ROUGE-L': {'precision': 1.0, 'recall': 1.0, 'f1': 1.0}} ACCURACY: 1.0
Generating LoRA 0
****************************************************************************************************

Using internalized LoRAs for generation

****************************************************************************************************
QUESTION: what was icq as related to instant messaging
GOLD ANSWER: ['an instant messaging client']
GENERATED ANSWER: An instant messaging client. 
{'ROUGE-1': {'precision': 1.0, 'recall': 1.0, 'f1': 1.0}, 'ROUGE-2': {'precision': 1.0, 'recall': 1.0, 'f1': 1.0}, 'ROUGE-L': {'precision': 1.0, 'recall': 1.0, 'f1': 1.0}} ACCURACY: 1.0
Generating LoRA 0
****************************************************************************************************

Using internalized LoRAs for generation

****************************************************************************************************
QUESTION: chandra and bhaga river meets at the place
GOLD ANSWER: ['Tandi, in Lahaul', 'at Tandi, in Lahaul']
GENERATED ANSWER: Tandi 
{'ROUGE-1': {'precision': 1.0, 'recall': 0.3333333333333333, 'f1': 0.5}, 'ROUGE-2': {'precision': 0.0, 'recall': 0.0, 'f1': 0.0}, 'ROUGE-L': {'precision': 1.0, 'recall': 0.3333333333333333, 'f1': 0.5}} ACCURACY: 0.0
Generating LoRA 0
****************************************************************************************************

Using internalized LoRAs for generation

****************************************************************************************************
QUESTION: who took part in the american civil war
GOLD ANSWER: ['nationalists of the Union']
GENERATED ANSWER: The Union and Confederate forces. 
{'ROUGE-1': {'precision': 0.4, 'recall': 0.5, 'f1': 0.4444444444444445}, 'ROUGE-2': {'precision': 0.25, 'recall': 0.3333333333333333, 'f1': 0.28571428571428575}, 'ROUGE-L': {'precision': 0.4, 'recall': 0.5, 'f1': 0.4444444444444445}} ACCURACY: 0.0
Generating LoRA 0
****************************************************************************************************

Using internalized LoRAs for generation

****************************************************************************************************
QUESTION: when was the national flag of india adopted
GOLD ANSWER: ['15 August 1947', '22 July 1947']
GENERATED ANSWER: 22 July 1947 
{'ROUGE-1': {'precision': 1.0, 'recall': 1.0, 'f1': 1.0}, 'ROUGE-2': {'precision': 1.0, 'recall': 1.0, 'f1': 1.0}, 'ROUGE-L': {'precision': 1.0, 'recall': 1.0, 'f1': 1.0}} ACCURACY: 1.0
Generating LoRA 0
****************************************************************************************************

Using internalized LoRAs for generation

****************************************************************************************************
QUESTION: what was the most important new religious figure of the new kingdom of ancient egypt
GOLD ANSWER: ['Aten']
GENERATED ANSWER: Amenhotep IV 
{'ROUGE-1': {'precision': 0.0, 'recall': 0.0, 'f1': 0.0}, 'ROUGE-2': {'precision': 0.0, 'recall': 0.0, 'f1': 0.0}, 'ROUGE-L': {'precision': 0.0, 'recall': 0.0, 'f1': 0.0}} ACCURACY: 0.0
Generating LoRA 0
****************************************************************************************************

Using internalized LoRAs for generation

****************************************************************************************************
QUESTION: who is often associated with printing the first book using moveable type in germany
GOLD ANSWER: ['Johannes Gutenberg']
GENERATED ANSWER: Johannes Gutenberg 
{'ROUGE-1': {'precision': 1.0, 'recall': 1.0, 'f1': 1.0}, 'ROUGE-2': {'precision': 1.0, 'recall': 1.0, 'f1': 1.0}, 'ROUGE-L': {'precision': 1.0, 'recall': 1.0, 'f1': 1.0}} ACCURACY: 1.0
Generating LoRA 0
****************************************************************************************************

Using internalized LoRAs for generation

****************************************************************************************************
QUESTION: when does the sa node begin electrical signaling
GOLD ANSWER: ['spontaneously generated', 'spontaneously']
GENERATED ANSWER: The SA node begins electrical signaling spontaneously. 
{'ROUGE-1': {'precision': 0.14285714285714285, 'recall': 1.0, 'f1': 0.25}, 'ROUGE-2': {'precision': 0.0, 'recall': 0.0, 'f1': 0.0}, 'ROUGE-L': {'precision': 0.14285714285714285, 'recall': 1.0, 'f1': 0.25}} ACCURACY: 0.0
Generating LoRA 0
****************************************************************************************************

Using internalized LoRAs for generation

****************************************************************************************************
QUESTION: who are the artists in the traveling wilburys
GOLD ANSWER: ['Roy Orbison', 'Jeff Lynne', 'George Harrison', 'Bob Dylan', 'Tom Petty']
GENERATED ANSWER: Bob Dylan, George Harrison, Jeff Lynne, and Roy Orbison. 
{'ROUGE-1': {'precision': 0.2222222222222222, 'recall': 1.0, 'f1': 0.3636363636363636}, 'ROUGE-2': {'precision': 0.125, 'recall': 1.0, 'f1': 0.2222222222222222}, 'ROUGE-L': {'precision': 0.2222222222222222, 'recall': 1.0, 'f1': 0.3636363636363636}} ACCURACY: 0.0
Generating LoRA 0
****************************************************************************************************

Using internalized LoRAs for generation

****************************************************************************************************
QUESTION: who is the most played artist on spotify
GOLD ANSWER: ['Justin Bieber', 'Ed Sheeran']
GENERATED ANSWER: Ed Sheeran 
{'ROUGE-1': {'precision': 1.0, 'recall': 1.0, 'f1': 1.0}, 'ROUGE-2': {'precision': 1.0, 'recall': 1.0, 'f1': 1.0}, 'ROUGE-L': {'precision': 1.0, 'recall': 1.0, 'f1': 1.0}} ACCURACY: 1.0
Generating LoRA 0
****************************************************************************************************

Using internalized LoRAs for generation

****************************************************************************************************
QUESTION: which term describes the replacement of damaged cells to mend a tissue
GOLD ANSWER: ['Stromal cells']
GENERATED ANSWER: Regeneration 
{'ROUGE-1': {'precision': 0.0, 'recall': 0.0, 'f1': 0.0}, 'ROUGE-2': {'precision': 0.0, 'recall': 0.0, 'f1': 0.0}, 'ROUGE-L': {'precision': 0.0, 'recall': 0.0, 'f1': 0.0}} ACCURACY: 0.0
Generating LoRA 0
****************************************************************************************************

Using internalized LoRAs for generation

****************************************************************************************************
QUESTION: where are haploid cells found in the human body
GOLD ANSWER: ['sperm', 'sperm or egg cells', 'ova']
GENERATED ANSWER: Gametes (sperm and egg cells) 
{'ROUGE-1': {'precision': 0.6, 'recall': 0.75, 'f1': 0.6666666666666665}, 'ROUGE-2': {'precision': 0.25, 'recall': 0.3333333333333333, 'f1': 0.28571428571428575}, 'ROUGE-L': {'precision': 0.6, 'recall': 0.75, 'f1': 0.6666666666666665}} ACCURACY: 0.0
Generating LoRA 0
****************************************************************************************************

Using internalized LoRAs for generation

****************************************************************************************************
QUESTION: form from material that has accumulated on the earths surface
GOLD ANSWER: ['Sedimentary rock']
GENERATED ANSWER: Sedimentary rock 
{'ROUGE-1': {'precision': 1.0, 'recall': 1.0, 'f1': 1.0}, 'ROUGE-2': {'precision': 1.0, 'recall': 1.0, 'f1': 1.0}, 'ROUGE-L': {'precision': 1.0, 'recall': 1.0, 'f1': 1.0}} ACCURACY: 1.0
Generating LoRA 0
****************************************************************************************************

Using internalized LoRAs for generation

****************************************************************************************************
QUESTION: when is the last time the new york giants won the super bowl
GOLD ANSWER: ['(2011']
GENERATED ANSWER: The provided text does not contain the answer to your question. 
{'ROUGE-1': {'precision': 0.0, 'recall': 0.0, 'f1': 0.0}, 'ROUGE-2': {'precision': 0.0, 'recall': 0.0, 'f1': 0.0}, 'ROUGE-L': {'precision': 0.0, 'recall': 0.0, 'f1': 0.0}} ACCURACY: 0.0
Generating LoRA 0
****************************************************************************************************

Using internalized LoRAs for generation

****************************************************************************************************
QUESTION: nickname given to railroad executives due to shady practices of their businesses
GOLD ANSWER: ['Robber baron', 'Robber Barons']
GENERATED ANSWER: Robber baron 
{'ROUGE-1': {'precision': 1.0, 'recall': 1.0, 'f1': 1.0}, 'ROUGE-2': {'precision': 1.0, 'recall': 1.0, 'f1': 1.0}, 'ROUGE-L': {'precision': 1.0, 'recall': 1.0, 'f1': 1.0}} ACCURACY: 1.0
Generating LoRA 0
****************************************************************************************************

Using internalized LoRAs for generation

****************************************************************************************************
QUESTION: who is young george bailey in it's a wonderful life
GOLD ANSWER: ['Robert James Anderson']
GENERATED ANSWER: The young George Bailey is the main character in the film "It's a Wonderful Life". 
{'ROUGE-1': {'precision': 0.0, 'recall': 0.0, 'f1': 0.0}, 'ROUGE-2': {'precision': 0.0, 'recall': 0.0, 'f1': 0.0}, 'ROUGE-L': {'precision': 0.0, 'recall': 0.0, 'f1': 0.0}} ACCURACY: 0.0
Generating LoRA 0
****************************************************************************************************

Using internalized LoRAs for generation

****************************************************************************************************
QUESTION: who won the battle of stirling bridge 1297
GOLD ANSWER: ['Scottish victory', 'William Wallace', 'Andrew Moray']
GENERATED ANSWER: The forces of Andrew Moray and William de Warenne. 
{'ROUGE-1': {'precision': 0.2222222222222222, 'recall': 1.0, 'f1': 0.3636363636363636}, 'ROUGE-2': {'precision': 0.125, 'recall': 1.0, 'f1': 0.2222222222222222}, 'ROUGE-L': {'precision': 0.2222222222222222, 'recall': 1.0, 'f1': 0.3636363636363636}} ACCURACY: 0.0
Generating LoRA 0
****************************************************************************************************

Using internalized LoRAs for generation

****************************************************************************************************
QUESTION: where is the tablet of the ten commandments
GOLD ANSWER: ['Ark of the Covenant']
GENERATED ANSWER: The Ark of the Covenant. 
{'ROUGE-1': {'precision': 0.8, 'recall': 1.0, 'f1': 0.888888888888889}, 'ROUGE-2': {'precision': 0.75, 'recall': 1.0, 'f1': 0.8571428571428571}, 'ROUGE-L': {'precision': 0.8, 'recall': 1.0, 'f1': 0.888888888888889}} ACCURACY: 1.0
Generating LoRA 0
****************************************************************************************************

Using internalized LoRAs for generation

****************************************************************************************************
QUESTION: when did the right to buy scheme start
GOLD ANSWER: ['1980']
GENERATED ANSWER: 1980 
{'ROUGE-1': {'precision': 1.0, 'recall': 1.0, 'f1': 1.0}, 'ROUGE-2': {'precision': 0.0, 'recall': 0.0, 'f1': 0.0}, 'ROUGE-L': {'precision': 1.0, 'recall': 1.0, 'f1': 1.0}} ACCURACY: 1.0
Generating LoRA 0
****************************************************************************************************

Using internalized LoRAs for generation

****************************************************************************************************
QUESTION: who issued gold coins for the first time in india
GOLD ANSWER: ['Gupta Empire']
GENERATED ANSWER: The Gupta kings. 
{'ROUGE-1': {'precision': 0.3333333333333333, 'recall': 0.5, 'f1': 0.4}, 'ROUGE-2': {'precision': 0.0, 'recall': 0.0, 'f1': 0.0}, 'ROUGE-L': {'precision': 0.3333333333333333, 'recall': 0.5, 'f1': 0.4}} ACCURACY: 0.0
Generating LoRA 0
****************************************************************************************************

Using internalized LoRAs for generation

****************************************************************************************************
QUESTION: how many players have scored 10000 runs in odi
GOLD ANSWER: ['11', 'eleven']
GENERATED ANSWER: Eleven. 
{'ROUGE-1': {'precision': 1.0, 'recall': 1.0, 'f1': 1.0}, 'ROUGE-2': {'precision': 0.0, 'recall': 0.0, 'f1': 0.0}, 'ROUGE-L': {'precision': 1.0, 'recall': 1.0, 'f1': 1.0}} ACCURACY: 1.0
Generating LoRA 0
****************************************************************************************************

Using internalized LoRAs for generation

****************************************************************************************************
QUESTION: what do mobile numbers start with in the uk
GOLD ANSWER: ['0']
GENERATED ANSWER: 0 
{'ROUGE-1': {'precision': 1.0, 'recall': 1.0, 'f1': 1.0}, 'ROUGE-2': {'precision': 0.0, 'recall': 0.0, 'f1': 0.0}, 'ROUGE-L': {'precision': 1.0, 'recall': 1.0, 'f1': 1.0}} ACCURACY: 1.0
Generating LoRA 0
****************************************************************************************************

Using internalized LoRAs for generation

****************************************************************************************************
QUESTION: who has won the most f1 grand prix
GOLD ANSWER: ['Michael Schumacher']
GENERATED ANSWER: Michael Schumacher 
{'ROUGE-1': {'precision': 1.0, 'recall': 1.0, 'f1': 1.0}, 'ROUGE-2': {'precision': 1.0, 'recall': 1.0, 'f1': 1.0}, 'ROUGE-L': {'precision': 1.0, 'recall': 1.0, 'f1': 1.0}} ACCURACY: 1.0
Generating LoRA 0
****************************************************************************************************

Using internalized LoRAs for generation

****************************************************************************************************
QUESTION: who plays meredith quill in guardians of the galaxy 2
GOLD ANSWER: ['Laura Jane Haddock']
GENERATED ANSWER: Laura Jane Lee 
{'ROUGE-1': {'precision': 0.6666666666666666, 'recall': 0.6666666666666666, 'f1': 0.6666666666666666}, 'ROUGE-2': {'precision': 0.5, 'recall': 0.5, 'f1': 0.5}, 'ROUGE-L': {'precision': 0.6666666666666666, 'recall': 0.6666666666666666, 'f1': 0.6666666666666666}} ACCURACY: 0.0
Generating LoRA 0
****************************************************************************************************

Using internalized LoRAs for generation

****************************************************************************************************
QUESTION: who is the guy on keeping up with the kardashians
GOLD ANSWER: ['Jonathan Cheban']
GENERATED ANSWER: Jonathan Cheban 
{'ROUGE-1': {'precision': 1.0, 'recall': 1.0, 'f1': 1.0}, 'ROUGE-2': {'precision': 1.0, 'recall': 1.0, 'f1': 1.0}, 'ROUGE-L': {'precision': 1.0, 'recall': 1.0, 'f1': 1.0}} ACCURACY: 1.0
Generating LoRA 0
****************************************************************************************************

Using internalized LoRAs for generation

****************************************************************************************************
QUESTION: locations for the film an englishman who went up a hill
GOLD ANSWER: ['Llanrhaeadr-ym-Mochnant', 'Llansilin in Powys']
GENERATED ANSWER: Taff's Well, Llanrha'r-Ym-Mochnant, and Llansilin. 
{'ROUGE-1': {'precision': 0.2, 'recall': 0.3333333333333333, 'f1': 0.25}, 'ROUGE-2': {'precision': 0.0, 'recall': 0.0, 'f1': 0.0}, 'ROUGE-L': {'precision': 0.2, 'recall': 0.3333333333333333, 'f1': 0.25}} ACCURACY: 0.0
Generating LoRA 0
****************************************************************************************************

Using internalized LoRAs for generation

****************************************************************************************************
QUESTION: when did bihar bifurcate from bengal and some parts of chota nagpur merged into bengal
GOLD ANSWER: ['1912']
GENERATED ANSWER: 1912 
{'ROUGE-1': {'precision': 1.0, 'recall': 1.0, 'f1': 1.0}, 'ROUGE-2': {'precision': 0.0, 'recall': 0.0, 'f1': 0.0}, 'ROUGE-L': {'precision': 1.0, 'recall': 1.0, 'f1': 1.0}} ACCURACY: 1.0
Generating LoRA 0
****************************************************************************************************

Using internalized LoRAs for generation

****************************************************************************************************
QUESTION: when was the last time mount ruapehu erupted
GOLD ANSWER: ['25 September 2007']
GENERATED ANSWER: The provided text does not contain the answer to the question. 
{'ROUGE-1': {'precision': 0.0, 'recall': 0.0, 'f1': 0.0}, 'ROUGE-2': {'precision': 0.0, 'recall': 0.0, 'f1': 0.0}, 'ROUGE-L': {'precision': 0.0, 'recall': 0.0, 'f1': 0.0}} ACCURACY: 0.0
Generating LoRA 0
****************************************************************************************************

Using internalized LoRAs for generation

****************************************************************************************************
QUESTION: where was 2017 beauty and the beast filmed
GOLD ANSWER: ['Surrey, United Kingdom']
GENERATED ANSWER: Shepperton Studios, United Kingdom 
{'ROUGE-1': {'precision': 0.5, 'recall': 0.6666666666666666, 'f1': 0.5714285714285715}, 'ROUGE-2': {'precision': 0.3333333333333333, 'recall': 0.5, 'f1': 0.4}, 'ROUGE-L': {'precision': 0.5, 'recall': 0.6666666666666666, 'f1': 0.5714285714285715}} ACCURACY: 0.0
Generating LoRA 0
****************************************************************************************************

Using internalized LoRAs for generation

****************************************************************************************************
QUESTION: what proposition made the insurance commissioner an elected position
GOLD ANSWER: ['Proposition 103', 'Proposition 103 in 1988']
GENERATED ANSWER: Proposition 103. 
{'ROUGE-1': {'precision': 1.0, 'recall': 1.0, 'f1': 1.0}, 'ROUGE-2': {'precision': 1.0, 'recall': 1.0, 'f1': 1.0}, 'ROUGE-L': {'precision': 1.0, 'recall': 1.0, 'f1': 1.0}} ACCURACY: 1.0
Generating LoRA 0
****************************************************************************************************

Using internalized LoRAs for generation

****************************************************************************************************
QUESTION: who is the valley of the dolls based on
GOLD ANSWER: ['Dean Martin', 'Judy Garland', 'Ethel Merman', 'Carole Landis']
GENERATED ANSWER: Famous figures. 
{'ROUGE-1': {'precision': 0.0, 'recall': 0.0, 'f1': 0.0}, 'ROUGE-2': {'precision': 0.0, 'recall': 0.0, 'f1': 0.0}, 'ROUGE-L': {'precision': 0.0, 'recall': 0.0, 'f1': 0.0}} ACCURACY: 0.0
Generating LoRA 0
****************************************************************************************************

Using internalized LoRAs for generation

****************************************************************************************************
QUESTION: who was the actor who played crocodile dundee
GOLD ANSWER: ['Paul Hogan', 'Paul Hogan, AM']
GENERATED ANSWER: Paul Hogan 
{'ROUGE-1': {'precision': 1.0, 'recall': 1.0, 'f1': 1.0}, 'ROUGE-2': {'precision': 1.0, 'recall': 1.0, 'f1': 1.0}, 'ROUGE-L': {'precision': 1.0, 'recall': 1.0, 'f1': 1.0}} ACCURACY: 1.0
Generating LoRA 0
****************************************************************************************************

Using internalized LoRAs for generation

****************************************************************************************************
QUESTION: who was the ottoman governor who led egypt in the years following the napoleonic wars
GOLD ANSWER: ['Husrev Pasha', "Isma'il Pasha and Tewfik Pasha"]
GENERATED ANSWER: Husrev Pasha 
{'ROUGE-1': {'precision': 1.0, 'recall': 1.0, 'f1': 1.0}, 'ROUGE-2': {'precision': 1.0, 'recall': 1.0, 'f1': 1.0}, 'ROUGE-L': {'precision': 1.0, 'recall': 1.0, 'f1': 1.0}} ACCURACY: 1.0
Generating LoRA 0
****************************************************************************************************

Using internalized LoRAs for generation

****************************************************************************************************
QUESTION: what role does the president play in foreign affairs
GOLD ANSWER: ['negotiates treaties with foreign nations']
GENERATED ANSWER: The President is the Commander in Chief of the armed forces and acts as the primary conductor of state-to-state diplomacy. 
{'ROUGE-1': {'precision': 0.0, 'recall': 0.0, 'f1': 0.0}, 'ROUGE-2': {'precision': 0.0, 'recall': 0.0, 'f1': 0.0}, 'ROUGE-L': {'precision': 0.0, 'recall': 0.0, 'f1': 0.0}} ACCURACY: 0.0
Generating LoRA 0
****************************************************************************************************

Using internalized LoRAs for generation

****************************************************************************************************
QUESTION: who hit 6 sixes in an over in test cricket
GOLD ANSWER: ['Ravi Shastri', 'Garfield Sobers']
GENERATED ANSWER: Ravi Shastri 
{'ROUGE-1': {'precision': 1.0, 'recall': 1.0, 'f1': 1.0}, 'ROUGE-2': {'precision': 1.0, 'recall': 1.0, 'f1': 1.0}, 'ROUGE-L': {'precision': 1.0, 'recall': 1.0, 'f1': 1.0}} ACCURACY: 1.0
Generating LoRA 0
****************************************************************************************************

Using internalized LoRAs for generation

****************************************************************************************************
QUESTION: how long has it been since eagles went to super bowl
GOLD ANSWER: ['2018']
GENERATED ANSWER: Three times. 
{'ROUGE-1': {'precision': 0.0, 'recall': 0.0, 'f1': 0.0}, 'ROUGE-2': {'precision': 0.0, 'recall': 0.0, 'f1': 0.0}, 'ROUGE-L': {'precision': 0.0, 'recall': 0.0, 'f1': 0.0}} ACCURACY: 0.0
Generating LoRA 0
****************************************************************************************************

Using internalized LoRAs for generation

****************************************************************************************************
QUESTION: who did the united states win its independence from
GOLD ANSWER: ['the British Empire', 'Great Britain']
GENERATED ANSWER: The British Empire. 
{'ROUGE-1': {'precision': 1.0, 'recall': 1.0, 'f1': 1.0}, 'ROUGE-2': {'precision': 1.0, 'recall': 1.0, 'f1': 1.0}, 'ROUGE-L': {'precision': 1.0, 'recall': 1.0, 'f1': 1.0}} ACCURACY: 1.0
Generating LoRA 0
****************************************************************************************************

Using internalized LoRAs for generation

****************************************************************************************************
QUESTION: who won season 8 of america's next top model
GOLD ANSWER: ['Jaslene Gonzalez']
GENERATED ANSWER: Jaslene Gonzalez 
{'ROUGE-1': {'precision': 1.0, 'recall': 1.0, 'f1': 1.0}, 'ROUGE-2': {'precision': 1.0, 'recall': 1.0, 'f1': 1.0}, 'ROUGE-L': {'precision': 1.0, 'recall': 1.0, 'f1': 1.0}} ACCURACY: 1.0
Generating LoRA 0
****************************************************************************************************

Using internalized LoRAs for generation

****************************************************************************************************
QUESTION: who was an early advocate for using scientific methods based on inductive reasoning
GOLD ANSWER: ['Aristotle', 'René Descartes']
GENERATED ANSWER: Isaac Newton 
{'ROUGE-1': {'precision': 0.0, 'recall': 0.0, 'f1': 0.0}, 'ROUGE-2': {'precision': 0.0, 'recall': 0.0, 'f1': 0.0}, 'ROUGE-L': {'precision': 0.0, 'recall': 0.0, 'f1': 0.0}} ACCURACY: 0.0
Generating LoRA 0
****************************************************************************************************

Using internalized LoRAs for generation

****************************************************************************************************
QUESTION: the first political society started under british rule in india was
GOLD ANSWER: ['The British Indian Association']
GENERATED ANSWER: The British Indian Association. 
{'ROUGE-1': {'precision': 1.0, 'recall': 1.0, 'f1': 1.0}, 'ROUGE-2': {'precision': 1.0, 'recall': 1.0, 'f1': 1.0}, 'ROUGE-L': {'precision': 1.0, 'recall': 1.0, 'f1': 1.0}} ACCURACY: 1.0
Generating LoRA 0
****************************************************************************************************

Using internalized LoRAs for generation

****************************************************************************************************
QUESTION: where does the term pop music come from
GOLD ANSWER: ['Britain']
GENERATED ANSWER: The term "pop music" originated in Britain in the mid-1950s. 
{'ROUGE-1': {'precision': 0.1, 'recall': 1.0, 'f1': 0.18181818181818182}, 'ROUGE-2': {'precision': 0.0, 'recall': 0.0, 'f1': 0.0}, 'ROUGE-L': {'precision': 0.1, 'recall': 1.0, 'f1': 0.18181818181818182}} ACCURACY: 0.0
Generating LoRA 0
****************************************************************************************************

Using internalized LoRAs for generation

****************************************************************************************************
QUESTION: what is the most famous building in rennes
GOLD ANSWER: ['Parlement de Bretagne', 'The Parlement de Bretagne']
GENERATED ANSWER: The Palais de Justice. 
{'ROUGE-1': {'precision': 0.5, 'recall': 0.5, 'f1': 0.5}, 'ROUGE-2': {'precision': 0.0, 'recall': 0.0, 'f1': 0.0}, 'ROUGE-L': {'precision': 0.5, 'recall': 0.5, 'f1': 0.5}} ACCURACY: 0.0
Generating LoRA 0
****************************************************************************************************

Using internalized LoRAs for generation

****************************************************************************************************
QUESTION: when did equus first appear in fossil record
GOLD ANSWER: ['1820s', '~3.5 million years old', 'about 3.5 mya']
GENERATED ANSWER: ~3.5 million years ago. 
{'ROUGE-1': {'precision': 0.75, 'recall': 0.75, 'f1': 0.75}, 'ROUGE-2': {'precision': 0.6666666666666666, 'recall': 0.6666666666666666, 'f1': 0.6666666666666666}, 'ROUGE-L': {'precision': 0.75, 'recall': 0.75, 'f1': 0.75}} ACCURACY: 0.0
Generating LoRA 0
****************************************************************************************************

Using internalized LoRAs for generation

****************************************************************************************************
QUESTION: where was percy jackson and the olympians filmed
GOLD ANSWER: ['Vancouver', 'Mission, British Columbia']
GENERATED ANSWER: Vancouver, British Columbia. 
{'ROUGE-1': {'precision': 0.6666666666666666, 'recall': 0.6666666666666666, 'f1': 0.6666666666666666}, 'ROUGE-2': {'precision': 0.5, 'recall': 0.5, 'f1': 0.5}, 'ROUGE-L': {'precision': 0.6666666666666666, 'recall': 0.6666666666666666, 'f1': 0.6666666666666666}} ACCURACY: 0.0
Generating LoRA 0
****************************************************************************************************

Using internalized LoRAs for generation

****************************************************************************************************
QUESTION: sending money home to the native country is an example of
GOLD ANSWER: ['international capital flows', 'remittance']
GENERATED ANSWER: Remittances 
{'ROUGE-1': {'precision': 0.0, 'recall': 0.0, 'f1': 0.0}, 'ROUGE-2': {'precision': 0.0, 'recall': 0.0, 'f1': 0.0}, 'ROUGE-L': {'precision': 0.0, 'recall': 0.0, 'f1': 0.0}} ACCURACY: 0.0
Generating LoRA 0
****************************************************************************************************

Using internalized LoRAs for generation

****************************************************************************************************
QUESTION: who was charlie writing to in perks of being a wallflower movie
GOLD ANSWER: ['an unknown recipient']
GENERATED ANSWER: An unknown recipient. 
{'ROUGE-1': {'precision': 1.0, 'recall': 1.0, 'f1': 1.0}, 'ROUGE-2': {'precision': 1.0, 'recall': 1.0, 'f1': 1.0}, 'ROUGE-L': {'precision': 1.0, 'recall': 1.0, 'f1': 1.0}} ACCURACY: 1.0
Generating LoRA 0
****************************************************************************************************

Using internalized LoRAs for generation

****************************************************************************************************
QUESTION: who won the men's single title of australia open on 1 february 2015
GOLD ANSWER: ['Djokovic', 'Novak Djokovic']
GENERATED ANSWER: Djokovic 
{'ROUGE-1': {'precision': 1.0, 'recall': 1.0, 'f1': 1.0}, 'ROUGE-2': {'precision': 0.0, 'recall': 0.0, 'f1': 0.0}, 'ROUGE-L': {'precision': 1.0, 'recall': 1.0, 'f1': 1.0}} ACCURACY: 1.0
Generating LoRA 0
****************************************************************************************************

Using internalized LoRAs for generation

****************************************************************************************************
QUESTION: who played mr. willoughby in sense and sensibility
GOLD ANSWER: ['Matthew Gregory Wise']
GENERATED ANSWER: Matthew Gregory Wise 
{'ROUGE-1': {'precision': 1.0, 'recall': 1.0, 'f1': 1.0}, 'ROUGE-2': {'precision': 1.0, 'recall': 1.0, 'f1': 1.0}, 'ROUGE-L': {'precision': 1.0, 'recall': 1.0, 'f1': 1.0}} ACCURACY: 1.0
Generating LoRA 0
****************************************************************************************************

Using internalized LoRAs for generation

****************************************************************************************************
QUESTION: when did the soviet union start and end
GOLD ANSWER: ['in Eurasia']
GENERATED ANSWER: 1922 to 1991 
{'ROUGE-1': {'precision': 0.0, 'recall': 0.0, 'f1': 0.0}, 'ROUGE-2': {'precision': 0.0, 'recall': 0.0, 'f1': 0.0}, 'ROUGE-L': {'precision': 0.0, 'recall': 0.0, 'f1': 0.0}} ACCURACY: 0.0
Generating LoRA 0
****************************************************************************************************

Using internalized LoRAs for generation

****************************************************************************************************
QUESTION: who is the character of santa claus based on
GOLD ANSWER: ['Saint Nicholas', 'Father Christmas', 'Sinterklaas', 'Wodan']
GENERATED ANSWER: The character of Santa Claus is based on the historical figure of Saint Nicholas. 
{'ROUGE-1': {'precision': 0.14285714285714285, 'recall': 1.0, 'f1': 0.25}, 'ROUGE-2': {'precision': 0.07692307692307693, 'recall': 1.0, 'f1': 0.14285714285714288}, 'ROUGE-L': {'precision': 0.14285714285714285, 'recall': 1.0, 'f1': 0.25}} ACCURACY: 0.0
Generating LoRA 0
****************************************************************************************************

Using internalized LoRAs for generation

****************************************************************************************************
QUESTION: where was one direction what makes you beautiful filmed
GOLD ANSWER: ['Malibu, California', 'a Malibu, California beach']
GENERATED ANSWER: Malibu, California. 
{'ROUGE-1': {'precision': 1.0, 'recall': 1.0, 'f1': 1.0}, 'ROUGE-2': {'precision': 1.0, 'recall': 1.0, 'f1': 1.0}, 'ROUGE-L': {'precision': 1.0, 'recall': 1.0, 'f1': 1.0}} ACCURACY: 1.0
Generating LoRA 0
****************************************************************************************************

Using internalized LoRAs for generation

****************************************************************************************************
QUESTION: when did they start vaccinating for whooping cough
GOLD ANSWER: ['the 1920s', 'the 1940s']
GENERATED ANSWER: The 1940s. 
{'ROUGE-1': {'precision': 1.0, 'recall': 1.0, 'f1': 1.0}, 'ROUGE-2': {'precision': 1.0, 'recall': 1.0, 'f1': 1.0}, 'ROUGE-L': {'precision': 1.0, 'recall': 1.0, 'f1': 1.0}} ACCURACY: 1.0
Generating LoRA 0
****************************************************************************************************

Using internalized LoRAs for generation

****************************************************************************************************
QUESTION: who is the new york state senate majority leader
GOLD ANSWER: ['John J. Flanagan']
GENERATED ANSWER: John Sampson 
{'ROUGE-1': {'precision': 0.5, 'recall': 0.3333333333333333, 'f1': 0.4}, 'ROUGE-2': {'precision': 0.0, 'recall': 0.0, 'f1': 0.0}, 'ROUGE-L': {'precision': 0.5, 'recall': 0.3333333333333333, 'f1': 0.4}} ACCURACY: 0.0
Generating LoRA 0
****************************************************************************************************

Using internalized LoRAs for generation

****************************************************************************************************
QUESTION: who created the pieta and also painted the ceiling of the sistine chapel
GOLD ANSWER: ['Michelangelo']
GENERATED ANSWER: Michelangelo 
{'ROUGE-1': {'precision': 1.0, 'recall': 1.0, 'f1': 1.0}, 'ROUGE-2': {'precision': 0.0, 'recall': 0.0, 'f1': 0.0}, 'ROUGE-L': {'precision': 1.0, 'recall': 1.0, 'f1': 1.0}} ACCURACY: 1.0
Generating LoRA 0
****************************************************************************************************

Using internalized LoRAs for generation

****************************************************************************************************
QUESTION: who played cory's older brother on boy meets world
GOLD ANSWER: ['Will Friedle']
GENERATED ANSWER: Eric Randall Matthews 
{'ROUGE-1': {'precision': 0.0, 'recall': 0.0, 'f1': 0.0}, 'ROUGE-2': {'precision': 0.0, 'recall': 0.0, 'f1': 0.0}, 'ROUGE-L': {'precision': 0.0, 'recall': 0.0, 'f1': 0.0}} ACCURACY: 0.0
Generating LoRA 0
****************************************************************************************************

Using internalized LoRAs for generation

****************************************************************************************************
QUESTION: who sings i want to be a rockstar
GOLD ANSWER: ['Nickelback', 'Canadian rock band Nickelback', 'Billy Gibbons of ZZ Top']
GENERATED ANSWER: Nickelback 
{'ROUGE-1': {'precision': 1.0, 'recall': 1.0, 'f1': 1.0}, 'ROUGE-2': {'precision': 0.0, 'recall': 0.0, 'f1': 0.0}, 'ROUGE-L': {'precision': 1.0, 'recall': 1.0, 'f1': 1.0}} ACCURACY: 1.0
Generating LoRA 0
****************************************************************************************************

Using internalized LoRAs for generation

****************************************************************************************************
QUESTION: who did virginia cavaliers lose to in basketball this year
GOLD ANSWER: ['Virginia Tech', 'West Virginia', 'UMBC']
GENERATED ANSWER: UMBC 
{'ROUGE-1': {'precision': 1.0, 'recall': 1.0, 'f1': 1.0}, 'ROUGE-2': {'precision': 0.0, 'recall': 0.0, 'f1': 0.0}, 'ROUGE-L': {'precision': 1.0, 'recall': 1.0, 'f1': 1.0}} ACCURACY: 1.0
Generating LoRA 0
****************************************************************************************************

Using internalized LoRAs for generation

****************************************************************************************************
QUESTION: who was the king of england in 1756
GOLD ANSWER: ['George II']
GENERATED ANSWER: George II 
{'ROUGE-1': {'precision': 1.0, 'recall': 1.0, 'f1': 1.0}, 'ROUGE-2': {'precision': 1.0, 'recall': 1.0, 'f1': 1.0}, 'ROUGE-L': {'precision': 1.0, 'recall': 1.0, 'f1': 1.0}} ACCURACY: 1.0
Generating LoRA 0
****************************************************************************************************

Using internalized LoRAs for generation

****************************************************************************************************
QUESTION: what was the full name of the titanic
GOLD ANSWER: ['RMS Titanic']
GENERATED ANSWER: RMS Titanic 
{'ROUGE-1': {'precision': 1.0, 'recall': 1.0, 'f1': 1.0}, 'ROUGE-2': {'precision': 1.0, 'recall': 1.0, 'f1': 1.0}, 'ROUGE-L': {'precision': 1.0, 'recall': 1.0, 'f1': 1.0}} ACCURACY: 1.0
Generating LoRA 0
****************************************************************************************************

Using internalized LoRAs for generation

****************************************************************************************************
QUESTION: to whom do the powers not given to the federal government by the constitution go
GOLD ANSWER: ['the states or the people']
GENERATED ANSWER: To the states or the people. 
{'ROUGE-1': {'precision': 0.8333333333333334, 'recall': 1.0, 'f1': 0.9090909090909091}, 'ROUGE-2': {'precision': 0.8, 'recall': 1.0, 'f1': 0.888888888888889}, 'ROUGE-L': {'precision': 0.8333333333333334, 'recall': 1.0, 'f1': 0.9090909090909091}} ACCURACY: 0.0
Generating LoRA 0
****************************************************************************************************

Using internalized LoRAs for generation

****************************************************************************************************
QUESTION: which president of the united states was a boy scout
GOLD ANSWER: ['Gerald Ford', 'President Gerald Ford']
GENERATED ANSWER: President Michael Moore. 
{'ROUGE-1': {'precision': 0.3333333333333333, 'recall': 0.3333333333333333, 'f1': 0.3333333333333333}, 'ROUGE-2': {'precision': 0.0, 'recall': 0.0, 'f1': 0.0}, 'ROUGE-L': {'precision': 0.3333333333333333, 'recall': 0.3333333333333333, 'f1': 0.3333333333333333}} ACCURACY: 0.0
Generating LoRA 0
****************************************************************************************************

Using internalized LoRAs for generation

****************************************************************************************************
QUESTION: where does the last name orozco originate from
GOLD ANSWER: ['Spanish/Basque origin']
GENERATED ANSWER: Spanish/Basque. 
{'ROUGE-1': {'precision': 1.0, 'recall': 0.5, 'f1': 0.6666666666666666}, 'ROUGE-2': {'precision': 0.0, 'recall': 0.0, 'f1': 0.0}, 'ROUGE-L': {'precision': 1.0, 'recall': 0.5, 'f1': 0.6666666666666666}} ACCURACY: 0.0
Generating LoRA 0
****************************************************************************************************

Using internalized LoRAs for generation

****************************************************************************************************
QUESTION: which river separates the bronx in new york city from manhattan island
GOLD ANSWER: ['Harlem River', 'the Harlem River']
GENERATED ANSWER: East River 
{'ROUGE-1': {'precision': 0.5, 'recall': 0.5, 'f1': 0.5}, 'ROUGE-2': {'precision': 0.0, 'recall': 0.0, 'f1': 0.0}, 'ROUGE-L': {'precision': 0.5, 'recall': 0.5, 'f1': 0.5}} ACCURACY: 0.0
Generating LoRA 0
****************************************************************************************************

Using internalized LoRAs for generation

****************************************************************************************************
QUESTION: where does the red wolf live in the world
GOLD ANSWER: ['the southeastern United States', 'southeastern United States']
GENERATED ANSWER: The southeastern United States. 
{'ROUGE-1': {'precision': 1.0, 'recall': 1.0, 'f1': 1.0}, 'ROUGE-2': {'precision': 1.0, 'recall': 1.0, 'f1': 1.0}, 'ROUGE-L': {'precision': 1.0, 'recall': 1.0, 'f1': 1.0}} ACCURACY: 1.0
Generating LoRA 0
****************************************************************************************************

Using internalized LoRAs for generation

****************************************************************************************************
QUESTION: i like the way you move video cast
GOLD ANSWER: ['Big Boi', 'Sleepy Brown', 'Fonzworth Bentley', 'actress Ki Toy Johnson', 'Ki Toy Johnson']
GENERATED ANSWER: The video features both "The Way You Move" and "Hey Ya!" music. 
{'ROUGE-1': {'precision': 0.0, 'recall': 0.0, 'f1': 0.0}, 'ROUGE-2': {'precision': 0.0, 'recall': 0.0, 'f1': 0.0}, 'ROUGE-L': {'precision': 0.0, 'recall': 0.0, 'f1': 0.0}} ACCURACY: 0.0
Generating LoRA 0
****************************************************************************************************

Using internalized LoRAs for generation

****************************************************************************************************
QUESTION: what is the full scientific name for the e. coli bacteria
GOLD ANSWER: ['Escherichia coli']
GENERATED ANSWER: _Escherichia coli_ 
{'ROUGE-1': {'precision': 0.0, 'recall': 0.0, 'f1': 0.0}, 'ROUGE-2': {'precision': 0.0, 'recall': 0.0, 'f1': 0.0}, 'ROUGE-L': {'precision': 0.0, 'recall': 0.0, 'f1': 0.0}} ACCURACY: 0.0
Generating LoRA 0
****************************************************************************************************

Using internalized LoRAs for generation

****************************************************************************************************
QUESTION: when was the rock and roll hall of fame built in cleveland
GOLD ANSWER: ['1995', 'September 1995']
GENERATED ANSWER: September 20, 1995. 
{'ROUGE-1': {'precision': 0.6666666666666666, 'recall': 1.0, 'f1': 0.8}, 'ROUGE-2': {'precision': 0.0, 'recall': 0.0, 'f1': 0.0}, 'ROUGE-L': {'precision': 0.6666666666666666, 'recall': 1.0, 'f1': 0.8}} ACCURACY: 0.0
Generating LoRA 0
****************************************************************************************************

Using internalized LoRAs for generation

****************************************************************************************************
QUESTION: who acts as the chairman of the election commission
GOLD ANSWER: ['The Chief Election Commissioner', 'Achal Kumar Jyoti', 'Chief Election Commissioner']
GENERATED ANSWER: The Chief Election Commissioner. 
{'ROUGE-1': {'precision': 1.0, 'recall': 1.0, 'f1': 1.0}, 'ROUGE-2': {'precision': 1.0, 'recall': 1.0, 'f1': 1.0}, 'ROUGE-L': {'precision': 1.0, 'recall': 1.0, 'f1': 1.0}} ACCURACY: 1.0
Generating LoRA 0
****************************************************************************************************

Using internalized LoRAs for generation

****************************************************************************************************
QUESTION: who played mrs warboys in one foot in the grave
GOLD ANSWER: ['Doreen Mantle']
GENERATED ANSWER: Doreen Mantle 
{'ROUGE-1': {'precision': 1.0, 'recall': 1.0, 'f1': 1.0}, 'ROUGE-2': {'precision': 1.0, 'recall': 1.0, 'f1': 1.0}, 'ROUGE-L': {'precision': 1.0, 'recall': 1.0, 'f1': 1.0}} ACCURACY: 1.0
Generating LoRA 0
****************************************************************************************************

Using internalized LoRAs for generation

****************************************************************************************************
QUESTION: where was the diary of a wimpy kid filmed
GOLD ANSWER: ['Vancouver', 'Richmond, BC', 'Coquitlam, BC']
GENERATED ANSWER: The Eagle's Nest pool at Playland. 
{'ROUGE-1': {'precision': 0.0, 'recall': 0.0, 'f1': 0.0}, 'ROUGE-2': {'precision': 0.0, 'recall': 0.0, 'f1': 0.0}, 'ROUGE-L': {'precision': 0.0, 'recall': 0.0, 'f1': 0.0}} ACCURACY: 0.0
Generating LoRA 0
****************************************************************************************************

Using internalized LoRAs for generation

****************************************************************************************************
QUESTION: who wrote the song always be humble and kind
GOLD ANSWER: ['Lori McKenna']
GENERATED ANSWER: Lori McKenna 
{'ROUGE-1': {'precision': 1.0, 'recall': 1.0, 'f1': 1.0}, 'ROUGE-2': {'precision': 1.0, 'recall': 1.0, 'f1': 1.0}, 'ROUGE-L': {'precision': 1.0, 'recall': 1.0, 'f1': 1.0}} ACCURACY: 1.0
Generating LoRA 0
****************************************************************************************************

Using internalized LoRAs for generation

****************************************************************************************************
QUESTION: what is the time setting of game of thrones
GOLD ANSWER: ['medieval']
GENERATED ANSWER: Medieval. 
{'ROUGE-1': {'precision': 1.0, 'recall': 1.0, 'f1': 1.0}, 'ROUGE-2': {'precision': 0.0, 'recall': 0.0, 'f1': 0.0}, 'ROUGE-L': {'precision': 1.0, 'recall': 1.0, 'f1': 1.0}} ACCURACY: 1.0
Generating LoRA 0
****************************************************************************************************

Using internalized LoRAs for generation

****************************************************************************************************
QUESTION: where does arsenic and old lace take place
GOLD ANSWER: ['Brooklyn, New York']
GENERATED ANSWER: Brooklyn, New York 
{'ROUGE-1': {'precision': 1.0, 'recall': 1.0, 'f1': 1.0}, 'ROUGE-2': {'precision': 1.0, 'recall': 1.0, 'f1': 1.0}, 'ROUGE-L': {'precision': 1.0, 'recall': 1.0, 'f1': 1.0}} ACCURACY: 1.0
Generating LoRA 0
****************************************************************************************************

Using internalized LoRAs for generation

****************************************************************************************************
QUESTION: bowler to take hattrick in both inning in test match
GOLD ANSWER: ['leg spinner Jimmy Matthews', 'Jimmy Matthews']
GENERATED ANSWER: Jimmy Trumble 
{'ROUGE-1': {'precision': 0.5, 'recall': 0.5, 'f1': 0.5}, 'ROUGE-2': {'precision': 0.0, 'recall': 0.0, 'f1': 0.0}, 'ROUGE-L': {'precision': 0.5, 'recall': 0.5, 'f1': 0.5}} ACCURACY: 0.0
Generating LoRA 0
****************************************************************************************************

Using internalized LoRAs for generation

****************************************************************************************************
QUESTION: what is the width of a cricket bat
GOLD ANSWER: ['no more than 4.25 inches']
GENERATED ANSWER: 4.25 inches 
{'ROUGE-1': {'precision': 1.0, 'recall': 0.4, 'f1': 0.5714285714285715}, 'ROUGE-2': {'precision': 1.0, 'recall': 0.25, 'f1': 0.4}, 'ROUGE-L': {'precision': 1.0, 'recall': 0.4, 'f1': 0.5714285714285715}} ACCURACY: 0.0
Generating LoRA 0
****************************************************************************************************

Using internalized LoRAs for generation

****************************************************************************************************
QUESTION: who played alex cross in along came a spider
GOLD ANSWER: ['Morgan Freeman']
GENERATED ANSWER: Morgan Freeman 
{'ROUGE-1': {'precision': 1.0, 'recall': 1.0, 'f1': 1.0}, 'ROUGE-2': {'precision': 1.0, 'recall': 1.0, 'f1': 1.0}, 'ROUGE-L': {'precision': 1.0, 'recall': 1.0, 'f1': 1.0}} ACCURACY: 1.0
Generating LoRA 0
****************************************************************************************************

Using internalized LoRAs for generation

****************************************************************************************************
QUESTION: who was the first signatory of the israeli declaration of independence
GOLD ANSWER: ['David Ben-Gurion']
GENERATED ANSWER: David Ben-Gurion 
{'ROUGE-1': {'precision': 1.0, 'recall': 1.0, 'f1': 1.0}, 'ROUGE-2': {'precision': 1.0, 'recall': 1.0, 'f1': 1.0}, 'ROUGE-L': {'precision': 1.0, 'recall': 1.0, 'f1': 1.0}} ACCURACY: 1.0
Generating LoRA 0
****************************************************************************************************

Using internalized LoRAs for generation

****************************************************************************************************
QUESTION: who came up with the first working periodic table
GOLD ANSWER: ['Dmitri Mendeleev']
GENERATED ANSWER: Dmitri Mendeleev 
{'ROUGE-1': {'precision': 1.0, 'recall': 1.0, 'f1': 1.0}, 'ROUGE-2': {'precision': 1.0, 'recall': 1.0, 'f1': 1.0}, 'ROUGE-L': {'precision': 1.0, 'recall': 1.0, 'f1': 1.0}} ACCURACY: 1.0
Generating LoRA 0
****************************************************************************************************

Using internalized LoRAs for generation

****************************************************************************************************
QUESTION: when did cybermen first appear in doctor who
GOLD ANSWER: ['in 1966', '1966']
GENERATED ANSWER: 1966 
{'ROUGE-1': {'precision': 1.0, 'recall': 1.0, 'f1': 1.0}, 'ROUGE-2': {'precision': 0.0, 'recall': 0.0, 'f1': 0.0}, 'ROUGE-L': {'precision': 1.0, 'recall': 1.0, 'f1': 1.0}} ACCURACY: 1.0
Generating LoRA 0
****************************************************************************************************

Using internalized LoRAs for generation

****************************************************************************************************
QUESTION: oklahoma's 10 geographic regions are defined by surface features called
GOLD ANSWER: ['ecological regions']
GENERATED ANSWER: terrain 
{'ROUGE-1': {'precision': 0.0, 'recall': 0.0, 'f1': 0.0}, 'ROUGE-2': {'precision': 0.0, 'recall': 0.0, 'f1': 0.0}, 'ROUGE-L': {'precision': 0.0, 'recall': 0.0, 'f1': 0.0}} ACCURACY: 0.0
Generating LoRA 0
****************************************************************************************************

Using internalized LoRAs for generation

****************************************************************************************************
QUESTION: communities of similar organisms found in a particular environment are called
GOLD ANSWER: ['species', 'habitat']
GENERATED ANSWER: Communities 
{'ROUGE-1': {'precision': 0.0, 'recall': 0.0, 'f1': 0.0}, 'ROUGE-2': {'precision': 0.0, 'recall': 0.0, 'f1': 0.0}, 'ROUGE-L': {'precision': 0.0, 'recall': 0.0, 'f1': 0.0}} ACCURACY: 0.0
Generating LoRA 0
****************************************************************************************************

Using internalized LoRAs for generation

****************************************************************************************************
QUESTION: who wrote i'm in the mood for dancing
GOLD ANSWER: ['Ben Findon', 'Mike Myers', 'Bob Puzey']
GENERATED ANSWER: Ben Findon, Mike Myers, and Bob Puzey. 
{'ROUGE-1': {'precision': 0.2857142857142857, 'recall': 1.0, 'f1': 0.4444444444444445}, 'ROUGE-2': {'precision': 0.16666666666666666, 'recall': 1.0, 'f1': 0.2857142857142857}, 'ROUGE-L': {'precision': 0.2857142857142857, 'recall': 1.0, 'f1': 0.4444444444444445}} ACCURACY: 0.0
Generating LoRA 0
****************************************************************************************************

Using internalized LoRAs for generation

****************************************************************************************************
QUESTION: how many world series wins does the dodgers have
GOLD ANSWER: ['6', 'six']
GENERATED ANSWER: 2 
{'ROUGE-1': {'precision': 0.0, 'recall': 0.0, 'f1': 0.0}, 'ROUGE-2': {'precision': 0.0, 'recall': 0.0, 'f1': 0.0}, 'ROUGE-L': {'precision': 0.0, 'recall': 0.0, 'f1': 0.0}} ACCURACY: 0.0
Generating LoRA 0
****************************************************************************************************

Using internalized LoRAs for generation

****************************************************************************************************
QUESTION: what is one element a topographic map shows
GOLD ANSWER: ['relief']
GENERATED ANSWER: Relief 
{'ROUGE-1': {'precision': 1.0, 'recall': 1.0, 'f1': 1.0}, 'ROUGE-2': {'precision': 0.0, 'recall': 0.0, 'f1': 0.0}, 'ROUGE-L': {'precision': 1.0, 'recall': 1.0, 'f1': 1.0}} ACCURACY: 1.0
Generating LoRA 0
****************************************************************************************************

Using internalized LoRAs for generation

****************************************************************************************************
QUESTION: who played bat masterson in the movie tombstone
GOLD ANSWER: ['Mason Alan Dinehart']
GENERATED ANSWER: Wyatt Earp 
{'ROUGE-1': {'precision': 0.0, 'recall': 0.0, 'f1': 0.0}, 'ROUGE-2': {'precision': 0.0, 'recall': 0.0, 'f1': 0.0}, 'ROUGE-L': {'precision': 0.0, 'recall': 0.0, 'f1': 0.0}} ACCURACY: 0.0
Generating LoRA 0
****************************************************************************************************

Using internalized LoRAs for generation

****************************************************************************************************
QUESTION: who started the tradition of coloring easter eggs
GOLD ANSWER: ['early Christians of Mesopotamia']
GENERATED ANSWER: Early Christians of Mesopotamia. 
{'ROUGE-1': {'precision': 1.0, 'recall': 1.0, 'f1': 1.0}, 'ROUGE-2': {'precision': 1.0, 'recall': 1.0, 'f1': 1.0}, 'ROUGE-L': {'precision': 1.0, 'recall': 1.0, 'f1': 1.0}} ACCURACY: 1.0
Generating LoRA 0
****************************************************************************************************

Using internalized LoRAs for generation

****************************************************************************************************
QUESTION: why was hong kong important to the british empire
GOLD ANSWER: ['a centre for international trade']
GENERATED ANSWER: Hong Kong's revenue from the opium trade was a key source of British government funds. 
{'ROUGE-1': {'precision': 0.13333333333333333, 'recall': 0.4, 'f1': 0.2}, 'ROUGE-2': {'precision': 0.0, 'recall': 0.0, 'f1': 0.0}, 'ROUGE-L': {'precision': 0.06666666666666667, 'recall': 0.2, 'f1': 0.1}} ACCURACY: 0.0
Generating LoRA 0
****************************************************************************************************

Using internalized LoRAs for generation

****************************************************************************************************
QUESTION: who were the first non native settlers in the us
GOLD ANSWER: ['European colonization', 'West Norse sailors']
GENERATED ANSWER: The Norse. 
{'ROUGE-1': {'precision': 0.5, 'recall': 0.3333333333333333, 'f1': 0.4}, 'ROUGE-2': {'precision': 0.0, 'recall': 0.0, 'f1': 0.0}, 'ROUGE-L': {'precision': 0.5, 'recall': 0.3333333333333333, 'f1': 0.4}} ACCURACY: 0.0
Generating LoRA 0
****************************************************************************************************

Using internalized LoRAs for generation

****************************************************************************************************
QUESTION: what is the term for circular movement around a central point
GOLD ANSWER: ['angular rotation', 'Coriolis effect']
GENERATED ANSWER: Rotation 
{'ROUGE-1': {'precision': 1.0, 'recall': 0.5, 'f1': 0.6666666666666666}, 'ROUGE-2': {'precision': 0.0, 'recall': 0.0, 'f1': 0.0}, 'ROUGE-L': {'precision': 1.0, 'recall': 0.5, 'f1': 0.6666666666666666}} ACCURACY: 0.0
Generating LoRA 0
****************************************************************************************************

Using internalized LoRAs for generation

****************************************************************************************************
QUESTION: where do the secretory cells of endocrine glands secrete their products
GOLD ANSWER: ['epithelial surface', 'bloodstream', 'directly into the bloodstream']
GENERATED ANSWER: directly into the bloodstream 
{'ROUGE-1': {'precision': 1.0, 'recall': 1.0, 'f1': 1.0}, 'ROUGE-2': {'precision': 1.0, 'recall': 1.0, 'f1': 1.0}, 'ROUGE-L': {'precision': 1.0, 'recall': 1.0, 'f1': 1.0}} ACCURACY: 1.0
Generating LoRA 0
****************************************************************************************************

Using internalized LoRAs for generation

****************************************************************************************************
QUESTION: where did the beer hall putsch take place
GOLD ANSWER: ['Munich, Bavaria']
GENERATED ANSWER: Munich, Germany 
{'ROUGE-1': {'precision': 0.5, 'recall': 0.5, 'f1': 0.5}, 'ROUGE-2': {'precision': 0.0, 'recall': 0.0, 'f1': 0.0}, 'ROUGE-L': {'precision': 0.5, 'recall': 0.5, 'f1': 0.5}} ACCURACY: 0.0
Generating LoRA 0
****************************************************************************************************

Using internalized LoRAs for generation

****************************************************************************************************
QUESTION: who said beware of the ides of march
GOLD ANSWER: ['the soothsayer', 'a seer', 'a haruspex named Spurinna']
GENERATED ANSWER: Spurinna 
{'ROUGE-1': {'precision': 1.0, 'recall': 0.25, 'f1': 0.4}, 'ROUGE-2': {'precision': 0.0, 'recall': 0.0, 'f1': 0.0}, 'ROUGE-L': {'precision': 1.0, 'recall': 0.25, 'f1': 0.4}} ACCURACY: 0.0
Generating LoRA 0
****************************************************************************************************

Using internalized LoRAs for generation

****************************************************************************************************
QUESTION: who proclaimed 5th october as world’s teachers day
GOLD ANSWER: ['UNESCO/ILO']
GENERATED ANSWER: The UNESCO/ILO Recommendation concerning the Status of Teachers. 
{'ROUGE-1': {'precision': 0.125, 'recall': 1.0, 'f1': 0.2222222222222222}, 'ROUGE-2': {'precision': 0.0, 'recall': 0.0, 'f1': 0.0}, 'ROUGE-L': {'precision': 0.125, 'recall': 1.0, 'f1': 0.2222222222222222}} ACCURACY: 0.0
Generating LoRA 0
****************************************************************************************************

Using internalized LoRAs for generation

****************************************************************************************************
QUESTION: when does season 6 of the next step start
GOLD ANSWER: ['2018']
GENERATED ANSWER: May 26, 2018. 
{'ROUGE-1': {'precision': 0.3333333333333333, 'recall': 1.0, 'f1': 0.5}, 'ROUGE-2': {'precision': 0.0, 'recall': 0.0, 'f1': 0.0}, 'ROUGE-L': {'precision': 0.3333333333333333, 'recall': 1.0, 'f1': 0.5}} ACCURACY: 0.0
Generating LoRA 0
****************************************************************************************************

Using internalized LoRAs for generation

****************************************************************************************************
QUESTION: what is the third season of total drama
GOLD ANSWER: ['World Tour', 'Total Drama World Tour']
GENERATED ANSWER: Total Drama: Revenge of the Island 
{'ROUGE-1': {'precision': 0.3333333333333333, 'recall': 0.5, 'f1': 0.4}, 'ROUGE-2': {'precision': 0.2, 'recall': 0.3333333333333333, 'f1': 0.25}, 'ROUGE-L': {'precision': 0.3333333333333333, 'recall': 0.5, 'f1': 0.4}} ACCURACY: 0.0
Generating LoRA 0
****************************************************************************************************

Using internalized LoRAs for generation

****************************************************************************************************
QUESTION: how many times has south korea held the winter olympics
GOLD ANSWER: ['two']
GENERATED ANSWER: Twice. 
{'ROUGE-1': {'precision': 0.0, 'recall': 0.0, 'f1': 0.0}, 'ROUGE-2': {'precision': 0.0, 'recall': 0.0, 'f1': 0.0}, 'ROUGE-L': {'precision': 0.0, 'recall': 0.0, 'f1': 0.0}} ACCURACY: 0.0
Generating LoRA 0
****************************************************************************************************

Using internalized LoRAs for generation

****************************************************************************************************
QUESTION: what was the biggest tank in world war 2
GOLD ANSWER: ['Panzerkampfwagen VIII Maus']
GENERATED ANSWER: Panzerkampfwagen VIII Maus 
{'ROUGE-1': {'precision': 1.0, 'recall': 1.0, 'f1': 1.0}, 'ROUGE-2': {'precision': 1.0, 'recall': 1.0, 'f1': 1.0}, 'ROUGE-L': {'precision': 1.0, 'recall': 1.0, 'f1': 1.0}} ACCURACY: 1.0
Generating LoRA 0
****************************************************************************************************

Using internalized LoRAs for generation

****************************************************************************************************
QUESTION: chris cornell she's going to change the world
GOLD ANSWER: ["Can't Change Me"]
GENERATED ANSWER: "She's going to change the world/But what can she change?/Suddenly I can't change/What I really want/But I can't change/What I really want/But I can't change/What I really
{'ROUGE-1': {'precision': 0.07407407407407407, 'recall': 0.6666666666666666, 'f1': 0.13333333333333333}, 'ROUGE-2': {'precision': 0.0, 'recall': 0.0, 'f1': 0.0}, 'ROUGE-L': {'precision': 0.037037037037037035, 'recall': 0.3333333333333333, 'f1': 0.06666666666666667}} ACCURACY: 0.0
Generating LoRA 0
****************************************************************************************************

Using internalized LoRAs for generation

****************************************************************************************************
QUESTION: how tall is the tallest building in las vegas
GOLD ANSWER: ['The Drew Las Vegas', '1,149 feet']
GENERATED ANSWER: 1,149 feet 
{'ROUGE-1': {'precision': 1.0, 'recall': 1.0, 'f1': 1.0}, 'ROUGE-2': {'precision': 1.0, 'recall': 1.0, 'f1': 1.0}, 'ROUGE-L': {'precision': 1.0, 'recall': 1.0, 'f1': 1.0}} ACCURACY: 1.0
Generating LoRA 0
****************************************************************************************************

Using internalized LoRAs for generation

****************************************************************************************************
QUESTION: when was the dome of the rock completed
GOLD ANSWER: ['691 CE', 'in 691 CE']
GENERATED ANSWER: 1022–23 CE 
{'ROUGE-1': {'precision': 0.5, 'recall': 0.5, 'f1': 0.5}, 'ROUGE-2': {'precision': 0.0, 'recall': 0.0, 'f1': 0.0}, 'ROUGE-L': {'precision': 0.5, 'recall': 0.5, 'f1': 0.5}} ACCURACY: 0.0
Generating LoRA 0
****************************************************************************************************

Using internalized LoRAs for generation

****************************************************************************************************
QUESTION: who wrote yakkity yak don't talk back
GOLD ANSWER: ['Jerry Leiber and Mike Stoller', 'Jerry Leiber', 'Mike Stoller']
GENERATED ANSWER: Jerry Leiber and Mike Stoller 
{'ROUGE-1': {'precision': 1.0, 'recall': 1.0, 'f1': 1.0}, 'ROUGE-2': {'precision': 1.0, 'recall': 1.0, 'f1': 1.0}, 'ROUGE-L': {'precision': 1.0, 'recall': 1.0, 'f1': 1.0}} ACCURACY: 1.0
Generating LoRA 0
****************************************************************************************************

Using internalized LoRAs for generation

****************************************************************************************************
QUESTION: who explored waters of cuba the bahamas and hispaniola
GOLD ANSWER: ['Christopher Columbus']
GENERATED ANSWER: Christopher Columbus 
{'ROUGE-1': {'precision': 1.0, 'recall': 1.0, 'f1': 1.0}, 'ROUGE-2': {'precision': 1.0, 'recall': 1.0, 'f1': 1.0}, 'ROUGE-L': {'precision': 1.0, 'recall': 1.0, 'f1': 1.0}} ACCURACY: 1.0
Generating LoRA 0
****************************************************************************************************

Using internalized LoRAs for generation

****************************************************************************************************
QUESTION: who played mrs. trumbull on i love lucy
GOLD ANSWER: ['Mary Elizabeth Patterson']
GENERATED ANSWER: Mary Elizabeth Patterson 
{'ROUGE-1': {'precision': 1.0, 'recall': 1.0, 'f1': 1.0}, 'ROUGE-2': {'precision': 1.0, 'recall': 1.0, 'f1': 1.0}, 'ROUGE-L': {'precision': 1.0, 'recall': 1.0, 'f1': 1.0}} ACCURACY: 1.0
Generating LoRA 0
****************************************************************************************************

Using internalized LoRAs for generation

****************************************************************************************************
QUESTION: yo la tengo theres a riot going on release date
GOLD ANSWER: ['March 16, 2018']
GENERATED ANSWER: March 16, 2018 
{'ROUGE-1': {'precision': 1.0, 'recall': 1.0, 'f1': 1.0}, 'ROUGE-2': {'precision': 1.0, 'recall': 1.0, 'f1': 1.0}, 'ROUGE-L': {'precision': 1.0, 'recall': 1.0, 'f1': 1.0}} ACCURACY: 1.0
Generating LoRA 0
****************************************************************************************************

Using internalized LoRAs for generation

****************************************************************************************************
QUESTION: a type of basic rock popular in the 1980s
GOLD ANSWER: ['alternative rock']
GENERATED ANSWER: Punk rock 
{'ROUGE-1': {'precision': 0.5, 'recall': 0.5, 'f1': 0.5}, 'ROUGE-2': {'precision': 0.0, 'recall': 0.0, 'f1': 0.0}, 'ROUGE-L': {'precision': 0.5, 'recall': 0.5, 'f1': 0.5}} ACCURACY: 0.0
Generating LoRA 0
****************************************************************************************************

Using internalized LoRAs for generation

****************************************************************************************************
QUESTION: who represents the insured in the investigation of a claim
GOLD ANSWER: ['Public adjusters', 'Claims adjuster']
GENERATED ANSWER: Loss adjuster 
{'ROUGE-1': {'precision': 0.5, 'recall': 0.5, 'f1': 0.5}, 'ROUGE-2': {'precision': 0.0, 'recall': 0.0, 'f1': 0.0}, 'ROUGE-L': {'precision': 0.5, 'recall': 0.5, 'f1': 0.5}} ACCURACY: 0.0
Generating LoRA 0
****************************************************************************************************

Using internalized LoRAs for generation

****************************************************************************************************
QUESTION: where did the rulers of the qing dynasty originate
GOLD ANSWER: ['Manchuria']
GENERATED ANSWER: Manchuria 
{'ROUGE-1': {'precision': 1.0, 'recall': 1.0, 'f1': 1.0}, 'ROUGE-2': {'precision': 0.0, 'recall': 0.0, 'f1': 0.0}, 'ROUGE-L': {'precision': 1.0, 'recall': 1.0, 'f1': 1.0}} ACCURACY: 1.0
Generating LoRA 0
****************************************************************************************************

Using internalized LoRAs for generation

****************************************************************************************************
QUESTION: what word is used to describe knowledge about the universe and method of obtaining that knowledge
GOLD ANSWER: ['epistemology', 'Empiricism']
GENERATED ANSWER: epistemology 
{'ROUGE-1': {'precision': 1.0, 'recall': 1.0, 'f1': 1.0}, 'ROUGE-2': {'precision': 0.0, 'recall': 0.0, 'f1': 0.0}, 'ROUGE-L': {'precision': 1.0, 'recall': 1.0, 'f1': 1.0}} ACCURACY: 1.0
Generating LoRA 0
****************************************************************************************************

Using internalized LoRAs for generation

****************************************************************************************************
QUESTION: which state is located in the centre of india
GOLD ANSWER: ['Chhattisgarh', 'Madhya Pradesh']
GENERATED ANSWER: Madhya Pradesh 
{'ROUGE-1': {'precision': 1.0, 'recall': 1.0, 'f1': 1.0}, 'ROUGE-2': {'precision': 1.0, 'recall': 1.0, 'f1': 1.0}, 'ROUGE-L': {'precision': 1.0, 'recall': 1.0, 'f1': 1.0}} ACCURACY: 1.0
Generating LoRA 0
****************************************************************************************************

Using internalized LoRAs for generation

****************************************************************************************************
QUESTION: what is the name of the weapon the grim reaper carries
GOLD ANSWER: ['scythe']
GENERATED ANSWER: A scythe. 
{'ROUGE-1': {'precision': 0.5, 'recall': 1.0, 'f1': 0.6666666666666666}, 'ROUGE-2': {'precision': 0.0, 'recall': 0.0, 'f1': 0.0}, 'ROUGE-L': {'precision': 0.5, 'recall': 1.0, 'f1': 0.6666666666666666}} ACCURACY: 0.0
Generating LoRA 0
****************************************************************************************************

Using internalized LoRAs for generation

****************************************************************************************************
QUESTION: who was the top scorer in 2014 world cup
GOLD ANSWER: ['James Rodríguez']
GENERATED ANSWER: James Rodríguez 
{'ROUGE-1': {'precision': 1.0, 'recall': 1.0, 'f1': 1.0}, 'ROUGE-2': {'precision': 1.0, 'recall': 1.0, 'f1': 1.0}, 'ROUGE-L': {'precision': 1.0, 'recall': 1.0, 'f1': 1.0}} ACCURACY: 1.0
Generating LoRA 0
****************************************************************************************************

Using internalized LoRAs for generation

****************************************************************************************************
QUESTION: who plays captain phasma in star wars the force awakens
GOLD ANSWER: ['Gwendoline Christie']
GENERATED ANSWER: Gwendoline Christie 
{'ROUGE-1': {'precision': 1.0, 'recall': 1.0, 'f1': 1.0}, 'ROUGE-2': {'precision': 1.0, 'recall': 1.0, 'f1': 1.0}, 'ROUGE-L': {'precision': 1.0, 'recall': 1.0, 'f1': 1.0}} ACCURACY: 1.0
Generating LoRA 0
****************************************************************************************************

Using internalized LoRAs for generation

****************************************************************************************************
QUESTION: who won so you think you can dance season 13
GOLD ANSWER: ['Kida', 'Leon "Kida" Burns']
GENERATED ANSWER: Kida. 
{'ROUGE-1': {'precision': 1.0, 'recall': 1.0, 'f1': 1.0}, 'ROUGE-2': {'precision': 0.0, 'recall': 0.0, 'f1': 0.0}, 'ROUGE-L': {'precision': 1.0, 'recall': 1.0, 'f1': 1.0}} ACCURACY: 1.0
Generating LoRA 0
****************************************************************************************************

Using internalized LoRAs for generation

****************************************************************************************************
QUESTION: who wrote when a man loves a woman
GOLD ANSWER: ['Calvin Lewis and Andrew Wright', 'Calvin Lewis', 'Percy Sledge', 'Andrew Wright']
GENERATED ANSWER: Calvin Lewis and Andrew Wright 
{'ROUGE-1': {'precision': 1.0, 'recall': 1.0, 'f1': 1.0}, 'ROUGE-2': {'precision': 1.0, 'recall': 1.0, 'f1': 1.0}, 'ROUGE-L': {'precision': 1.0, 'recall': 1.0, 'f1': 1.0}} ACCURACY: 1.0
Generating LoRA 0
****************************************************************************************************

Using internalized LoRAs for generation

****************************************************************************************************
QUESTION: what's the difference between salisbury steak and hamburger steak
GOLD ANSWER: ['ingredients']
GENERATED ANSWER: The provided text does not contain the answer to the question. 
{'ROUGE-1': {'precision': 0.0, 'recall': 0.0, 'f1': 0.0}, 'ROUGE-2': {'precision': 0.0, 'recall': 0.0, 'f1': 0.0}, 'ROUGE-L': {'precision': 0.0, 'recall': 0.0, 'f1': 0.0}} ACCURACY: 0.0
Generating LoRA 0
****************************************************************************************************

Using internalized LoRAs for generation

****************************************************************************************************
QUESTION: what are the 3 layers of the meninges
GOLD ANSWER: ['the arachnoid mater', 'arachnoid mater', 'pia mater', 'the pia mater', 'dura mater']
GENERATED ANSWER: dura mater, arachnoid mater, pia mater 
{'ROUGE-1': {'precision': 0.3333333333333333, 'recall': 1.0, 'f1': 0.5}, 'ROUGE-2': {'precision': 0.2, 'recall': 1.0, 'f1': 0.33333333333333337}, 'ROUGE-L': {'precision': 0.3333333333333333, 'recall': 1.0, 'f1': 0.5}} ACCURACY: 0.0
Generating LoRA 0
****************************************************************************************************

Using internalized LoRAs for generation

****************************************************************************************************
QUESTION: who did puss in boots grew up with
GOLD ANSWER: ['Humpty Dumpty', 'Kitty Softpaws', 'Humpty Alexander Dumpty']
GENERATED ANSWER: Kitty Softpaws 
{'ROUGE-1': {'precision': 1.0, 'recall': 1.0, 'f1': 1.0}, 'ROUGE-2': {'precision': 1.0, 'recall': 1.0, 'f1': 1.0}, 'ROUGE-L': {'precision': 1.0, 'recall': 1.0, 'f1': 1.0}} ACCURACY: 1.0
Generating LoRA 0
****************************************************************************************************

Using internalized LoRAs for generation

****************************************************************************************************
QUESTION: when was the first nuclear power plant opened
GOLD ANSWER: ['December 20, 1951', 'June 27, 1954', 'On June 27, 1954', 'the USSR', 'December 2, 1942']
GENERATED ANSWER: June 27, 1954. 
{'ROUGE-1': {'precision': 1.0, 'recall': 1.0, 'f1': 1.0}, 'ROUGE-2': {'precision': 1.0, 'recall': 1.0, 'f1': 1.0}, 'ROUGE-L': {'precision': 1.0, 'recall': 1.0, 'f1': 1.0}} ACCURACY: 1.0
Generating LoRA 0
****************************************************************************************************

Using internalized LoRAs for generation

****************************************************************************************************
QUESTION: where does the last name waters come from
GOLD ANSWER: ['Wales and Yorkshire', 'Yorkshire', 'Wales']
GENERATED ANSWER: The surname Waters is derived from the Old English word "Wat", meaning "water". 
{'ROUGE-1': {'precision': 0.0, 'recall': 0.0, 'f1': 0.0}, 'ROUGE-2': {'precision': 0.0, 'recall': 0.0, 'f1': 0.0}, 'ROUGE-L': {'precision': 0.0, 'recall': 0.0, 'f1': 0.0}} ACCURACY: 0.0
Generating LoRA 0
****************************************************************************************************

Using internalized LoRAs for generation

****************************************************************************************************
QUESTION: what states do not allow daylight savings time
GOLD ANSWER: ['Navajo', 'Hawaii', 'Arizona']
GENERATED ANSWER: Arizona, Hawaii, the Northern Mariana Islands, Puerto Rico, and the United States Virgin Islands. 
{'ROUGE-1': {'precision': 0.07142857142857142, 'recall': 1.0, 'f1': 0.13333333333333333}, 'ROUGE-2': {'precision': 0.0, 'recall': 0.0, 'f1': 0.0}, 'ROUGE-L': {'precision': 0.07142857142857142, 'recall': 1.0, 'f1': 0.13333333333333333}} ACCURACY: 0.0
Generating LoRA 0
****************************************************************************************************

Using internalized LoRAs for generation

****************************************************************************************************
QUESTION: when did where are you now come out
GOLD ANSWER: ['February 27, 2015', 'February\xa027,\xa02015']
GENERATED ANSWER: February 27, 2015. 
{'ROUGE-1': {'precision': 1.0, 'recall': 1.0, 'f1': 1.0}, 'ROUGE-2': {'precision': 1.0, 'recall': 1.0, 'f1': 1.0}, 'ROUGE-L': {'precision': 1.0, 'recall': 1.0, 'f1': 1.0}} ACCURACY: 1.0
Generating LoRA 0
****************************************************************************************************

Using internalized LoRAs for generation

****************************************************************************************************
QUESTION: when did dragon ball z air in australia
GOLD ANSWER: ['Fall 1998']
GENERATED ANSWER: Fall 1998. 
{'ROUGE-1': {'precision': 1.0, 'recall': 1.0, 'f1': 1.0}, 'ROUGE-2': {'precision': 1.0, 'recall': 1.0, 'f1': 1.0}, 'ROUGE-L': {'precision': 1.0, 'recall': 1.0, 'f1': 1.0}} ACCURACY: 1.0
Generating LoRA 0
****************************************************************************************************

Using internalized LoRAs for generation

****************************************************************************************************
QUESTION: which type of hematoma is a result of torn bridging meningeal veins
GOLD ANSWER: ['A subdural hematoma', 'subdural hematoma (SDH)', 'subdural hematoma']
GENERATED ANSWER: Subdural hematoma 
{'ROUGE-1': {'precision': 1.0, 'recall': 1.0, 'f1': 1.0}, 'ROUGE-2': {'precision': 1.0, 'recall': 1.0, 'f1': 1.0}, 'ROUGE-L': {'precision': 1.0, 'recall': 1.0, 'f1': 1.0}} ACCURACY: 1.0
Generating LoRA 0
****************************************************************************************************

Using internalized LoRAs for generation

****************************************************************************************************
QUESTION: who sang i want to be bobbys girl
GOLD ANSWER: ['Marcie Blane']
GENERATED ANSWER: Marcie Blane 
{'ROUGE-1': {'precision': 1.0, 'recall': 1.0, 'f1': 1.0}, 'ROUGE-2': {'precision': 1.0, 'recall': 1.0, 'f1': 1.0}, 'ROUGE-L': {'precision': 1.0, 'recall': 1.0, 'f1': 1.0}} ACCURACY: 1.0
Generating LoRA 0
****************************************************************************************************

Using internalized LoRAs for generation

****************************************************************************************************
QUESTION: when did the nba add the three point line
GOLD ANSWER: ['1979–80', '1979–80 season', 'the 1979–80 season']
GENERATED ANSWER: 1979–80 season. 
{'ROUGE-1': {'precision': 1.0, 'recall': 1.0, 'f1': 1.0}, 'ROUGE-2': {'precision': 1.0, 'recall': 1.0, 'f1': 1.0}, 'ROUGE-L': {'precision': 1.0, 'recall': 1.0, 'f1': 1.0}} ACCURACY: 1.0
Generating LoRA 0
****************************************************************************************************

Using internalized LoRAs for generation

****************************************************************************************************
QUESTION: where are the cones in the eye located
GOLD ANSWER: ['the retina', 'in the fovea centralis', 'in the retina']
GENERATED ANSWER: The fovea centralis. 
{'ROUGE-1': {'precision': 1.0, 'recall': 0.75, 'f1': 0.8571428571428571}, 'ROUGE-2': {'precision': 1.0, 'recall': 0.6666666666666666, 'f1': 0.8}, 'ROUGE-L': {'precision': 1.0, 'recall': 0.75, 'f1': 0.8571428571428571}} ACCURACY: 0.0
Generating LoRA 0
****************************************************************************************************

Using internalized LoRAs for generation

****************************************************************************************************
QUESTION: where does puerto rico's power come from
GOLD ANSWER: ['Puerto Rico Electric Power Authority']
GENERATED ANSWER: Puerto Rico's power comes from electricity generation, power distribution, and power transmission. 
{'ROUGE-1': {'precision': 0.16666666666666666, 'recall': 0.4, 'f1': 0.23529411764705882}, 'ROUGE-2': {'precision': 0.0, 'recall': 0.0, 'f1': 0.0}, 'ROUGE-L': {'precision': 0.16666666666666666, 'recall': 0.4, 'f1': 0.23529411764705882}} ACCURACY: 0.0
Generating LoRA 0
****************************************************************************************************

Using internalized LoRAs for generation

****************************************************************************************************
QUESTION: who is the founder of el pollo loco
GOLD ANSWER: ['Juan Francisco Ochoa']
GENERATED ANSWER: Juan Francisco Ochoa 
{'ROUGE-1': {'precision': 1.0, 'recall': 1.0, 'f1': 1.0}, 'ROUGE-2': {'precision': 1.0, 'recall': 1.0, 'f1': 1.0}, 'ROUGE-L': {'precision': 1.0, 'recall': 1.0, 'f1': 1.0}} ACCURACY: 1.0
Generating LoRA 0
****************************************************************************************************

Using internalized LoRAs for generation

****************************************************************************************************
QUESTION: when does the second half of vikings season 5 air
GOLD ANSWER: ['2018', 'in 2018']
GENERATED ANSWER: 2018. 
{'ROUGE-1': {'precision': 1.0, 'recall': 1.0, 'f1': 1.0}, 'ROUGE-2': {'precision': 0.0, 'recall': 0.0, 'f1': 0.0}, 'ROUGE-L': {'precision': 1.0, 'recall': 1.0, 'f1': 1.0}} ACCURACY: 1.0
Generating LoRA 0
****************************************************************************************************

Using internalized LoRAs for generation

****************************************************************************************************
QUESTION: where do pineapples come from in the world
GOLD ANSWER: ['Costa Rica', 'Philippines', 'Brazil', 'the Philippines', 'Thailand', 'Indonesia', 'India']
GENERATED ANSWER: Costa Rica, Brazil, and the Philippines. 
{'ROUGE-1': {'precision': 0.3333333333333333, 'recall': 1.0, 'f1': 0.5}, 'ROUGE-2': {'precision': 0.2, 'recall': 1.0, 'f1': 0.33333333333333337}, 'ROUGE-L': {'precision': 0.3333333333333333, 'recall': 1.0, 'f1': 0.5}} ACCURACY: 0.0
Generating LoRA 0
****************************************************************************************************

Using internalized LoRAs for generation

****************************************************************************************************
QUESTION: when does april fools day end at noon
GOLD ANSWER: ['April 1st']
GENERATED ANSWER: April Fools' Day ends at noon on April 1st. 
{'ROUGE-1': {'precision': 0.2222222222222222, 'recall': 1.0, 'f1': 0.3636363636363636}, 'ROUGE-2': {'precision': 0.125, 'recall': 1.0, 'f1': 0.2222222222222222}, 'ROUGE-L': {'precision': 0.2222222222222222, 'recall': 1.0, 'f1': 0.3636363636363636}} ACCURACY: 0.0
Generating LoRA 0
****************************************************************************************************

Using internalized LoRAs for generation

****************************************************************************************************
QUESTION: where is thank you for your service based
GOLD ANSWER: ['Kansas', 'Fort Riley, Kansas']
GENERATED ANSWER: Fort Riley, Kansas. 
{'ROUGE-1': {'precision': 1.0, 'recall': 1.0, 'f1': 1.0}, 'ROUGE-2': {'precision': 1.0, 'recall': 1.0, 'f1': 1.0}, 'ROUGE-L': {'precision': 1.0, 'recall': 1.0, 'f1': 1.0}} ACCURACY: 1.0
Generating LoRA 0
****************************************************************************************************

Using internalized LoRAs for generation

****************************************************************************************************
QUESTION: new movie of ajay devgan and sonakshi sinha
GOLD ANSWER: ['Action Jackson']
GENERATED ANSWER: Action comedy. 
{'ROUGE-1': {'precision': 0.5, 'recall': 0.5, 'f1': 0.5}, 'ROUGE-2': {'precision': 0.0, 'recall': 0.0, 'f1': 0.0}, 'ROUGE-L': {'precision': 0.5, 'recall': 0.5, 'f1': 0.5}} ACCURACY: 0.0
Generating LoRA 0
****************************************************************************************************

Using internalized LoRAs for generation

****************************************************************************************************
QUESTION: what was the ancient chinese umbrella used for
GOLD ANSWER: ['a defense against rain']
GENERATED ANSWER: Defense against rain. 
{'ROUGE-1': {'precision': 1.0, 'recall': 0.75, 'f1': 0.8571428571428571}, 'ROUGE-2': {'precision': 1.0, 'recall': 0.6666666666666666, 'f1': 0.8}, 'ROUGE-L': {'precision': 1.0, 'recall': 0.75, 'f1': 0.8571428571428571}} ACCURACY: 0.0
Generating LoRA 0
****************************************************************************************************

Using internalized LoRAs for generation

****************************************************************************************************
QUESTION: when was the statue of liberty in france built
GOLD ANSWER: ['Paris']
GENERATED ANSWER: 1877 
{'ROUGE-1': {'precision': 0.0, 'recall': 0.0, 'f1': 0.0}, 'ROUGE-2': {'precision': 0.0, 'recall': 0.0, 'f1': 0.0}, 'ROUGE-L': {'precision': 0.0, 'recall': 0.0, 'f1': 0.0}} ACCURACY: 0.0
Generating LoRA 0
****************************************************************************************************

Using internalized LoRAs for generation

****************************************************************************************************
QUESTION: how many times have the winter olympics been in the usa since 1924
GOLD ANSWER: ['1960', '2002', 'four', 'four times', '1932', '1980']
GENERATED ANSWER: Four times. 
{'ROUGE-1': {'precision': 1.0, 'recall': 1.0, 'f1': 1.0}, 'ROUGE-2': {'precision': 1.0, 'recall': 1.0, 'f1': 1.0}, 'ROUGE-L': {'precision': 1.0, 'recall': 1.0, 'f1': 1.0}} ACCURACY: 1.0
Generating LoRA 0
****************************************************************************************************

Using internalized LoRAs for generation

****************************************************************************************************
QUESTION: what level is a city and guilds qualification
GOLD ANSWER: ['entry level to level 7']
GENERATED ANSWER: Entry level to level 3. 
{'ROUGE-1': {'precision': 0.8, 'recall': 0.8, 'f1': 0.8000000000000002}, 'ROUGE-2': {'precision': 0.75, 'recall': 0.75, 'f1': 0.75}, 'ROUGE-L': {'precision': 0.8, 'recall': 0.8, 'f1': 0.8000000000000002}} ACCURACY: 0.0
Generating LoRA 0
****************************************************************************************************

Using internalized LoRAs for generation

****************************************************************************************************
QUESTION: who owns the crown plaza hotel in chicago illinois
GOLD ANSWER: ['InterContinental Hotels Group']
GENERATED ANSWER: InterContinental Hotels Group 
{'ROUGE-1': {'precision': 1.0, 'recall': 1.0, 'f1': 1.0}, 'ROUGE-2': {'precision': 1.0, 'recall': 1.0, 'f1': 1.0}, 'ROUGE-L': {'precision': 1.0, 'recall': 1.0, 'f1': 1.0}} ACCURACY: 1.0
Generating LoRA 0
****************************************************************************************************

Using internalized LoRAs for generation

****************************************************************************************************
QUESTION: what is the setting of a dolls house
GOLD ANSWER: ['a Norwegian town circa 1879', 'a Norwegian town']
GENERATED ANSWER: A Norwegian town circa 1879. 
{'ROUGE-1': {'precision': 1.0, 'recall': 1.0, 'f1': 1.0}, 'ROUGE-2': {'precision': 1.0, 'recall': 1.0, 'f1': 1.0}, 'ROUGE-L': {'precision': 1.0, 'recall': 1.0, 'f1': 1.0}} ACCURACY: 1.0
Generating LoRA 0
****************************************************************************************************

Using internalized LoRAs for generation

****************************************************************************************************
QUESTION: who plays the grandmother in game of thrones
GOLD ANSWER: ['Rigg']
GENERATED ANSWER: Lena Headey 
{'ROUGE-1': {'precision': 0.0, 'recall': 0.0, 'f1': 0.0}, 'ROUGE-2': {'precision': 0.0, 'recall': 0.0, 'f1': 0.0}, 'ROUGE-L': {'precision': 0.0, 'recall': 0.0, 'f1': 0.0}} ACCURACY: 0.0
Generating LoRA 0
****************************************************************************************************

Using internalized LoRAs for generation

****************************************************************************************************
QUESTION: who played the king in the ten commandments
GOLD ANSWER: ['Yul Brynner', 'Woodrow Strode']
GENERATED ANSWER: Charlton Heston 
{'ROUGE-1': {'precision': 0.0, 'recall': 0.0, 'f1': 0.0}, 'ROUGE-2': {'precision': 0.0, 'recall': 0.0, 'f1': 0.0}, 'ROUGE-L': {'precision': 0.0, 'recall': 0.0, 'f1': 0.0}} ACCURACY: 0.0
Generating LoRA 0
****************************************************************************************************

Using internalized LoRAs for generation

****************************************************************************************************
QUESTION: who is the original singer of i write sins not tragedies
GOLD ANSWER: ['Panic! at the Disco']
GENERATED ANSWER: Panic! At The Disco 
{'ROUGE-1': {'precision': 1.0, 'recall': 1.0, 'f1': 1.0}, 'ROUGE-2': {'precision': 1.0, 'recall': 1.0, 'f1': 1.0}, 'ROUGE-L': {'precision': 1.0, 'recall': 1.0, 'f1': 1.0}} ACCURACY: 1.0
Generating LoRA 0
****************************************************************************************************

Using internalized LoRAs for generation

****************************************************************************************************
QUESTION: where is the new stadium being built in las vegas
GOLD ANSWER: ['Paradise, Nevada', 'in Paradise, Nevada']
GENERATED ANSWER: West of Mandalay Bay at Russell Avenue and Hacienda Drive, between Polaris Avenue and Dean Martin Drive, just west of Interstate 15. 
{'ROUGE-1': {'precision': 0.0, 'recall': 0.0, 'f1': 0.0}, 'ROUGE-2': {'precision': 0.0, 'recall': 0.0, 'f1': 0.0}, 'ROUGE-L': {'precision': 0.0, 'recall': 0.0, 'f1': 0.0}} ACCURACY: 0.0
Generating LoRA 0
****************************************************************************************************

Using internalized LoRAs for generation

****************************************************************************************************
QUESTION: name of black man in to kill a mockingbird
GOLD ANSWER: ['Thomas "Tom" Robinson', 'Tom Robinson']
GENERATED ANSWER: Tom Robinson 
{'ROUGE-1': {'precision': 1.0, 'recall': 1.0, 'f1': 1.0}, 'ROUGE-2': {'precision': 1.0, 'recall': 1.0, 'f1': 1.0}, 'ROUGE-L': {'precision': 1.0, 'recall': 1.0, 'f1': 1.0}} ACCURACY: 1.0
Generating LoRA 0
****************************************************************************************************

Using internalized LoRAs for generation

****************************************************************************************************
QUESTION: name the tissue type of the inner most layer of cells
GOLD ANSWER: ['Epithelium']
GENERATED ANSWER: Epithelium 
{'ROUGE-1': {'precision': 1.0, 'recall': 1.0, 'f1': 1.0}, 'ROUGE-2': {'precision': 0.0, 'recall': 0.0, 'f1': 0.0}, 'ROUGE-L': {'precision': 1.0, 'recall': 1.0, 'f1': 1.0}} ACCURACY: 1.0
Generating LoRA 0
****************************************************************************************************

Using internalized LoRAs for generation

****************************************************************************************************
QUESTION: what is one of the main goal of the democratic party
GOLD ANSWER: ['social and economic equality', 'economic equality']
GENERATED ANSWER: Social and economic equality. 
{'ROUGE-1': {'precision': 1.0, 'recall': 1.0, 'f1': 1.0}, 'ROUGE-2': {'precision': 1.0, 'recall': 1.0, 'f1': 1.0}, 'ROUGE-L': {'precision': 1.0, 'recall': 1.0, 'f1': 1.0}} ACCURACY: 1.0
Generating LoRA 0
****************************************************************************************************

Using internalized LoRAs for generation

****************************************************************************************************
QUESTION: where was it happened at the world fair filmed
GOLD ANSWER: ['Seattle, Washington', 'The Seattle Center', 'Camarillo, California']
GENERATED ANSWER: Seattle, Washington. 
{'ROUGE-1': {'precision': 1.0, 'recall': 1.0, 'f1': 1.0}, 'ROUGE-2': {'precision': 1.0, 'recall': 1.0, 'f1': 1.0}, 'ROUGE-L': {'precision': 1.0, 'recall': 1.0, 'f1': 1.0}} ACCURACY: 1.0
Generating LoRA 0
****************************************************************************************************

Using internalized LoRAs for generation

****************************************************************************************************
QUESTION: what river flows through charleston west virginia’s capital
GOLD ANSWER: ['Kanawha River', 'the Elk and Kanawha Rivers', 'Kanawha', 'Elk']
GENERATED ANSWER: Kanawha River 
{'ROUGE-1': {'precision': 1.0, 'recall': 1.0, 'f1': 1.0}, 'ROUGE-2': {'precision': 1.0, 'recall': 1.0, 'f1': 1.0}, 'ROUGE-L': {'precision': 1.0, 'recall': 1.0, 'f1': 1.0}} ACCURACY: 1.0
Generating LoRA 0
****************************************************************************************************

Using internalized LoRAs for generation

****************************************************************************************************
QUESTION: where did chocolate originate the americas spain asia
GOLD ANSWER: ['Mesoamerica', 'the Americas', 'Americas']
GENERATED ANSWER: The Americas. 
{'ROUGE-1': {'precision': 1.0, 'recall': 1.0, 'f1': 1.0}, 'ROUGE-2': {'precision': 1.0, 'recall': 1.0, 'f1': 1.0}, 'ROUGE-L': {'precision': 1.0, 'recall': 1.0, 'f1': 1.0}} ACCURACY: 1.0
Generating LoRA 0
****************************************************************************************************

Using internalized LoRAs for generation

****************************************************************************************************
QUESTION: who sings so come and dance with me jai ho
GOLD ANSWER: ['Mahalaxmi Iyer', 'Vijay Prakash', 'Tanvi Shah', 'Sukhvinder Singh']
GENERATED ANSWER: Sukhvinder Singh, Mahalaxmi Iyer, and Vijay Prakash. 
{'ROUGE-1': {'precision': 0.2857142857142857, 'recall': 1.0, 'f1': 0.4444444444444445}, 'ROUGE-2': {'precision': 0.16666666666666666, 'recall': 1.0, 'f1': 0.2857142857142857}, 'ROUGE-L': {'precision': 0.2857142857142857, 'recall': 1.0, 'f1': 0.4444444444444445}} ACCURACY: 0.0
Generating LoRA 0
****************************************************************************************************

Using internalized LoRAs for generation

****************************************************************************************************
QUESTION: the elements in each period have the same number of
GOLD ANSWER: ['electron shells']
GENERATED ANSWER: electrons in the same column. 
{'ROUGE-1': {'precision': 0.0, 'recall': 0.0, 'f1': 0.0}, 'ROUGE-2': {'precision': 0.0, 'recall': 0.0, 'f1': 0.0}, 'ROUGE-L': {'precision': 0.0, 'recall': 0.0, 'f1': 0.0}} ACCURACY: 0.0
Generating LoRA 0
****************************************************************************************************

Using internalized LoRAs for generation

****************************************************************************************************
QUESTION: bible verse taking the lord's name in vain
GOLD ANSWER: ['Exodus 20:7']
GENERATED ANSWER: Exodus 20:7 
{'ROUGE-1': {'precision': 1.0, 'recall': 1.0, 'f1': 1.0}, 'ROUGE-2': {'precision': 1.0, 'recall': 1.0, 'f1': 1.0}, 'ROUGE-L': {'precision': 1.0, 'recall': 1.0, 'f1': 1.0}} ACCURACY: 1.0
Generating LoRA 0
****************************************************************************************************

Using internalized LoRAs for generation

****************************************************************************************************
QUESTION: who has most followers on instagram in world
GOLD ANSWER: ["Instagram's own account", 'Instagram', 'Selena Gomez']
GENERATED ANSWER: Instagram's own account. 
{'ROUGE-1': {'precision': 1.0, 'recall': 1.0, 'f1': 1.0}, 'ROUGE-2': {'precision': 1.0, 'recall': 1.0, 'f1': 1.0}, 'ROUGE-L': {'precision': 1.0, 'recall': 1.0, 'f1': 1.0}} ACCURACY: 1.0
Generating LoRA 0
****************************************************************************************************

Using internalized LoRAs for generation

****************************************************************************************************
QUESTION: of which country is sofia the capital city
GOLD ANSWER: ['Bulgaria']
GENERATED ANSWER: Bulgaria 
{'ROUGE-1': {'precision': 1.0, 'recall': 1.0, 'f1': 1.0}, 'ROUGE-2': {'precision': 0.0, 'recall': 0.0, 'f1': 0.0}, 'ROUGE-L': {'precision': 1.0, 'recall': 1.0, 'f1': 1.0}} ACCURACY: 1.0
Generating LoRA 0
****************************************************************************************************

Using internalized LoRAs for generation

****************************************************************************************************
QUESTION: when does the heart develop and begin pumping blood
GOLD ANSWER: ['by week 4 of development', 'week 4 of development']
GENERATED ANSWER: Week 4 of development. 
{'ROUGE-1': {'precision': 1.0, 'recall': 1.0, 'f1': 1.0}, 'ROUGE-2': {'precision': 1.0, 'recall': 1.0, 'f1': 1.0}, 'ROUGE-L': {'precision': 1.0, 'recall': 1.0, 'f1': 1.0}} ACCURACY: 1.0
Generating LoRA 0
****************************************************************************************************

Using internalized LoRAs for generation

****************************************************************************************************
QUESTION: where is dancing on ice filmed this year
GOLD ANSWER: ['RAF Bovingdon']
GENERATED ANSWER: RAF Bovingdon 
{'ROUGE-1': {'precision': 1.0, 'recall': 1.0, 'f1': 1.0}, 'ROUGE-2': {'precision': 1.0, 'recall': 1.0, 'f1': 1.0}, 'ROUGE-L': {'precision': 1.0, 'recall': 1.0, 'f1': 1.0}} ACCURACY: 1.0
Generating LoRA 0
****************************************************************************************************

Using internalized LoRAs for generation

****************************************************************************************************
QUESTION: where does no game no life anime end
GOLD ANSWER: ['the Elkia Federation', 'the sixth volume']
GENERATED ANSWER: The provided text does not contain the answer to your question. 
{'ROUGE-1': {'precision': 0.09090909090909091, 'recall': 0.3333333333333333, 'f1': 0.14285714285714288}, 'ROUGE-2': {'precision': 0.0, 'recall': 0.0, 'f1': 0.0}, 'ROUGE-L': {'precision': 0.09090909090909091, 'recall': 0.3333333333333333, 'f1': 0.14285714285714288}} ACCURACY: 0.0
Generating LoRA 0
****************************************************************************************************

Using internalized LoRAs for generation

****************************************************************************************************
QUESTION: how much is a 72 oz steak at the big texan
GOLD ANSWER: ['$72']
GENERATED ANSWER: $72.00 
{'ROUGE-1': {'precision': 0.0, 'recall': 0.0, 'f1': 0.0}, 'ROUGE-2': {'precision': 0.0, 'recall': 0.0, 'f1': 0.0}, 'ROUGE-L': {'precision': 0.0, 'recall': 0.0, 'f1': 0.0}} ACCURACY: 0.0
Generating LoRA 0
****************************************************************************************************

Using internalized LoRAs for generation

****************************************************************************************************
QUESTION: who propounded the idea of basic education in india
GOLD ANSWER: ['Mahatma Gandhi']
GENERATED ANSWER: Mahatma Gandhi 
{'ROUGE-1': {'precision': 1.0, 'recall': 1.0, 'f1': 1.0}, 'ROUGE-2': {'precision': 1.0, 'recall': 1.0, 'f1': 1.0}, 'ROUGE-L': {'precision': 1.0, 'recall': 1.0, 'f1': 1.0}} ACCURACY: 1.0
Generating LoRA 0
****************************************************************************************************

Using internalized LoRAs for generation

****************************************************************************************************
QUESTION: when did korn's follow the leader come out
GOLD ANSWER: ['August 18, 1998']
GENERATED ANSWER: August 18, 1998. 
{'ROUGE-1': {'precision': 1.0, 'recall': 1.0, 'f1': 1.0}, 'ROUGE-2': {'precision': 1.0, 'recall': 1.0, 'f1': 1.0}, 'ROUGE-L': {'precision': 1.0, 'recall': 1.0, 'f1': 1.0}} ACCURACY: 1.0
Generating LoRA 0
****************************************************************************************************

Using internalized LoRAs for generation

****************************************************************************************************
QUESTION: when did new york stop using the electric chair
GOLD ANSWER: ['1963', '1972']
GENERATED ANSWER: 1963. 
{'ROUGE-1': {'precision': 1.0, 'recall': 1.0, 'f1': 1.0}, 'ROUGE-2': {'precision': 0.0, 'recall': 0.0, 'f1': 0.0}, 'ROUGE-L': {'precision': 1.0, 'recall': 1.0, 'f1': 1.0}} ACCURACY: 1.0
Generating LoRA 0
****************************************************************************************************

Using internalized LoRAs for generation

****************************************************************************************************
QUESTION: who played tibbs on in the heat of the night
GOLD ANSWER: ['Howard Ellsworth Rollins Jr.']
GENERATED ANSWER: Howard Rollins Jr. 
{'ROUGE-1': {'precision': 1.0, 'recall': 0.75, 'f1': 0.8571428571428571}, 'ROUGE-2': {'precision': 0.5, 'recall': 0.3333333333333333, 'f1': 0.4}, 'ROUGE-L': {'precision': 1.0, 'recall': 0.75, 'f1': 0.8571428571428571}} ACCURACY: 0.0
Generating LoRA 0
****************************************************************************************************

Using internalized LoRAs for generation

****************************************************************************************************
QUESTION: where did they film the book of eli
GOLD ANSWER: ['New Mexico', 'in New Mexico']
GENERATED ANSWER: New Mexico 
{'ROUGE-1': {'precision': 1.0, 'recall': 1.0, 'f1': 1.0}, 'ROUGE-2': {'precision': 1.0, 'recall': 1.0, 'f1': 1.0}, 'ROUGE-L': {'precision': 1.0, 'recall': 1.0, 'f1': 1.0}} ACCURACY: 1.0
Generating LoRA 0
****************************************************************************************************

Using internalized LoRAs for generation

****************************************************************************************************
QUESTION: where are the san juan mountains in new mexico
GOLD ANSWER: ['northwestern New Mexico']
GENERATED ANSWER: The San Juan Mountains are in southwestern Colorado and northwestern New Mexico. 
{'ROUGE-1': {'precision': 0.25, 'recall': 1.0, 'f1': 0.4}, 'ROUGE-2': {'precision': 0.18181818181818182, 'recall': 1.0, 'f1': 0.3076923076923077}, 'ROUGE-L': {'precision': 0.25, 'recall': 1.0, 'f1': 0.4}} ACCURACY: 0.0
Generating LoRA 0
****************************************************************************************************

Using internalized LoRAs for generation

****************************************************************************************************
QUESTION: was star wars a book or a movie first
GOLD ANSWER: ['film']
GENERATED ANSWER: The movie was first. 
{'ROUGE-1': {'precision': 0.0, 'recall': 0.0, 'f1': 0.0}, 'ROUGE-2': {'precision': 0.0, 'recall': 0.0, 'f1': 0.0}, 'ROUGE-L': {'precision': 0.0, 'recall': 0.0, 'f1': 0.0}} ACCURACY: 0.0
Generating LoRA 0
****************************************************************************************************

Using internalized LoRAs for generation

****************************************************************************************************
QUESTION: what was the religion in the virginia colony
GOLD ANSWER: ['Anglican church', 'The Church of England', 'Anglican']
GENERATED ANSWER: Anglican 
{'ROUGE-1': {'precision': 1.0, 'recall': 1.0, 'f1': 1.0}, 'ROUGE-2': {'precision': 0.0, 'recall': 0.0, 'f1': 0.0}, 'ROUGE-L': {'precision': 1.0, 'recall': 1.0, 'f1': 1.0}} ACCURACY: 1.0
Generating LoRA 0
****************************************************************************************************

Using internalized LoRAs for generation

****************************************************************************************************
QUESTION: who is the longest serving manager in manchester united history
GOLD ANSWER: ['Sir Alex Ferguson']
GENERATED ANSWER: Sir Alex Ferguson 
{'ROUGE-1': {'precision': 1.0, 'recall': 1.0, 'f1': 1.0}, 'ROUGE-2': {'precision': 1.0, 'recall': 1.0, 'f1': 1.0}, 'ROUGE-L': {'precision': 1.0, 'recall': 1.0, 'f1': 1.0}} ACCURACY: 1.0
Generating LoRA 0
****************************************************************************************************

Using internalized LoRAs for generation

****************************************************************************************************
QUESTION: when does walking dead season 8 second half start
GOLD ANSWER: ['October 22, 2017', 'February\xa025,\xa02018']
GENERATED ANSWER: April 15, 2018. 
{'ROUGE-1': {'precision': 0.3333333333333333, 'recall': 0.3333333333333333, 'f1': 0.3333333333333333}, 'ROUGE-2': {'precision': 0.0, 'recall': 0.0, 'f1': 0.0}, 'ROUGE-L': {'precision': 0.3333333333333333, 'recall': 0.3333333333333333, 'f1': 0.3333333333333333}} ACCURACY: 0.0
Generating LoRA 0
****************************************************************************************************

Using internalized LoRAs for generation

****************************************************************************************************
QUESTION: where did the ancestors of the domestic goat originate
GOLD ANSWER: ['Iran']
GENERATED ANSWER: Iran 
{'ROUGE-1': {'precision': 1.0, 'recall': 1.0, 'f1': 1.0}, 'ROUGE-2': {'precision': 0.0, 'recall': 0.0, 'f1': 0.0}, 'ROUGE-L': {'precision': 1.0, 'recall': 1.0, 'f1': 1.0}} ACCURACY: 1.0
Generating LoRA 0
****************************************************************************************************

Using internalized LoRAs for generation

****************************************************************************************************
QUESTION: when does the implantation of the embryo occur
GOLD ANSWER: ['around 9 days after ovulation']
GENERATED ANSWER: Around 9 days after ovulation. 
{'ROUGE-1': {'precision': 1.0, 'recall': 1.0, 'f1': 1.0}, 'ROUGE-2': {'precision': 1.0, 'recall': 1.0, 'f1': 1.0}, 'ROUGE-L': {'precision': 1.0, 'recall': 1.0, 'f1': 1.0}} ACCURACY: 1.0
Generating LoRA 0
****************************************************************************************************

Using internalized LoRAs for generation

****************************************************************************************************
QUESTION: where is the world cup being held 2018
GOLD ANSWER: ['Russia']
GENERATED ANSWER: Russia 
{'ROUGE-1': {'precision': 1.0, 'recall': 1.0, 'f1': 1.0}, 'ROUGE-2': {'precision': 0.0, 'recall': 0.0, 'f1': 0.0}, 'ROUGE-L': {'precision': 1.0, 'recall': 1.0, 'f1': 1.0}} ACCURACY: 1.0
Generating LoRA 0
****************************************************************************************************

Using internalized LoRAs for generation

****************************************************************************************************
QUESTION: rizal finished all the chapters of the novel noli me tangere in
GOLD ANSWER: ['December 1886', 'Spanish']
GENERATED ANSWER: The provided text does not contain the answer to the question. 
{'ROUGE-1': {'precision': 0.0, 'recall': 0.0, 'f1': 0.0}, 'ROUGE-2': {'precision': 0.0, 'recall': 0.0, 'f1': 0.0}, 'ROUGE-L': {'precision': 0.0, 'recall': 0.0, 'f1': 0.0}} ACCURACY: 0.0
Generating LoRA 0
****************************************************************************************************

Using internalized LoRAs for generation

****************************************************************************************************
QUESTION: how many dominoes do you need for mexican train
GOLD ANSWER: ['A double-twelve set']
GENERATED ANSWER: 8 
{'ROUGE-1': {'precision': 0.0, 'recall': 0.0, 'f1': 0.0}, 'ROUGE-2': {'precision': 0.0, 'recall': 0.0, 'f1': 0.0}, 'ROUGE-L': {'precision': 0.0, 'recall': 0.0, 'f1': 0.0}} ACCURACY: 0.0
Generating LoRA 0
****************************************************************************************************

Using internalized LoRAs for generation

****************************************************************************************************
QUESTION: who declared war on the united states four days after pearl harbor
GOLD ANSWER: ['Fascist Italy', 'Nazi Germany']
GENERATED ANSWER: Germany and Italy. 
{'ROUGE-1': {'precision': 0.3333333333333333, 'recall': 0.5, 'f1': 0.4}, 'ROUGE-2': {'precision': 0.0, 'recall': 0.0, 'f1': 0.0}, 'ROUGE-L': {'precision': 0.3333333333333333, 'recall': 0.5, 'f1': 0.4}} ACCURACY: 0.0
Generating LoRA 0
****************************************************************************************************

Using internalized LoRAs for generation

****************************************************************************************************
QUESTION: when did red bull come to the united states
GOLD ANSWER: ['1997']
GENERATED ANSWER: 2000. 
{'ROUGE-1': {'precision': 0.0, 'recall': 0.0, 'f1': 0.0}, 'ROUGE-2': {'precision': 0.0, 'recall': 0.0, 'f1': 0.0}, 'ROUGE-L': {'precision': 0.0, 'recall': 0.0, 'f1': 0.0}} ACCURACY: 0.0
Generating LoRA 0
****************************************************************************************************

Using internalized LoRAs for generation

****************************************************************************************************
QUESTION: when was the last time the crows were in the grand final
GOLD ANSWER: ['2017']
GENERATED ANSWER: 1998 
{'ROUGE-1': {'precision': 0.0, 'recall': 0.0, 'f1': 0.0}, 'ROUGE-2': {'precision': 0.0, 'recall': 0.0, 'f1': 0.0}, 'ROUGE-L': {'precision': 0.0, 'recall': 0.0, 'f1': 0.0}} ACCURACY: 0.0
Generating LoRA 0
****************************************************************************************************

Using internalized LoRAs for generation

****************************************************************************************************
QUESTION: what is the scientific name for the calf muscle
GOLD ANSWER: ['gastrocnemius', 'soleus', 'gastrocnemius muscle']
GENERATED ANSWER: The provided text does not contain the answer to the question. 
{'ROUGE-1': {'precision': 0.0, 'recall': 0.0, 'f1': 0.0}, 'ROUGE-2': {'precision': 0.0, 'recall': 0.0, 'f1': 0.0}, 'ROUGE-L': {'precision': 0.0, 'recall': 0.0, 'f1': 0.0}} ACCURACY: 0.0
Generating LoRA 0
****************************************************************************************************

Using internalized LoRAs for generation

****************************************************************************************************
QUESTION: who made the song we are the world
GOLD ANSWER: ['produced by Quincy Jones']
GENERATED ANSWER: Michael Jackson and Lionel Richie 
{'ROUGE-1': {'precision': 0.0, 'recall': 0.0, 'f1': 0.0}, 'ROUGE-2': {'precision': 0.0, 'recall': 0.0, 'f1': 0.0}, 'ROUGE-L': {'precision': 0.0, 'recall': 0.0, 'f1': 0.0}} ACCURACY: 0.0
Generating LoRA 0
****************************************************************************************************

Using internalized LoRAs for generation

****************************************************************************************************
QUESTION: when did the movie napoleon dynamite come out
GOLD ANSWER: ['June\xa011,\xa02004', '2004']
GENERATED ANSWER: January 2004. 
{'ROUGE-1': {'precision': 0.5, 'recall': 1.0, 'f1': 0.6666666666666666}, 'ROUGE-2': {'precision': 0.0, 'recall': 0.0, 'f1': 0.0}, 'ROUGE-L': {'precision': 0.5, 'recall': 1.0, 'f1': 0.6666666666666666}} ACCURACY: 0.0
Generating LoRA 0
****************************************************************************************************

Using internalized LoRAs for generation

****************************************************************************************************
QUESTION: who dies in akame ga kill night raid
GOLD ANSWER: ['Tatsumi']
GENERATED ANSWER: Tatsumi. 
{'ROUGE-1': {'precision': 1.0, 'recall': 1.0, 'f1': 1.0}, 'ROUGE-2': {'precision': 0.0, 'recall': 0.0, 'f1': 0.0}, 'ROUGE-L': {'precision': 1.0, 'recall': 1.0, 'f1': 1.0}} ACCURACY: 1.0
Generating LoRA 0
****************************************************************************************************

Using internalized LoRAs for generation

****************************************************************************************************
QUESTION: when was the biltmore house opened to the public
GOLD ANSWER: ['March 1930']
GENERATED ANSWER: 1930 
{'ROUGE-1': {'precision': 1.0, 'recall': 0.5, 'f1': 0.6666666666666666}, 'ROUGE-2': {'precision': 0.0, 'recall': 0.0, 'f1': 0.0}, 'ROUGE-L': {'precision': 1.0, 'recall': 0.5, 'f1': 0.6666666666666666}} ACCURACY: 0.0
Generating LoRA 0
****************************************************************************************************

Using internalized LoRAs for generation

****************************************************************************************************
QUESTION: when was the last time the dodgers played yankees in the world series
GOLD ANSWER: ['1981']
GENERATED ANSWER: 1981 
{'ROUGE-1': {'precision': 1.0, 'recall': 1.0, 'f1': 1.0}, 'ROUGE-2': {'precision': 0.0, 'recall': 0.0, 'f1': 0.0}, 'ROUGE-L': {'precision': 1.0, 'recall': 1.0, 'f1': 1.0}} ACCURACY: 1.0
Generating LoRA 0
****************************************************************************************************

Using internalized LoRAs for generation

****************************************************************************************************
QUESTION: where will be the next olympics be held
GOLD ANSWER: ['Tokyo']
GENERATED ANSWER: Paris 
{'ROUGE-1': {'precision': 0.0, 'recall': 0.0, 'f1': 0.0}, 'ROUGE-2': {'precision': 0.0, 'recall': 0.0, 'f1': 0.0}, 'ROUGE-L': {'precision': 0.0, 'recall': 0.0, 'f1': 0.0}} ACCURACY: 0.0
Generating LoRA 0
****************************************************************************************************

Using internalized LoRAs for generation

****************************************************************************************************
QUESTION: who is tinker air force base named after
GOLD ANSWER: ['Major General Clarence L. Tinker']
GENERATED ANSWER: Major General Clarence L. Tinker 
{'ROUGE-1': {'precision': 1.0, 'recall': 1.0, 'f1': 1.0}, 'ROUGE-2': {'precision': 1.0, 'recall': 1.0, 'f1': 1.0}, 'ROUGE-L': {'precision': 1.0, 'recall': 1.0, 'f1': 1.0}} ACCURACY: 1.0
Generating LoRA 0
****************************************************************************************************

Using internalized LoRAs for generation

****************************************************************************************************
QUESTION: who's the original singer of help me make it through the night
GOLD ANSWER: ['Kris Kristofferson']
GENERATED ANSWER: Kris Kristofferson 
{'ROUGE-1': {'precision': 1.0, 'recall': 1.0, 'f1': 1.0}, 'ROUGE-2': {'precision': 1.0, 'recall': 1.0, 'f1': 1.0}, 'ROUGE-L': {'precision': 1.0, 'recall': 1.0, 'f1': 1.0}} ACCURACY: 1.0
Generating LoRA 0
****************************************************************************************************

Using internalized LoRAs for generation

****************************************************************************************************
QUESTION: where does the movie mothers day take place
GOLD ANSWER: ['Atlanta', 'Atlanta, Georgia']
GENERATED ANSWER: Atlanta 
{'ROUGE-1': {'precision': 1.0, 'recall': 1.0, 'f1': 1.0}, 'ROUGE-2': {'precision': 0.0, 'recall': 0.0, 'f1': 0.0}, 'ROUGE-L': {'precision': 1.0, 'recall': 1.0, 'f1': 1.0}} ACCURACY: 1.0
Generating LoRA 0
****************************************************************************************************

Using internalized LoRAs for generation

****************************************************************************************************
QUESTION: when did russia join the world economic forum
GOLD ANSWER: ['1997']
GENERATED ANSWER: 2017 
{'ROUGE-1': {'precision': 0.0, 'recall': 0.0, 'f1': 0.0}, 'ROUGE-2': {'precision': 0.0, 'recall': 0.0, 'f1': 0.0}, 'ROUGE-L': {'precision': 0.0, 'recall': 0.0, 'f1': 0.0}} ACCURACY: 0.0
Generating LoRA 0
****************************************************************************************************

Using internalized LoRAs for generation

****************************************************************************************************
QUESTION: where is wind power used most in the united states
GOLD ANSWER: ['Texas', 'the central plains', 'Iowa']
GENERATED ANSWER: Iowa 
{'ROUGE-1': {'precision': 1.0, 'recall': 1.0, 'f1': 1.0}, 'ROUGE-2': {'precision': 0.0, 'recall': 0.0, 'f1': 0.0}, 'ROUGE-L': {'precision': 1.0, 'recall': 1.0, 'f1': 1.0}} ACCURACY: 1.0
Generating LoRA 0
****************************************************************************************************

Using internalized LoRAs for generation

****************************************************************************************************
QUESTION: who sang once upon a dream at the end of maleficent
GOLD ANSWER: ['Lana Del Rey']
GENERATED ANSWER: Lana Del Rey 
{'ROUGE-1': {'precision': 1.0, 'recall': 1.0, 'f1': 1.0}, 'ROUGE-2': {'precision': 1.0, 'recall': 1.0, 'f1': 1.0}, 'ROUGE-L': {'precision': 1.0, 'recall': 1.0, 'f1': 1.0}} ACCURACY: 1.0
Generating LoRA 0
****************************************************************************************************

Using internalized LoRAs for generation

****************************************************************************************************
QUESTION: who played john connor in the original terminator
GOLD ANSWER: ['Michael Edwards', 'Edward Furlong']
GENERATED ANSWER: Michael Edwards 
{'ROUGE-1': {'precision': 1.0, 'recall': 1.0, 'f1': 1.0}, 'ROUGE-2': {'precision': 1.0, 'recall': 1.0, 'f1': 1.0}, 'ROUGE-L': {'precision': 1.0, 'recall': 1.0, 'f1': 1.0}} ACCURACY: 1.0
Generating LoRA 0
****************************************************************************************************

Using internalized LoRAs for generation

****************************************************************************************************
QUESTION: the octet rule states that in chemical compounds atoms tend to have the electron configuration of a
GOLD ANSWER: ['noble gas']
GENERATED ANSWER: noble gas 
{'ROUGE-1': {'precision': 1.0, 'recall': 1.0, 'f1': 1.0}, 'ROUGE-2': {'precision': 1.0, 'recall': 1.0, 'f1': 1.0}, 'ROUGE-L': {'precision': 1.0, 'recall': 1.0, 'f1': 1.0}} ACCURACY: 1.0
Generating LoRA 0
****************************************************************************************************

Using internalized LoRAs for generation

****************************************************************************************************
QUESTION: who was the walker rick killed in the first episode
GOLD ANSWER: ['Addy Miller']
GENERATED ANSWER: A little girl. 
{'ROUGE-1': {'precision': 0.0, 'recall': 0.0, 'f1': 0.0}, 'ROUGE-2': {'precision': 0.0, 'recall': 0.0, 'f1': 0.0}, 'ROUGE-L': {'precision': 0.0, 'recall': 0.0, 'f1': 0.0}} ACCURACY: 0.0
Generating LoRA 0
****************************************************************************************************

Using internalized LoRAs for generation

****************************************************************************************************
QUESTION: who sings the rap in baby by justin bieber
GOLD ANSWER: ['Ludacris']
GENERATED ANSWER: Ludacris 
{'ROUGE-1': {'precision': 1.0, 'recall': 1.0, 'f1': 1.0}, 'ROUGE-2': {'precision': 0.0, 'recall': 0.0, 'f1': 0.0}, 'ROUGE-L': {'precision': 1.0, 'recall': 1.0, 'f1': 1.0}} ACCURACY: 1.0
Generating LoRA 0
****************************************************************************************************

Using internalized LoRAs for generation

****************************************************************************************************
QUESTION: who plays the beast on the new beauty and the beast
GOLD ANSWER: ['Dan Stevens']
GENERATED ANSWER: Dan Stevens 
{'ROUGE-1': {'precision': 1.0, 'recall': 1.0, 'f1': 1.0}, 'ROUGE-2': {'precision': 1.0, 'recall': 1.0, 'f1': 1.0}, 'ROUGE-L': {'precision': 1.0, 'recall': 1.0, 'f1': 1.0}} ACCURACY: 1.0
Generating LoRA 0
****************************************************************************************************

Using internalized LoRAs for generation

****************************************************************************************************
QUESTION: who starred in the film far from the madding crowd
GOLD ANSWER: ['Juno Temple', 'Carey Mulligan', 'Tom Sturridge', 'Matthias Schoenaerts', 'Michael Sheen']
GENERATED ANSWER: Carey Mulligan, Matthias Schoenaerts, Michael Sheen, Tom Sturridge, and Juno Temple. 
{'ROUGE-1': {'precision': 0.18181818181818182, 'recall': 1.0, 'f1': 0.3076923076923077}, 'ROUGE-2': {'precision': 0.1, 'recall': 1.0, 'f1': 0.18181818181818182}, 'ROUGE-L': {'precision': 0.18181818181818182, 'recall': 1.0, 'f1': 0.3076923076923077}} ACCURACY: 0.0
Generating LoRA 0
****************************************************************************************************

Using internalized LoRAs for generation

****************************************************************************************************
QUESTION: jawaharlal nehru centre for advanced scientific research jakkur campus
GOLD ANSWER: ['Jakkur, Bangalore, India']
GENERATED ANSWER: The Jawaharlal Nehru Centre for Advanced Scientific Research (JNCASR) is located at Jakkur, Bangalore, India. 
{'ROUGE-1': {'precision': 0.2, 'recall': 1.0, 'f1': 0.33333333333333337}, 'ROUGE-2': {'precision': 0.14285714285714285, 'recall': 1.0, 'f1': 0.25}, 'ROUGE-L': {'precision': 0.2, 'recall': 1.0, 'f1': 0.33333333333333337}} ACCURACY: 0.0
Generating LoRA 0
****************************************************************************************************

Using internalized LoRAs for generation

****************************************************************************************************
QUESTION: where is arachidonic acid found in the body
GOLD ANSWER: ['brain', 'muscles', 'liver']
GENERATED ANSWER: Phospholipids of the body's cells, especially brain, muscles, and liver. 
{'ROUGE-1': {'precision': 0.1, 'recall': 1.0, 'f1': 0.18181818181818182}, 'ROUGE-2': {'precision': 0.0, 'recall': 0.0, 'f1': 0.0}, 'ROUGE-L': {'precision': 0.1, 'recall': 1.0, 'f1': 0.18181818181818182}} ACCURACY: 0.0
Generating LoRA 0
****************************************************************************************************

Using internalized LoRAs for generation

****************************************************************************************************
QUESTION: who appoints the chair of the federal reserve system
GOLD ANSWER: ['President of the United States']
GENERATED ANSWER: The President of the United States. 
{'ROUGE-1': {'precision': 0.8333333333333334, 'recall': 1.0, 'f1': 0.9090909090909091}, 'ROUGE-2': {'precision': 0.8, 'recall': 1.0, 'f1': 0.888888888888889}, 'ROUGE-L': {'precision': 0.8333333333333334, 'recall': 1.0, 'f1': 0.9090909090909091}} ACCURACY: 1.0
Generating LoRA 0
****************************************************************************************************

Using internalized LoRAs for generation

****************************************************************************************************
QUESTION: who are the australia's got talent judges
GOLD ANSWER: ['Kelly Osbourne', 'Ian Dickson', 'Ian "Dicko" Dickson', 'Eddie Perfect', 'Sophie Monk']
GENERATED ANSWER: Kelly Osbourne, Dannii Minogue, and Eddie Perfect. 
{'ROUGE-1': {'precision': 0.2857142857142857, 'recall': 1.0, 'f1': 0.4444444444444445}, 'ROUGE-2': {'precision': 0.16666666666666666, 'recall': 1.0, 'f1': 0.2857142857142857}, 'ROUGE-L': {'precision': 0.2857142857142857, 'recall': 1.0, 'f1': 0.4444444444444445}} ACCURACY: 0.0
Generating LoRA 0
****************************************************************************************************

Using internalized LoRAs for generation

****************************************************************************************************
QUESTION: when are general elections held in the us
GOLD ANSWER: ['every two to six years']
GENERATED ANSWER: Every two to six years. 
{'ROUGE-1': {'precision': 1.0, 'recall': 1.0, 'f1': 1.0}, 'ROUGE-2': {'precision': 1.0, 'recall': 1.0, 'f1': 1.0}, 'ROUGE-L': {'precision': 1.0, 'recall': 1.0, 'f1': 1.0}} ACCURACY: 1.0
Generating LoRA 0
****************************************************************************************************

Using internalized LoRAs for generation

****************************************************************************************************
QUESTION: who played in the stanley cup finals last year
GOLD ANSWER: ['Nashville Predators', 'Pittsburgh Penguins']
GENERATED ANSWER: Pittsburgh Penguins and Nashville Predators. 
{'ROUGE-1': {'precision': 0.4, 'recall': 1.0, 'f1': 0.5714285714285715}, 'ROUGE-2': {'precision': 0.25, 'recall': 1.0, 'f1': 0.4}, 'ROUGE-L': {'precision': 0.4, 'recall': 1.0, 'f1': 0.5714285714285715}} ACCURACY: 0.0
Generating LoRA 0
****************************************************************************************************

Using internalized LoRAs for generation

****************************************************************************************************
QUESTION: who played the virgin in conan the destroyer
GOLD ANSWER: ["Olivia d'Abo"]
GENERATED ANSWER: Olivia d'Abo 
{'ROUGE-1': {'precision': 1.0, 'recall': 1.0, 'f1': 1.0}, 'ROUGE-2': {'precision': 1.0, 'recall': 1.0, 'f1': 1.0}, 'ROUGE-L': {'precision': 1.0, 'recall': 1.0, 'f1': 1.0}} ACCURACY: 1.0
Generating LoRA 0
****************************************************************************************************

Using internalized LoRAs for generation

****************************************************************************************************
QUESTION: when did sweet caroline start at red sox games
GOLD ANSWER: ['1997', 'at least 1997']
GENERATED ANSWER: Since at least 2013. 
{'ROUGE-1': {'precision': 0.5, 'recall': 0.6666666666666666, 'f1': 0.5714285714285715}, 'ROUGE-2': {'precision': 0.3333333333333333, 'recall': 0.5, 'f1': 0.4}, 'ROUGE-L': {'precision': 0.5, 'recall': 0.6666666666666666, 'f1': 0.5714285714285715}} ACCURACY: 0.0
Generating LoRA 0
****************************************************************************************************

Using internalized LoRAs for generation

****************************************************************************************************
QUESTION: criminal minds what episode does jj find out she pregnant
GOLD ANSWER: ['in April 2011', 'The Crossing']
GENERATED ANSWER: The provided text does not contain the answer to the question. 
{'ROUGE-1': {'precision': 0.09090909090909091, 'recall': 0.5, 'f1': 0.15384615384615385}, 'ROUGE-2': {'precision': 0.0, 'recall': 0.0, 'f1': 0.0}, 'ROUGE-L': {'precision': 0.09090909090909091, 'recall': 0.5, 'f1': 0.15384615384615385}} ACCURACY: 0.0
Generating LoRA 0
****************************************************************************************************

Using internalized LoRAs for generation

****************************************************************************************************
QUESTION: who was the book of philippians written to
GOLD ANSWER: ['the church at Philippi', 'Philippians']
GENERATED ANSWER: The book of Philippians was written to the church at Philippi. 
{'ROUGE-1': {'precision': 0.36363636363636365, 'recall': 1.0, 'f1': 0.5333333333333333}, 'ROUGE-2': {'precision': 0.3, 'recall': 1.0, 'f1': 0.4615384615384615}, 'ROUGE-L': {'precision': 0.36363636363636365, 'recall': 1.0, 'f1': 0.5333333333333333}} ACCURACY: 0.0
Generating LoRA 0
****************************************************************************************************

Using internalized LoRAs for generation

****************************************************************************************************
QUESTION: what is the meaning of the name habib
GOLD ANSWER: ['"beloved"', 'beloved']
GENERATED ANSWER: beloved 
{'ROUGE-1': {'precision': 1.0, 'recall': 1.0, 'f1': 1.0}, 'ROUGE-2': {'precision': 0.0, 'recall': 0.0, 'f1': 0.0}, 'ROUGE-L': {'precision': 1.0, 'recall': 1.0, 'f1': 1.0}} ACCURACY: 1.0
Generating LoRA 0
****************************************************************************************************

Using internalized LoRAs for generation

****************************************************************************************************
QUESTION: who carried florida by 537 votes in 2000
GOLD ANSWER: ['George W. Bush', 'Bush']
GENERATED ANSWER: Bush 
{'ROUGE-1': {'precision': 1.0, 'recall': 1.0, 'f1': 1.0}, 'ROUGE-2': {'precision': 0.0, 'recall': 0.0, 'f1': 0.0}, 'ROUGE-L': {'precision': 1.0, 'recall': 1.0, 'f1': 1.0}} ACCURACY: 1.0
Generating LoRA 0
****************************************************************************************************

Using internalized LoRAs for generation

****************************************************************************************************
QUESTION: where was the movie silver linings playbook filmed
GOLD ANSWER: ['Ridley Park', 'Lansdowne', 'just outside Philadelphia, Pennsylvania', 'Upper Darby']
GENERATED ANSWER: Upper Darby, Ridley Park, and Lansdowne. 
{'ROUGE-1': {'precision': 0.3333333333333333, 'recall': 1.0, 'f1': 0.5}, 'ROUGE-2': {'precision': 0.2, 'recall': 1.0, 'f1': 0.33333333333333337}, 'ROUGE-L': {'precision': 0.3333333333333333, 'recall': 1.0, 'f1': 0.5}} ACCURACY: 0.0
Generating LoRA 0
****************************************************************************************************

Using internalized LoRAs for generation

****************************************************************************************************
QUESTION: who plays the dragon queen from game of thrones
GOLD ANSWER: ['Emilia Clarke']
GENERATED ANSWER: Emilia Clarke 
{'ROUGE-1': {'precision': 1.0, 'recall': 1.0, 'f1': 1.0}, 'ROUGE-2': {'precision': 1.0, 'recall': 1.0, 'f1': 1.0}, 'ROUGE-L': {'precision': 1.0, 'recall': 1.0, 'f1': 1.0}} ACCURACY: 1.0
Generating LoRA 0
****************************************************************************************************

Using internalized LoRAs for generation

****************************************************************************************************
QUESTION: who played mr. kincaid on the partridge family
GOLD ANSWER: ['David Joseph Madden']
GENERATED ANSWER: David Madden 
{'ROUGE-1': {'precision': 1.0, 'recall': 0.6666666666666666, 'f1': 0.8}, 'ROUGE-2': {'precision': 0.0, 'recall': 0.0, 'f1': 0.0}, 'ROUGE-L': {'precision': 1.0, 'recall': 0.6666666666666666, 'f1': 0.8}} ACCURACY: 0.0
Generating LoRA 0
****************************************************************************************************

Using internalized LoRAs for generation

****************************************************************************************************
QUESTION: where did the british empire control an entire continent
GOLD ANSWER: ['Australia']
GENERATED ANSWER: Australia 
{'ROUGE-1': {'precision': 1.0, 'recall': 1.0, 'f1': 1.0}, 'ROUGE-2': {'precision': 0.0, 'recall': 0.0, 'f1': 0.0}, 'ROUGE-L': {'precision': 1.0, 'recall': 1.0, 'f1': 1.0}} ACCURACY: 1.0
Generating LoRA 0
****************************************************************************************************

Using internalized LoRAs for generation

****************************************************************************************************
QUESTION: distinctive characteristics of animals classified as vertebrates include
GOLD ANSWER: ['backbones', 'have a vertebral column']
GENERATED ANSWER: A vertebral column (spine). 
{'ROUGE-1': {'precision': 0.75, 'recall': 0.75, 'f1': 0.75}, 'ROUGE-2': {'precision': 0.6666666666666666, 'recall': 0.6666666666666666, 'f1': 0.6666666666666666}, 'ROUGE-L': {'precision': 0.75, 'recall': 0.75, 'f1': 0.75}} ACCURACY: 0.0
Generating LoRA 0
****************************************************************************************************

Using internalized LoRAs for generation

****************************************************************************************************
QUESTION: when was beowulf most likely composed when did it's events probably take place
GOLD ANSWER: ['in the 7th century', '700–1000 AD']
GENERATED ANSWER: The poem may have been first composed in the 7th century. The events may have taken place in the 7th century. 
{'ROUGE-1': {'precision': 0.19047619047619047, 'recall': 1.0, 'f1': 0.32}, 'ROUGE-2': {'precision': 0.15, 'recall': 1.0, 'f1': 0.2608695652173913}, 'ROUGE-L': {'precision': 0.19047619047619047, 'recall': 1.0, 'f1': 0.32}} ACCURACY: 0.0
Generating LoRA 0
****************************************************************************************************

Using internalized LoRAs for generation

****************************************************************************************************
QUESTION: what are the three fifty shades of grey books
GOLD ANSWER: ['Fifty Shades of Grey', 'Fifty Shades Darker', 'Fifty Shades Freed']
GENERATED ANSWER: Fifty Shades of Grey, Fifty Shades Darker, Fifty Shades Freed. 
{'ROUGE-1': {'precision': 0.4, 'recall': 1.0, 'f1': 0.5714285714285715}, 'ROUGE-2': {'precision': 0.3333333333333333, 'recall': 1.0, 'f1': 0.5}, 'ROUGE-L': {'precision': 0.4, 'recall': 1.0, 'f1': 0.5714285714285715}} ACCURACY: 0.0
Generating LoRA 0
****************************************************************************************************

Using internalized LoRAs for generation

****************************************************************************************************
QUESTION: who wrote the song going to kansas city
GOLD ANSWER: ['Jerry Leiber and Mike Stoller', 'Jerry Leiber', 'Mike Stoller']
GENERATED ANSWER: Jerry Leiber and Mike Stoller 
{'ROUGE-1': {'precision': 1.0, 'recall': 1.0, 'f1': 1.0}, 'ROUGE-2': {'precision': 1.0, 'recall': 1.0, 'f1': 1.0}, 'ROUGE-L': {'precision': 1.0, 'recall': 1.0, 'f1': 1.0}} ACCURACY: 1.0
Generating LoRA 0
****************************************************************************************************

Using internalized LoRAs for generation

****************************************************************************************************
QUESTION: how many pennsylvania house of representatives are there
GOLD ANSWER: ['203', '203 members']
GENERATED ANSWER: 203 
{'ROUGE-1': {'precision': 1.0, 'recall': 1.0, 'f1': 1.0}, 'ROUGE-2': {'precision': 0.0, 'recall': 0.0, 'f1': 0.0}, 'ROUGE-L': {'precision': 1.0, 'recall': 1.0, 'f1': 1.0}} ACCURACY: 1.0
Generating LoRA 0
****************************************************************************************************

Using internalized LoRAs for generation

****************************************************************************************************
QUESTION: who designed the first toy released by nintendo
GOLD ANSWER: ['Gunpei Yokoi', 'Fusajiro Yamauchi']
GENERATED ANSWER: Gunpei Yokoi 
{'ROUGE-1': {'precision': 1.0, 'recall': 1.0, 'f1': 1.0}, 'ROUGE-2': {'precision': 1.0, 'recall': 1.0, 'f1': 1.0}, 'ROUGE-L': {'precision': 1.0, 'recall': 1.0, 'f1': 1.0}} ACCURACY: 1.0
Generating LoRA 0
****************************************************************************************************

Using internalized LoRAs for generation

****************************************************************************************************
QUESTION: when did the nfl start playing in london
GOLD ANSWER: ['since 2007', 'October 28, 2007', '2007']
GENERATED ANSWER: 2007 
{'ROUGE-1': {'precision': 1.0, 'recall': 1.0, 'f1': 1.0}, 'ROUGE-2': {'precision': 0.0, 'recall': 0.0, 'f1': 0.0}, 'ROUGE-L': {'precision': 1.0, 'recall': 1.0, 'f1': 1.0}} ACCURACY: 1.0
Generating LoRA 0
****************************************************************************************************

Using internalized LoRAs for generation

****************************************************************************************************
QUESTION: when did end of the road come out
GOLD ANSWER: ['1992', 'June\xa030,\xa01992']
GENERATED ANSWER: 1992 
{'ROUGE-1': {'precision': 1.0, 'recall': 1.0, 'f1': 1.0}, 'ROUGE-2': {'precision': 0.0, 'recall': 0.0, 'f1': 0.0}, 'ROUGE-L': {'precision': 1.0, 'recall': 1.0, 'f1': 1.0}} ACCURACY: 1.0
Generating LoRA 0
****************************************************************************************************

Using internalized LoRAs for generation

****************************************************************************************************
QUESTION: who are the judges on do you think you can dance
GOLD ANSWER: ['Nigel Lythgoe', 'Mia Michaels', 'Adam Shankman']
GENERATED ANSWER: Nigel Lythgoe, Mia Michaels, and Adam Shankman. 
{'ROUGE-1': {'precision': 0.2857142857142857, 'recall': 1.0, 'f1': 0.4444444444444445}, 'ROUGE-2': {'precision': 0.16666666666666666, 'recall': 1.0, 'f1': 0.2857142857142857}, 'ROUGE-L': {'precision': 0.2857142857142857, 'recall': 1.0, 'f1': 0.4444444444444445}} ACCURACY: 0.0
Generating LoRA 0
****************************************************************************************************

Using internalized LoRAs for generation

****************************************************************************************************
QUESTION: who sang the songs on walk the line
GOLD ANSWER: ['Reese Witherspoon', 'Tyler Hilton', 'Waylon Payne', 'Johnathan Rice', 'Shooter Jennings', 'Joaquin Phoenix']
GENERATED ANSWER: Reese Witherspoon 
{'ROUGE-1': {'precision': 1.0, 'recall': 1.0, 'f1': 1.0}, 'ROUGE-2': {'precision': 1.0, 'recall': 1.0, 'f1': 1.0}, 'ROUGE-L': {'precision': 1.0, 'recall': 1.0, 'f1': 1.0}} ACCURACY: 1.0
Generating LoRA 0
****************************************************************************************************

Using internalized LoRAs for generation

****************************************************************************************************
QUESTION: who was the great wall of china built to defend against
GOLD ANSWER: ['nomads from Inner Asia', 'nomads from Inner Asia.']
GENERATED ANSWER: nomads from Inner Asia. 
{'ROUGE-1': {'precision': 1.0, 'recall': 1.0, 'f1': 1.0}, 'ROUGE-2': {'precision': 1.0, 'recall': 1.0, 'f1': 1.0}, 'ROUGE-L': {'precision': 1.0, 'recall': 1.0, 'f1': 1.0}} ACCURACY: 1.0
Generating LoRA 0
****************************************************************************************************

Using internalized LoRAs for generation

****************************************************************************************************
QUESTION: who played the beast in the movie beauty and the beast
GOLD ANSWER: ['Dan Stevens', 'Adam Mitchell']
GENERATED ANSWER: Dan Stevens 
{'ROUGE-1': {'precision': 1.0, 'recall': 1.0, 'f1': 1.0}, 'ROUGE-2': {'precision': 1.0, 'recall': 1.0, 'f1': 1.0}, 'ROUGE-L': {'precision': 1.0, 'recall': 1.0, 'f1': 1.0}} ACCURACY: 1.0
Generating LoRA 0
****************************************************************************************************

Using internalized LoRAs for generation

****************************************************************************************************
QUESTION: what features of muscle contraction can be determined from an emg (electromyogram)
GOLD ANSWER: ['electric potential generated']
GENERATED ANSWER: The signals can be analyzed to detect medical abnormalities, activation level, or recruitment order, or to analyze the biomechanics of human or animal movement. 
{'ROUGE-1': {'precision': 0.0, 'recall': 0.0, 'f1': 0.0}, 'ROUGE-2': {'precision': 0.0, 'recall': 0.0, 'f1': 0.0}, 'ROUGE-L': {'precision': 0.0, 'recall': 0.0, 'f1': 0.0}} ACCURACY: 0.0
Generating LoRA 0
****************************************************************************************************

Using internalized LoRAs for generation

****************************************************************************************************
QUESTION: when did day light savings start in the us
GOLD ANSWER: ['March 31, 1918', '1918', 'March 19, 1918', 'March\xa011']
GENERATED ANSWER: World War II. 
{'ROUGE-1': {'precision': 0.0, 'recall': 0.0, 'f1': 0.0}, 'ROUGE-2': {'precision': 0.0, 'recall': 0.0, 'f1': 0.0}, 'ROUGE-L': {'precision': 0.0, 'recall': 0.0, 'f1': 0.0}} ACCURACY: 0.0
Generating LoRA 0
****************************************************************************************************

Using internalized LoRAs for generation

****************************************************************************************************
QUESTION: what is don quixote's horse's name
GOLD ANSWER: ['Rocinante']
GENERATED ANSWER: Rocinante 
{'ROUGE-1': {'precision': 1.0, 'recall': 1.0, 'f1': 1.0}, 'ROUGE-2': {'precision': 0.0, 'recall': 0.0, 'f1': 0.0}, 'ROUGE-L': {'precision': 1.0, 'recall': 1.0, 'f1': 1.0}} ACCURACY: 1.0
Generating LoRA 0
****************************************************************************************************

Using internalized LoRAs for generation

****************************************************************************************************
QUESTION: what is the population of fayetteville north carolina
GOLD ANSWER: ['204,408 in 2013']
GENERATED ANSWER: 200,568 
{'ROUGE-1': {'precision': 0.0, 'recall': 0.0, 'f1': 0.0}, 'ROUGE-2': {'precision': 0.0, 'recall': 0.0, 'f1': 0.0}, 'ROUGE-L': {'precision': 0.0, 'recall': 0.0, 'f1': 0.0}} ACCURACY: 0.0
Generating LoRA 0
****************************************************************************************************

Using internalized LoRAs for generation

****************************************************************************************************
QUESTION: what is the purpose of the bromophenol blue dye in the samples
GOLD ANSWER: ['as a pH indicator', 'a dye', 'a color marker', 'a pH indicator']
GENERATED ANSWER: To act as a pH indicator. 
{'ROUGE-1': {'precision': 0.6666666666666666, 'recall': 1.0, 'f1': 0.8}, 'ROUGE-2': {'precision': 0.6, 'recall': 1.0, 'f1': 0.7499999999999999}, 'ROUGE-L': {'precision': 0.6666666666666666, 'recall': 1.0, 'f1': 0.8}} ACCURACY: 0.0
Generating LoRA 0
****************************************************************************************************

Using internalized LoRAs for generation

****************************************************************************************************
QUESTION: who plays zoey in i love you man
GOLD ANSWER: ['Rashida Jones']
GENERATED ANSWER: Rashida Jones 
{'ROUGE-1': {'precision': 1.0, 'recall': 1.0, 'f1': 1.0}, 'ROUGE-2': {'precision': 1.0, 'recall': 1.0, 'f1': 1.0}, 'ROUGE-L': {'precision': 1.0, 'recall': 1.0, 'f1': 1.0}} ACCURACY: 1.0
Generating LoRA 0
****************************************************************************************************

Using internalized LoRAs for generation

****************************************************************************************************
QUESTION: what is mercy mercy me by marvin gaye about
GOLD ANSWER: ['sorrow regarding the environment', 'the environment']
GENERATED ANSWER: The song is about the pain of loss and the search for meaning in the face of hardship. 
{'ROUGE-1': {'precision': 0.05555555555555555, 'recall': 0.5, 'f1': 0.09999999999999999}, 'ROUGE-2': {'precision': 0.0, 'recall': 0.0, 'f1': 0.0}, 'ROUGE-L': {'precision': 0.05555555555555555, 'recall': 0.5, 'f1': 0.09999999999999999}} ACCURACY: 0.0
Generating LoRA 0
****************************************************************************************************

Using internalized LoRAs for generation

****************************************************************************************************
QUESTION: when was the cat and mouse act introduced
GOLD ANSWER: ['1913']
GENERATED ANSWER: 1913 
{'ROUGE-1': {'precision': 1.0, 'recall': 1.0, 'f1': 1.0}, 'ROUGE-2': {'precision': 0.0, 'recall': 0.0, 'f1': 0.0}, 'ROUGE-L': {'precision': 1.0, 'recall': 1.0, 'f1': 1.0}} ACCURACY: 1.0
Generating LoRA 0
****************************************************************************************************

Using internalized LoRAs for generation

****************************************************************************************************
QUESTION: when does season 18 of law and order svu start
GOLD ANSWER: ['September 21, 2016']
GENERATED ANSWER: Wednesday, September 21, 2016. 
{'ROUGE-1': {'precision': 0.75, 'recall': 1.0, 'f1': 0.8571428571428571}, 'ROUGE-2': {'precision': 0.6666666666666666, 'recall': 1.0, 'f1': 0.8}, 'ROUGE-L': {'precision': 0.75, 'recall': 1.0, 'f1': 0.8571428571428571}} ACCURACY: 0.0
Generating LoRA 0
****************************************************************************************************

Using internalized LoRAs for generation

****************************************************************************************************
QUESTION: when did lord howe island became a world heritage site
GOLD ANSWER: ['in 1982', '1982']
GENERATED ANSWER: 1982 
{'ROUGE-1': {'precision': 1.0, 'recall': 1.0, 'f1': 1.0}, 'ROUGE-2': {'precision': 0.0, 'recall': 0.0, 'f1': 0.0}, 'ROUGE-L': {'precision': 1.0, 'recall': 1.0, 'f1': 1.0}} ACCURACY: 1.0
Generating LoRA 0
****************************************************************************************************

Using internalized LoRAs for generation

****************************************************************************************************
QUESTION: where did they live in sex and the city
GOLD ANSWER: ['New York City']
GENERATED ANSWER: New York City 
{'ROUGE-1': {'precision': 1.0, 'recall': 1.0, 'f1': 1.0}, 'ROUGE-2': {'precision': 1.0, 'recall': 1.0, 'f1': 1.0}, 'ROUGE-L': {'precision': 1.0, 'recall': 1.0, 'f1': 1.0}} ACCURACY: 1.0
Generating LoRA 0
****************************************************************************************************

Using internalized LoRAs for generation

****************************************************************************************************
QUESTION: when does the new saw 8 come out
GOLD ANSWER: ['October 27, 2017']
GENERATED ANSWER: November 2017. 
{'ROUGE-1': {'precision': 0.5, 'recall': 0.3333333333333333, 'f1': 0.4}, 'ROUGE-2': {'precision': 0.0, 'recall': 0.0, 'f1': 0.0}, 'ROUGE-L': {'precision': 0.5, 'recall': 0.3333333333333333, 'f1': 0.4}} ACCURACY: 0.0
Generating LoRA 0
****************************************************************************************************

Using internalized LoRAs for generation

****************************************************************************************************
QUESTION: who won the 2017 women's wimbledon final
GOLD ANSWER: ['Garbiñe Muguruza']
GENERATED ANSWER: Garbiñe Muguruza 
{'ROUGE-1': {'precision': 1.0, 'recall': 1.0, 'f1': 1.0}, 'ROUGE-2': {'precision': 1.0, 'recall': 1.0, 'f1': 1.0}, 'ROUGE-L': {'precision': 1.0, 'recall': 1.0, 'f1': 1.0}} ACCURACY: 1.0
Generating LoRA 0
****************************************************************************************************

Using internalized LoRAs for generation

****************************************************************************************************
QUESTION: the most common form of megalithic architecture in europe is
GOLD ANSWER: ['the portal tomb', 'portal tomb']
GENERATED ANSWER: Portal tomb 
{'ROUGE-1': {'precision': 1.0, 'recall': 1.0, 'f1': 1.0}, 'ROUGE-2': {'precision': 1.0, 'recall': 1.0, 'f1': 1.0}, 'ROUGE-L': {'precision': 1.0, 'recall': 1.0, 'f1': 1.0}} ACCURACY: 1.0
Generating LoRA 0
****************************************************************************************************

Using internalized LoRAs for generation

****************************************************************************************************
QUESTION: where is hallmark channel home and family filmed
GOLD ANSWER: ['Los Angeles, California']
GENERATED ANSWER: Los Angeles, California. 
{'ROUGE-1': {'precision': 1.0, 'recall': 1.0, 'f1': 1.0}, 'ROUGE-2': {'precision': 1.0, 'recall': 1.0, 'f1': 1.0}, 'ROUGE-L': {'precision': 1.0, 'recall': 1.0, 'f1': 1.0}} ACCURACY: 1.0
Generating LoRA 0
****************************************************************************************************

Using internalized LoRAs for generation

****************************************************************************************************
QUESTION: number of degree of freedom for plane mechanism
GOLD ANSWER: ['six', 'two']
GENERATED ANSWER: 6 
{'ROUGE-1': {'precision': 0.0, 'recall': 0.0, 'f1': 0.0}, 'ROUGE-2': {'precision': 0.0, 'recall': 0.0, 'f1': 0.0}, 'ROUGE-L': {'precision': 0.0, 'recall': 0.0, 'f1': 0.0}} ACCURACY: 0.0
Generating LoRA 0
****************************************************************************************************

Using internalized LoRAs for generation

****************************************************************************************************
QUESTION: who plays dusty in the movie pure country
GOLD ANSWER: ['George Strait']
GENERATED ANSWER: George Strait 
{'ROUGE-1': {'precision': 1.0, 'recall': 1.0, 'f1': 1.0}, 'ROUGE-2': {'precision': 1.0, 'recall': 1.0, 'f1': 1.0}, 'ROUGE-L': {'precision': 1.0, 'recall': 1.0, 'f1': 1.0}} ACCURACY: 1.0
Generating LoRA 0
****************************************************************************************************

Using internalized LoRAs for generation

****************************************************************************************************
QUESTION: when did the passion of the christ come out
GOLD ANSWER: ['February 25, 2004', 'February\xa025,\xa02004', '2004']
GENERATED ANSWER: 2004 
{'ROUGE-1': {'precision': 1.0, 'recall': 1.0, 'f1': 1.0}, 'ROUGE-2': {'precision': 0.0, 'recall': 0.0, 'f1': 0.0}, 'ROUGE-L': {'precision': 1.0, 'recall': 1.0, 'f1': 1.0}} ACCURACY: 1.0
Generating LoRA 0
****************************************************************************************************

Using internalized LoRAs for generation

****************************************************************************************************
QUESTION: how many nfl teams has st louis had
GOLD ANSWER: ['four']
GENERATED ANSWER: Four. 
{'ROUGE-1': {'precision': 1.0, 'recall': 1.0, 'f1': 1.0}, 'ROUGE-2': {'precision': 0.0, 'recall': 0.0, 'f1': 0.0}, 'ROUGE-L': {'precision': 1.0, 'recall': 1.0, 'f1': 1.0}} ACCURACY: 1.0
Generating LoRA 0
****************************************************************************************************

Using internalized LoRAs for generation

****************************************************************************************************
QUESTION: how many players in football hall of fame
GOLD ANSWER: ['318', '318 individuals']
GENERATED ANSWER: 318 
{'ROUGE-1': {'precision': 1.0, 'recall': 1.0, 'f1': 1.0}, 'ROUGE-2': {'precision': 0.0, 'recall': 0.0, 'f1': 0.0}, 'ROUGE-L': {'precision': 1.0, 'recall': 1.0, 'f1': 1.0}} ACCURACY: 1.0
Generating LoRA 0
****************************************************************************************************

Using internalized LoRAs for generation

****************************************************************************************************
QUESTION: who missed the plane the day the music died
GOLD ANSWER: ['Tommy Allsup', 'Waylon Jennings']
GENERATED ANSWER: Valens 
{'ROUGE-1': {'precision': 0.0, 'recall': 0.0, 'f1': 0.0}, 'ROUGE-2': {'precision': 0.0, 'recall': 0.0, 'f1': 0.0}, 'ROUGE-L': {'precision': 0.0, 'recall': 0.0, 'f1': 0.0}} ACCURACY: 0.0
Generating LoRA 0
****************************************************************************************************

Using internalized LoRAs for generation

****************************************************************************************************
QUESTION: where does the river irk start and finish
GOLD ANSWER: ['east of Royton', 'the east of Royton']
GENERATED ANSWER: Royton and ends in Manchester city centre. 
{'ROUGE-1': {'precision': 0.14285714285714285, 'recall': 0.3333333333333333, 'f1': 0.2}, 'ROUGE-2': {'precision': 0.0, 'recall': 0.0, 'f1': 0.0}, 'ROUGE-L': {'precision': 0.14285714285714285, 'recall': 0.3333333333333333, 'f1': 0.2}} ACCURACY: 0.0
Generating LoRA 0
****************************************************************************************************

Using internalized LoRAs for generation

****************************************************************************************************
QUESTION: where was the movie a walk among the tombstones filmed
GOLD ANSWER: ['New York City']
GENERATED ANSWER: New York City 
{'ROUGE-1': {'precision': 1.0, 'recall': 1.0, 'f1': 1.0}, 'ROUGE-2': {'precision': 1.0, 'recall': 1.0, 'f1': 1.0}, 'ROUGE-L': {'precision': 1.0, 'recall': 1.0, 'f1': 1.0}} ACCURACY: 1.0
Generating LoRA 0
****************************************************************************************************

Using internalized LoRAs for generation

****************************************************************************************************
QUESTION: what dynasty completed the great wall of china
GOLD ANSWER: ['Qin', 'Ming dynasty', 'Qing']
GENERATED ANSWER: The Ming dynasty. 
{'ROUGE-1': {'precision': 0.6666666666666666, 'recall': 1.0, 'f1': 0.8}, 'ROUGE-2': {'precision': 0.5, 'recall': 1.0, 'f1': 0.6666666666666666}, 'ROUGE-L': {'precision': 0.6666666666666666, 'recall': 1.0, 'f1': 0.8}} ACCURACY: 0.0
Generating LoRA 0
****************************************************************************************************

Using internalized LoRAs for generation

****************************************************************************************************
QUESTION: who gave a speech to the democratic national convention in 1984
GOLD ANSWER: ['Mario Cuomo', 'Jesse Jackson', 'Rev. Jesse Jackson', 'New York Governor Mario Cuomo', 'Senator Gary Hart', 'Gary Hart']
GENERATED ANSWER: Mario Cuomo 
{'ROUGE-1': {'precision': 1.0, 'recall': 1.0, 'f1': 1.0}, 'ROUGE-2': {'precision': 1.0, 'recall': 1.0, 'f1': 1.0}, 'ROUGE-L': {'precision': 1.0, 'recall': 1.0, 'f1': 1.0}} ACCURACY: 1.0
Generating LoRA 0
****************************************************************************************************

Using internalized LoRAs for generation

****************************************************************************************************
QUESTION: who won women's singles us open 2017
GOLD ANSWER: ['Sloane Stephens']
GENERATED ANSWER: Sloane Stephens 
{'ROUGE-1': {'precision': 1.0, 'recall': 1.0, 'f1': 1.0}, 'ROUGE-2': {'precision': 1.0, 'recall': 1.0, 'f1': 1.0}, 'ROUGE-L': {'precision': 1.0, 'recall': 1.0, 'f1': 1.0}} ACCURACY: 1.0
Generating LoRA 0
****************************************************************************************************

Using internalized LoRAs for generation

****************************************************************************************************
QUESTION: what nfl team has the most expensive super bowl ring
GOLD ANSWER: ['the New England Patriots', 'New England Patriots']
GENERATED ANSWER: The provided text does not contain the answer to the question. 
{'ROUGE-1': {'precision': 0.09090909090909091, 'recall': 0.25, 'f1': 0.13333333333333333}, 'ROUGE-2': {'precision': 0.0, 'recall': 0.0, 'f1': 0.0}, 'ROUGE-L': {'precision': 0.09090909090909091, 'recall': 0.25, 'f1': 0.13333333333333333}} ACCURACY: 0.0
Generating LoRA 0
****************************************************************************************************

Using internalized LoRAs for generation

****************************************************************************************************
QUESTION: who is the owner of phoenix mall in chennai
GOLD ANSWER: ['Sharyans Resources', 'Phoenix Mills Limited']
GENERATED ANSWER: Phoenix Mills Limited 
{'ROUGE-1': {'precision': 1.0, 'recall': 1.0, 'f1': 1.0}, 'ROUGE-2': {'precision': 1.0, 'recall': 1.0, 'f1': 1.0}, 'ROUGE-L': {'precision': 1.0, 'recall': 1.0, 'f1': 1.0}} ACCURACY: 1.0
Generating LoRA 0
****************************************************************************************************

Using internalized LoRAs for generation

****************************************************************************************************
QUESTION: when did the usa join world war one
GOLD ANSWER: ['April 1917', 'April 6, 1917', 'in April 1917']
GENERATED ANSWER: April 1917. 
{'ROUGE-1': {'precision': 1.0, 'recall': 1.0, 'f1': 1.0}, 'ROUGE-2': {'precision': 1.0, 'recall': 1.0, 'f1': 1.0}, 'ROUGE-L': {'precision': 1.0, 'recall': 1.0, 'f1': 1.0}} ACCURACY: 1.0
Generating LoRA 0
****************************************************************************************************

Using internalized LoRAs for generation

****************************************************************************************************
QUESTION: where does the red badge of courage take place
GOLD ANSWER: ['the field of battle']
GENERATED ANSWER: The American Civil War. 
{'ROUGE-1': {'precision': 0.25, 'recall': 0.25, 'f1': 0.25}, 'ROUGE-2': {'precision': 0.0, 'recall': 0.0, 'f1': 0.0}, 'ROUGE-L': {'precision': 0.25, 'recall': 0.25, 'f1': 0.25}} ACCURACY: 0.0
Generating LoRA 0
****************************************************************************************************

Using internalized LoRAs for generation

****************************************************************************************************
QUESTION: who sings don't take your guns to town
GOLD ANSWER: ['U2', 'Johnny Cash']
GENERATED ANSWER: Johnny Cash 
{'ROUGE-1': {'precision': 1.0, 'recall': 1.0, 'f1': 1.0}, 'ROUGE-2': {'precision': 1.0, 'recall': 1.0, 'f1': 1.0}, 'ROUGE-L': {'precision': 1.0, 'recall': 1.0, 'f1': 1.0}} ACCURACY: 1.0
Generating LoRA 0
****************************************************************************************************

Using internalized LoRAs for generation

****************************************************************************************************
QUESTION: who is the young man in hawthorne's my kinsman major molineux
GOLD ANSWER: ['Robin', 'Robin, a youth']
GENERATED ANSWER: The young man is a man with a face like a devil. 
{'ROUGE-1': {'precision': 0.08333333333333333, 'recall': 0.3333333333333333, 'f1': 0.13333333333333333}, 'ROUGE-2': {'precision': 0.0, 'recall': 0.0, 'f1': 0.0}, 'ROUGE-L': {'precision': 0.08333333333333333, 'recall': 0.3333333333333333, 'f1': 0.13333333333333333}} ACCURACY: 0.0
Generating LoRA 0
****************************************************************************************************

Using internalized LoRAs for generation

****************************************************************************************************
QUESTION: when did the nba create the 3 point line
GOLD ANSWER: ['the 1979–80 season', '1979–80 season']
GENERATED ANSWER: The NBA created the 3-point line in 1979–80. 
{'ROUGE-1': {'precision': 0.25, 'recall': 0.6666666666666666, 'f1': 0.36363636363636365}, 'ROUGE-2': {'precision': 0.0, 'recall': 0.0, 'f1': 0.0}, 'ROUGE-L': {'precision': 0.25, 'recall': 0.6666666666666666, 'f1': 0.36363636363636365}} ACCURACY: 0.0
Generating LoRA 0
****************************************************************************************************

Using internalized LoRAs for generation

****************************************************************************************************
QUESTION: what theater number was the aurora shooting in
GOLD ANSWER: ['9', 'Theater 9']
GENERATED ANSWER: Theater 9 
{'ROUGE-1': {'precision': 1.0, 'recall': 1.0, 'f1': 1.0}, 'ROUGE-2': {'precision': 1.0, 'recall': 1.0, 'f1': 1.0}, 'ROUGE-L': {'precision': 1.0, 'recall': 1.0, 'f1': 1.0}} ACCURACY: 1.0
Generating LoRA 0
****************************************************************************************************

Using internalized LoRAs for generation

****************************************************************************************************
QUESTION: who played ben stone son on law and order
GOLD ANSWER: ['Michael Moriarty']
GENERATED ANSWER: Michael Moriarty 
{'ROUGE-1': {'precision': 1.0, 'recall': 1.0, 'f1': 1.0}, 'ROUGE-2': {'precision': 1.0, 'recall': 1.0, 'f1': 1.0}, 'ROUGE-L': {'precision': 1.0, 'recall': 1.0, 'f1': 1.0}} ACCURACY: 1.0
Generating LoRA 0
****************************************************************************************************

Using internalized LoRAs for generation

****************************************************************************************************
QUESTION: who sang the them song for as told by ginger
GOLD ANSWER: ['Melissa Disney', 'R&B artist Macy Gray', 'Macy Gray', 'Cree Summer']
GENERATED ANSWER: Cree Summer 
{'ROUGE-1': {'precision': 1.0, 'recall': 1.0, 'f1': 1.0}, 'ROUGE-2': {'precision': 1.0, 'recall': 1.0, 'f1': 1.0}, 'ROUGE-L': {'precision': 1.0, 'recall': 1.0, 'f1': 1.0}} ACCURACY: 1.0
Generating LoRA 0
****************************************************************************************************

Using internalized LoRAs for generation

****************************************************************************************************
QUESTION: where is dia de los muertos celebrated in mexico
GOLD ANSWER: ['the Central and South regions', 'October 31']
GENERATED ANSWER: Throughout Mexico, especially in the Central and South regions. 
{'ROUGE-1': {'precision': 0.5555555555555556, 'recall': 1.0, 'f1': 0.7142857142857143}, 'ROUGE-2': {'precision': 0.5, 'recall': 1.0, 'f1': 0.6666666666666666}, 'ROUGE-L': {'precision': 0.5555555555555556, 'recall': 1.0, 'f1': 0.7142857142857143}} ACCURACY: 0.0
Generating LoRA 0
****************************************************************************************************

Using internalized LoRAs for generation

****************************************************************************************************
QUESTION: how many farmers are there in the usa
GOLD ANSWER: ['3.2 million']
GENERATED ANSWER: 3.1 million 
{'ROUGE-1': {'precision': 0.5, 'recall': 0.5, 'f1': 0.5}, 'ROUGE-2': {'precision': 0.0, 'recall': 0.0, 'f1': 0.0}, 'ROUGE-L': {'precision': 0.5, 'recall': 0.5, 'f1': 0.5}} ACCURACY: 0.0
Generating LoRA 0
****************************************************************************************************

Using internalized LoRAs for generation

****************************************************************************************************
QUESTION: who wrote the country song i can only imagine
GOLD ANSWER: ['Bart Millard']
GENERATED ANSWER: Bart Millard 
{'ROUGE-1': {'precision': 1.0, 'recall': 1.0, 'f1': 1.0}, 'ROUGE-2': {'precision': 1.0, 'recall': 1.0, 'f1': 1.0}, 'ROUGE-L': {'precision': 1.0, 'recall': 1.0, 'f1': 1.0}} ACCURACY: 1.0
Generating LoRA 0
****************************************************************************************************

Using internalized LoRAs for generation

****************************************************************************************************
QUESTION: when did university stop being free in australia
GOLD ANSWER: ['1989']
GENERATED ANSWER: 1989. 
{'ROUGE-1': {'precision': 1.0, 'recall': 1.0, 'f1': 1.0}, 'ROUGE-2': {'precision': 0.0, 'recall': 0.0, 'f1': 0.0}, 'ROUGE-L': {'precision': 1.0, 'recall': 1.0, 'f1': 1.0}} ACCURACY: 1.0
Generating LoRA 0
****************************************************************************************************

Using internalized LoRAs for generation

****************************************************************************************************
QUESTION: the first line of http request message is called ____
GOLD ANSWER: ['A request line', 'A status line', 'the status line', 'status line']
GENERATED ANSWER: Status line 
{'ROUGE-1': {'precision': 1.0, 'recall': 1.0, 'f1': 1.0}, 'ROUGE-2': {'precision': 1.0, 'recall': 1.0, 'f1': 1.0}, 'ROUGE-L': {'precision': 1.0, 'recall': 1.0, 'f1': 1.0}} ACCURACY: 1.0
Generating LoRA 0
****************************************************************************************************

Using internalized LoRAs for generation

****************************************************************************************************
QUESTION: who is the supreme justice of the supreme court
GOLD ANSWER: ['John Roberts']
GENERATED ANSWER: John Roberts 
{'ROUGE-1': {'precision': 1.0, 'recall': 1.0, 'f1': 1.0}, 'ROUGE-2': {'precision': 1.0, 'recall': 1.0, 'f1': 1.0}, 'ROUGE-L': {'precision': 1.0, 'recall': 1.0, 'f1': 1.0}} ACCURACY: 1.0
Generating LoRA 0
****************************************************************************************************

Using internalized LoRAs for generation

****************************************************************************************************
QUESTION: who wrote i want to dance with somebody by whitney houston
GOLD ANSWER: ['George Merrill', 'Shannon Rubicam', 'George Merrill and Shannon Rubicam']
GENERATED ANSWER: The band New Order wrote "I Want to Dance with Somebody". 
{'ROUGE-1': {'precision': 0.0, 'recall': 0.0, 'f1': 0.0}, 'ROUGE-2': {'precision': 0.0, 'recall': 0.0, 'f1': 0.0}, 'ROUGE-L': {'precision': 0.0, 'recall': 0.0, 'f1': 0.0}} ACCURACY: 0.0
Generating LoRA 0
****************************************************************************************************

Using internalized LoRAs for generation

****************************************************************************************************
QUESTION: the fellowship of the ring director's cut length
GOLD ANSWER: ['228 minutes']
GENERATED ANSWER: 228 minutes 
{'ROUGE-1': {'precision': 1.0, 'recall': 1.0, 'f1': 1.0}, 'ROUGE-2': {'precision': 1.0, 'recall': 1.0, 'f1': 1.0}, 'ROUGE-L': {'precision': 1.0, 'recall': 1.0, 'f1': 1.0}} ACCURACY: 1.0
Generating LoRA 0
****************************************************************************************************

Using internalized LoRAs for generation

****************************************************************************************************
QUESTION: what song is played while raising the american flag
GOLD ANSWER: ['Reveille', '"Reveille"']
GENERATED ANSWER: "The Star Spangled Banner" 
{'ROUGE-1': {'precision': 0.0, 'recall': 0.0, 'f1': 0.0}, 'ROUGE-2': {'precision': 0.0, 'recall': 0.0, 'f1': 0.0}, 'ROUGE-L': {'precision': 0.0, 'recall': 0.0, 'f1': 0.0}} ACCURACY: 0.0
Generating LoRA 0
****************************************************************************************************

Using internalized LoRAs for generation

****************************************************************************************************
QUESTION: during which season does cape town receive rainfall
GOLD ANSWER: ['winter', 'summer']
GENERATED ANSWER: Winter. 
{'ROUGE-1': {'precision': 1.0, 'recall': 1.0, 'f1': 1.0}, 'ROUGE-2': {'precision': 0.0, 'recall': 0.0, 'f1': 0.0}, 'ROUGE-L': {'precision': 1.0, 'recall': 1.0, 'f1': 1.0}} ACCURACY: 1.0
Generating LoRA 0
****************************************************************************************************

Using internalized LoRAs for generation

****************************************************************************************************
QUESTION: when did the dust bowl end in oklahoma
GOLD ANSWER: ['1940']
GENERATED ANSWER: 1940–1946 
{'ROUGE-1': {'precision': 0.0, 'recall': 0.0, 'f1': 0.0}, 'ROUGE-2': {'precision': 0.0, 'recall': 0.0, 'f1': 0.0}, 'ROUGE-L': {'precision': 0.0, 'recall': 0.0, 'f1': 0.0}} ACCURACY: 0.0
Generating LoRA 0
****************************************************************************************************

Using internalized LoRAs for generation

****************************************************************************************************
QUESTION: who sang i ran all the way home
GOLD ANSWER: ['The Impalas']
GENERATED ANSWER: The Impalas. 
{'ROUGE-1': {'precision': 1.0, 'recall': 1.0, 'f1': 1.0}, 'ROUGE-2': {'precision': 1.0, 'recall': 1.0, 'f1': 1.0}, 'ROUGE-L': {'precision': 1.0, 'recall': 1.0, 'f1': 1.0}} ACCURACY: 1.0
Generating LoRA 0
****************************************************************************************************

Using internalized LoRAs for generation

****************************************************************************************************
QUESTION: what is the population of keystone heights florida
GOLD ANSWER: ['1,350', '1,461']
GENERATED ANSWER: 1,350 
{'ROUGE-1': {'precision': 1.0, 'recall': 1.0, 'f1': 1.0}, 'ROUGE-2': {'precision': 0.0, 'recall': 0.0, 'f1': 0.0}, 'ROUGE-L': {'precision': 1.0, 'recall': 1.0, 'f1': 1.0}} ACCURACY: 1.0
Generating LoRA 0
****************************************************************************************************

Using internalized LoRAs for generation

****************************************************************************************************
QUESTION: who sang i dig rock and roll music
GOLD ANSWER: ['Peter, Paul and Mary']
GENERATED ANSWER: Peter, Paul and Mary 
{'ROUGE-1': {'precision': 1.0, 'recall': 1.0, 'f1': 1.0}, 'ROUGE-2': {'precision': 1.0, 'recall': 1.0, 'f1': 1.0}, 'ROUGE-L': {'precision': 1.0, 'recall': 1.0, 'f1': 1.0}} ACCURACY: 1.0
Generating LoRA 0
****************************************************************************************************

Using internalized LoRAs for generation

****************************************************************************************************
QUESTION: the victim was asking for it is an example of a
GOLD ANSWER: ['Victim blaming']
GENERATED ANSWER: victimology 
{'ROUGE-1': {'precision': 0.0, 'recall': 0.0, 'f1': 0.0}, 'ROUGE-2': {'precision': 0.0, 'recall': 0.0, 'f1': 0.0}, 'ROUGE-L': {'precision': 0.0, 'recall': 0.0, 'f1': 0.0}} ACCURACY: 0.0
Generating LoRA 0
****************************************************************************************************

Using internalized LoRAs for generation

****************************************************************************************************
QUESTION: what is the name of a camel with 2 humps
GOLD ANSWER: ['Bactrian', 'the Bactrian']
GENERATED ANSWER: Bactrian camel 
{'ROUGE-1': {'precision': 0.5, 'recall': 1.0, 'f1': 0.6666666666666666}, 'ROUGE-2': {'precision': 0.0, 'recall': 0.0, 'f1': 0.0}, 'ROUGE-L': {'precision': 0.5, 'recall': 1.0, 'f1': 0.6666666666666666}} ACCURACY: 0.0
Generating LoRA 0
****************************************************************************************************

Using internalized LoRAs for generation

****************************************************************************************************
QUESTION: who plays the walking boss in cool hand luke
GOLD ANSWER: ['Morgan Woodward']
GENERATED ANSWER: Strother Martin 
{'ROUGE-1': {'precision': 0.0, 'recall': 0.0, 'f1': 0.0}, 'ROUGE-2': {'precision': 0.0, 'recall': 0.0, 'f1': 0.0}, 'ROUGE-L': {'precision': 0.0, 'recall': 0.0, 'f1': 0.0}} ACCURACY: 0.0
Generating LoRA 0
****************************************************************************************************

Using internalized LoRAs for generation

****************************************************************************************************
QUESTION: what is the third book in the lunar chronicles
GOLD ANSWER: ['Cress']
GENERATED ANSWER: The third book in The Lunar Chronicles is *Cress*. 
{'ROUGE-1': {'precision': 0.1111111111111111, 'recall': 1.0, 'f1': 0.19999999999999998}, 'ROUGE-2': {'precision': 0.0, 'recall': 0.0, 'f1': 0.0}, 'ROUGE-L': {'precision': 0.1111111111111111, 'recall': 1.0, 'f1': 0.19999999999999998}} ACCURACY: 0.0
Generating LoRA 0
****************************************************************************************************

Using internalized LoRAs for generation

****************************************************************************************************
QUESTION: how many seasons of rules of engagement is there
GOLD ANSWER: ['7', 'seven']
GENERATED ANSWER: Seven. 
{'ROUGE-1': {'precision': 1.0, 'recall': 1.0, 'f1': 1.0}, 'ROUGE-2': {'precision': 0.0, 'recall': 0.0, 'f1': 0.0}, 'ROUGE-L': {'precision': 1.0, 'recall': 1.0, 'f1': 1.0}} ACCURACY: 1.0
Generating LoRA 0
****************************************************************************************************

Using internalized LoRAs for generation

****************************************************************************************************
QUESTION: where can i get a state issued id
GOLD ANSWER: ["each state's DMV", 'DMV']
GENERATED ANSWER: Each state's DMV. 
{'ROUGE-1': {'precision': 1.0, 'recall': 1.0, 'f1': 1.0}, 'ROUGE-2': {'precision': 1.0, 'recall': 1.0, 'f1': 1.0}, 'ROUGE-L': {'precision': 1.0, 'recall': 1.0, 'f1': 1.0}} ACCURACY: 1.0
Generating LoRA 0
****************************************************************************************************

Using internalized LoRAs for generation

****************************************************************************************************
QUESTION: where does cerebrospinal fluid flow to when it exits the cerebral aqueduct
GOLD ANSWER: ['the fourth ventricle', 'fourth ventricle']
GENERATED ANSWER: The third ventricle. 
{'ROUGE-1': {'precision': 0.6666666666666666, 'recall': 0.6666666666666666, 'f1': 0.6666666666666666}, 'ROUGE-2': {'precision': 0.0, 'recall': 0.0, 'f1': 0.0}, 'ROUGE-L': {'precision': 0.6666666666666666, 'recall': 0.6666666666666666, 'f1': 0.6666666666666666}} ACCURACY: 0.0
Generating LoRA 0
****************************************************************************************************

Using internalized LoRAs for generation

****************************************************************************************************
QUESTION: who translated the play neel darpan into english
GOLD ANSWER: ['Michael Madhusudan Dutta', 'Reverend J.Long']
GENERATED ANSWER: Long Durbar 
{'ROUGE-1': {'precision': 0.0, 'recall': 0.0, 'f1': 0.0}, 'ROUGE-2': {'precision': 0.0, 'recall': 0.0, 'f1': 0.0}, 'ROUGE-L': {'precision': 0.0, 'recall': 0.0, 'f1': 0.0}} ACCURACY: 0.0
Generating LoRA 0
****************************************************************************************************

Using internalized LoRAs for generation

****************************************************************************************************
QUESTION: under the federal unemployment tax act which party pays unemployment taxes
GOLD ANSWER: ['Employers', 'the employer']
GENERATED ANSWER: Employers. 
{'ROUGE-1': {'precision': 1.0, 'recall': 1.0, 'f1': 1.0}, 'ROUGE-2': {'precision': 0.0, 'recall': 0.0, 'f1': 0.0}, 'ROUGE-L': {'precision': 1.0, 'recall': 1.0, 'f1': 1.0}} ACCURACY: 1.0
Generating LoRA 0
****************************************************************************************************

Using internalized LoRAs for generation

****************************************************************************************************
QUESTION: what is the oldest street in the philippines
GOLD ANSWER: ['Cebu City', 'Colon Street']
GENERATED ANSWER: Colon Street 
{'ROUGE-1': {'precision': 1.0, 'recall': 1.0, 'f1': 1.0}, 'ROUGE-2': {'precision': 1.0, 'recall': 1.0, 'f1': 1.0}, 'ROUGE-L': {'precision': 1.0, 'recall': 1.0, 'f1': 1.0}} ACCURACY: 1.0
Generating LoRA 0
****************************************************************************************************

Using internalized LoRAs for generation

****************************************************************************************************
QUESTION: the gulf stream the world's fastest ocean current flows along the western side of this water body
GOLD ANSWER: ['Atlantic ocean']
GENERATED ANSWER: North America 
{'ROUGE-1': {'precision': 0.0, 'recall': 0.0, 'f1': 0.0}, 'ROUGE-2': {'precision': 0.0, 'recall': 0.0, 'f1': 0.0}, 'ROUGE-L': {'precision': 0.0, 'recall': 0.0, 'f1': 0.0}} ACCURACY: 0.0
Generating LoRA 0
****************************************************************************************************

Using internalized LoRAs for generation

****************************************************************************************************
QUESTION: in florida it is illegal to sell alcohol before 1 pm on any sunday. this is an example of
GOLD ANSWER: ['Blue laws']
GENERATED ANSWER: Sunday Blue Laws 
{'ROUGE-1': {'precision': 0.6666666666666666, 'recall': 1.0, 'f1': 0.8}, 'ROUGE-2': {'precision': 0.5, 'recall': 1.0, 'f1': 0.6666666666666666}, 'ROUGE-L': {'precision': 0.6666666666666666, 'recall': 1.0, 'f1': 0.8}} ACCURACY: 0.0
Generating LoRA 0
****************************************************************************************************

Using internalized LoRAs for generation

****************************************************************************************************
QUESTION: who is the most selling music artist of all time
GOLD ANSWER: ['The Beatles']
GENERATED ANSWER: According to the provided information, Elvis Presley is considered the highest-selling artist based on sales claims. 
{'ROUGE-1': {'precision': 0.0625, 'recall': 0.5, 'f1': 0.1111111111111111}, 'ROUGE-2': {'precision': 0.0, 'recall': 0.0, 'f1': 0.0}, 'ROUGE-L': {'precision': 0.0625, 'recall': 0.5, 'f1': 0.1111111111111111}} ACCURACY: 0.0
Generating LoRA 0
****************************************************************************************************

Using internalized LoRAs for generation

****************************************************************************************************
QUESTION: what class of ship is the carnival glory
GOLD ANSWER: ['Conquest', 'Conquest-class cruise ship']
GENERATED ANSWER: Conquest-class cruise ship. 
{'ROUGE-1': {'precision': 1.0, 'recall': 1.0, 'f1': 1.0}, 'ROUGE-2': {'precision': 1.0, 'recall': 1.0, 'f1': 1.0}, 'ROUGE-L': {'precision': 1.0, 'recall': 1.0, 'f1': 1.0}} ACCURACY: 1.0
Generating LoRA 0
****************************************************************************************************

Using internalized LoRAs for generation

****************************************************************************************************
QUESTION: how many nuclear power plants in washington state
GOLD ANSWER: ['3']
GENERATED ANSWER: The provided text does not contain the answer to the question. 
{'ROUGE-1': {'precision': 0.0, 'recall': 0.0, 'f1': 0.0}, 'ROUGE-2': {'precision': 0.0, 'recall': 0.0, 'f1': 0.0}, 'ROUGE-L': {'precision': 0.0, 'recall': 0.0, 'f1': 0.0}} ACCURACY: 0.0
Generating LoRA 0
****************************************************************************************************

Using internalized LoRAs for generation

****************************************************************************************************
QUESTION: who played mike stivic on all in the family
GOLD ANSWER: ['Rob Reiner']
GENERATED ANSWER: Rob Reiner 
{'ROUGE-1': {'precision': 1.0, 'recall': 1.0, 'f1': 1.0}, 'ROUGE-2': {'precision': 1.0, 'recall': 1.0, 'f1': 1.0}, 'ROUGE-L': {'precision': 1.0, 'recall': 1.0, 'f1': 1.0}} ACCURACY: 1.0
Generating LoRA 0
****************************************************************************************************

Using internalized LoRAs for generation

****************************************************************************************************
QUESTION: who sang what i like about you originally
GOLD ANSWER: ['The Romantics.', 'The Romantics', 'American rock band The Romantics']
GENERATED ANSWER: The Romantics. 
{'ROUGE-1': {'precision': 1.0, 'recall': 1.0, 'f1': 1.0}, 'ROUGE-2': {'precision': 1.0, 'recall': 1.0, 'f1': 1.0}, 'ROUGE-L': {'precision': 1.0, 'recall': 1.0, 'f1': 1.0}} ACCURACY: 1.0
Generating LoRA 0
****************************************************************************************************

Using internalized LoRAs for generation

****************************************************************************************************
QUESTION: when did the ship hector arrived in pictou
GOLD ANSWER: ['1773']
GENERATED ANSWER: 1770. 
{'ROUGE-1': {'precision': 0.0, 'recall': 0.0, 'f1': 0.0}, 'ROUGE-2': {'precision': 0.0, 'recall': 0.0, 'f1': 0.0}, 'ROUGE-L': {'precision': 0.0, 'recall': 0.0, 'f1': 0.0}} ACCURACY: 0.0
Generating LoRA 0
****************************************************************************************************

Using internalized LoRAs for generation

****************************************************************************************************
QUESTION: who sang the song oh what a lonely boy
GOLD ANSWER: ['Andrew Gold']
GENERATED ANSWER: Andrew Gold 
{'ROUGE-1': {'precision': 1.0, 'recall': 1.0, 'f1': 1.0}, 'ROUGE-2': {'precision': 1.0, 'recall': 1.0, 'f1': 1.0}, 'ROUGE-L': {'precision': 1.0, 'recall': 1.0, 'f1': 1.0}} ACCURACY: 1.0
Generating LoRA 0
****************************************************************************************************

Using internalized LoRAs for generation

****************************************************************************************************
QUESTION: who won the 2017 ncaa mens basketball tournament
GOLD ANSWER: ['North Carolina']
GENERATED ANSWER: North Carolina 
{'ROUGE-1': {'precision': 1.0, 'recall': 1.0, 'f1': 1.0}, 'ROUGE-2': {'precision': 1.0, 'recall': 1.0, 'f1': 1.0}, 'ROUGE-L': {'precision': 1.0, 'recall': 1.0, 'f1': 1.0}} ACCURACY: 1.0
Generating LoRA 0
****************************************************************************************************

Using internalized LoRAs for generation

****************************************************************************************************
QUESTION: when was christmas first celebrated as a holiday
GOLD ANSWER: ['336']
GENERATED ANSWER: 336 
{'ROUGE-1': {'precision': 1.0, 'recall': 1.0, 'f1': 1.0}, 'ROUGE-2': {'precision': 0.0, 'recall': 0.0, 'f1': 0.0}, 'ROUGE-L': {'precision': 1.0, 'recall': 1.0, 'f1': 1.0}} ACCURACY: 1.0
Generating LoRA 0
****************************************************************************************************

Using internalized LoRAs for generation

****************************************************************************************************
QUESTION: how many plane surfaces does a cylinder have
GOLD ANSWER: ['two parallel planes', 'two']
GENERATED ANSWER: Two. 
{'ROUGE-1': {'precision': 1.0, 'recall': 1.0, 'f1': 1.0}, 'ROUGE-2': {'precision': 0.0, 'recall': 0.0, 'f1': 0.0}, 'ROUGE-L': {'precision': 1.0, 'recall': 1.0, 'f1': 1.0}} ACCURACY: 1.0
Generating LoRA 0
****************************************************************************************************

Using internalized LoRAs for generation

****************************************************************************************************
QUESTION: in which city are the wimbledon game held
GOLD ANSWER: ['London', 'Wimbledon, London']
GENERATED ANSWER: London 
{'ROUGE-1': {'precision': 1.0, 'recall': 1.0, 'f1': 1.0}, 'ROUGE-2': {'precision': 0.0, 'recall': 0.0, 'f1': 0.0}, 'ROUGE-L': {'precision': 1.0, 'recall': 1.0, 'f1': 1.0}} ACCURACY: 1.0
Generating LoRA 0
****************************************************************************************************

Using internalized LoRAs for generation

****************************************************************************************************
QUESTION: who played the first phantom of the opera
GOLD ANSWER: ['Michael Crawford']
GENERATED ANSWER: Michael Crawford 
{'ROUGE-1': {'precision': 1.0, 'recall': 1.0, 'f1': 1.0}, 'ROUGE-2': {'precision': 1.0, 'recall': 1.0, 'f1': 1.0}, 'ROUGE-L': {'precision': 1.0, 'recall': 1.0, 'f1': 1.0}} ACCURACY: 1.0
Generating LoRA 0
****************************************************************************************************

Using internalized LoRAs for generation

****************************************************************************************************
QUESTION: why does cooling water run through the condenser
GOLD ANSWER: ['condense the steam']
GENERATED ANSWER: To condense steam. 
{'ROUGE-1': {'precision': 0.6666666666666666, 'recall': 0.6666666666666666, 'f1': 0.6666666666666666}, 'ROUGE-2': {'precision': 0.0, 'recall': 0.0, 'f1': 0.0}, 'ROUGE-L': {'precision': 0.6666666666666666, 'recall': 0.6666666666666666, 'f1': 0.6666666666666666}} ACCURACY: 0.0
Generating LoRA 0
****************************************************************************************************

Using internalized LoRAs for generation

****************************************************************************************************
QUESTION: when does a cell have condensed visible chromosomes also known as sister chromatids
GOLD ANSWER: ['metaphase']
GENERATED ANSWER: During metaphase of cell division. 
{'ROUGE-1': {'precision': 0.2, 'recall': 1.0, 'f1': 0.33333333333333337}, 'ROUGE-2': {'precision': 0.0, 'recall': 0.0, 'f1': 0.0}, 'ROUGE-L': {'precision': 0.2, 'recall': 1.0, 'f1': 0.33333333333333337}} ACCURACY: 0.0
Generating LoRA 0
****************************************************************************************************

Using internalized LoRAs for generation

****************************************************************************************************
QUESTION: who played bat masterson in the tv series
GOLD ANSWER: ['Gene Barry']
GENERATED ANSWER: Gene Barry 
{'ROUGE-1': {'precision': 1.0, 'recall': 1.0, 'f1': 1.0}, 'ROUGE-2': {'precision': 1.0, 'recall': 1.0, 'f1': 1.0}, 'ROUGE-L': {'precision': 1.0, 'recall': 1.0, 'f1': 1.0}} ACCURACY: 1.0
Generating LoRA 0
****************************************************************************************************

Using internalized LoRAs for generation

****************************************************************************************************
QUESTION: when did men's curling start in the olympics
GOLD ANSWER: ['1924', '1998', '1998 Nagano Games']
GENERATED ANSWER: 1998 
{'ROUGE-1': {'precision': 1.0, 'recall': 1.0, 'f1': 1.0}, 'ROUGE-2': {'precision': 0.0, 'recall': 0.0, 'f1': 0.0}, 'ROUGE-L': {'precision': 1.0, 'recall': 1.0, 'f1': 1.0}} ACCURACY: 1.0
Generating LoRA 0
****************************************************************************************************

Using internalized LoRAs for generation

****************************************************************************************************
QUESTION: which hormone is released from the ruptured follicle or corpus luteum
GOLD ANSWER: ['estrogen', 'estradiol', 'inhibin A', 'progesterone']
GENERATED ANSWER: Estradiol 
{'ROUGE-1': {'precision': 1.0, 'recall': 1.0, 'f1': 1.0}, 'ROUGE-2': {'precision': 0.0, 'recall': 0.0, 'f1': 0.0}, 'ROUGE-L': {'precision': 1.0, 'recall': 1.0, 'f1': 1.0}} ACCURACY: 1.0
Generating LoRA 0
****************************************************************************************************

Using internalized LoRAs for generation

****************************************************************************************************
QUESTION: what was hawaii's primary export to the united states
GOLD ANSWER: ['macadamia nuts', 'coffee', 'honey', 'sugarcane', 'pineapple', 'livestock']
GENERATED ANSWER: Honey 
{'ROUGE-1': {'precision': 1.0, 'recall': 1.0, 'f1': 1.0}, 'ROUGE-2': {'precision': 0.0, 'recall': 0.0, 'f1': 0.0}, 'ROUGE-L': {'precision': 1.0, 'recall': 1.0, 'f1': 1.0}} ACCURACY: 1.0
Generating LoRA 0
****************************************************************************************************

Using internalized LoRAs for generation

****************************************************************************************************
QUESTION: who sings i will go down with this ship
GOLD ANSWER: ['Dido']
GENERATED ANSWER: Dido 
{'ROUGE-1': {'precision': 1.0, 'recall': 1.0, 'f1': 1.0}, 'ROUGE-2': {'precision': 0.0, 'recall': 0.0, 'f1': 0.0}, 'ROUGE-L': {'precision': 1.0, 'recall': 1.0, 'f1': 1.0}} ACCURACY: 1.0
Generating LoRA 0
****************************************************************************************************

Using internalized LoRAs for generation

****************************************************************************************************
QUESTION: where does the last name hidalgo come from
GOLD ANSWER: ['Spanish']
GENERATED ANSWER: The provided text does not contain the answer to your question. 
{'ROUGE-1': {'precision': 0.0, 'recall': 0.0, 'f1': 0.0}, 'ROUGE-2': {'precision': 0.0, 'recall': 0.0, 'f1': 0.0}, 'ROUGE-L': {'precision': 0.0, 'recall': 0.0, 'f1': 0.0}} ACCURACY: 0.0
Generating LoRA 0
****************************************************************************************************

Using internalized LoRAs for generation

****************************************************************************************************
QUESTION: when was the canadian pacific railway started and finished
GOLD ANSWER: ['between 1881 and 1885']
GENERATED ANSWER: 1881-1885 
{'ROUGE-1': {'precision': 0.0, 'recall': 0.0, 'f1': 0.0}, 'ROUGE-2': {'precision': 0.0, 'recall': 0.0, 'f1': 0.0}, 'ROUGE-L': {'precision': 0.0, 'recall': 0.0, 'f1': 0.0}} ACCURACY: 0.0
Generating LoRA 0
****************************************************************************************************

Using internalized LoRAs for generation

****************************************************************************************************
QUESTION: who built pedestrian bridge at florida international university
GOLD ANSWER: ['Munilla Construction Management', 'FIGG Bridge Engineers']
GENERATED ANSWER: The university itself. 
{'ROUGE-1': {'precision': 0.0, 'recall': 0.0, 'f1': 0.0}, 'ROUGE-2': {'precision': 0.0, 'recall': 0.0, 'f1': 0.0}, 'ROUGE-L': {'precision': 0.0, 'recall': 0.0, 'f1': 0.0}} ACCURACY: 0.0
Generating LoRA 0
****************************************************************************************************

Using internalized LoRAs for generation

****************************************************************************************************
QUESTION: band who had a hit with heart and soul crossword
GOLD ANSWER: ["British pop band T'Pau", "T'Pau"]
GENERATED ANSWER: T'Pau 
{'ROUGE-1': {'precision': 1.0, 'recall': 1.0, 'f1': 1.0}, 'ROUGE-2': {'precision': 0.0, 'recall': 0.0, 'f1': 0.0}, 'ROUGE-L': {'precision': 1.0, 'recall': 1.0, 'f1': 1.0}} ACCURACY: 1.0
Generating LoRA 0
****************************************************************************************************

Using internalized LoRAs for generation

****************************************************************************************************
QUESTION: the german princes who chose the holy roman empire were called
GOLD ANSWER: ['prince-electors', 'the Prince-Electors']
GENERATED ANSWER: Kurfürsten 
{'ROUGE-1': {'precision': 0.0, 'recall': 0.0, 'f1': 0.0}, 'ROUGE-2': {'precision': 0.0, 'recall': 0.0, 'f1': 0.0}, 'ROUGE-L': {'precision': 0.0, 'recall': 0.0, 'f1': 0.0}} ACCURACY: 0.0
Generating LoRA 0
****************************************************************************************************

Using internalized LoRAs for generation

****************************************************************************************************
QUESTION: where does the name de la rosa come from
GOLD ANSWER: ['Spanish']
GENERATED ANSWER: The name de la rosa comes from the Spanish phrase "of the rose". 
{'ROUGE-1': {'precision': 0.07692307692307693, 'recall': 1.0, 'f1': 0.14285714285714288}, 'ROUGE-2': {'precision': 0.0, 'recall': 0.0, 'f1': 0.0}, 'ROUGE-L': {'precision': 0.07692307692307693, 'recall': 1.0, 'f1': 0.14285714285714288}} ACCURACY: 0.0
Generating LoRA 0
****************************************************************************************************

Using internalized LoRAs for generation

****************************************************************************************************
QUESTION: who sang i knew the bride when she used to rock and roll
GOLD ANSWER: ['Dave Edmunds']
GENERATED ANSWER: Nick Lowe 
{'ROUGE-1': {'precision': 0.0, 'recall': 0.0, 'f1': 0.0}, 'ROUGE-2': {'precision': 0.0, 'recall': 0.0, 'f1': 0.0}, 'ROUGE-L': {'precision': 0.0, 'recall': 0.0, 'f1': 0.0}} ACCURACY: 0.0
Generating LoRA 0
****************************************************************************************************

Using internalized LoRAs for generation

****************************************************************************************************
QUESTION: when did the first ninja turtles come out
GOLD ANSWER: ['1984', 'May 1984']
GENERATED ANSWER: 1984 
{'ROUGE-1': {'precision': 1.0, 'recall': 1.0, 'f1': 1.0}, 'ROUGE-2': {'precision': 0.0, 'recall': 0.0, 'f1': 0.0}, 'ROUGE-L': {'precision': 1.0, 'recall': 1.0, 'f1': 1.0}} ACCURACY: 1.0
Generating LoRA 0
****************************************************************************************************

Using internalized LoRAs for generation

****************************************************************************************************
QUESTION: what song did the titanic band play when it sank
GOLD ANSWER: ['"Autumn"']
GENERATED ANSWER: "Autumn" 
{'ROUGE-1': {'precision': 1.0, 'recall': 1.0, 'f1': 1.0}, 'ROUGE-2': {'precision': 0.0, 'recall': 0.0, 'f1': 0.0}, 'ROUGE-L': {'precision': 1.0, 'recall': 1.0, 'f1': 1.0}} ACCURACY: 1.0
Generating LoRA 0
****************************************************************************************************

Using internalized LoRAs for generation

****************************************************************************************************
QUESTION: when was the wheel introduced to north america
GOLD ANSWER: ['about 1500 BC']
GENERATED ANSWER: About 12,000 BC. 
{'ROUGE-1': {'precision': 0.6666666666666666, 'recall': 0.6666666666666666, 'f1': 0.6666666666666666}, 'ROUGE-2': {'precision': 0.0, 'recall': 0.0, 'f1': 0.0}, 'ROUGE-L': {'precision': 0.6666666666666666, 'recall': 0.6666666666666666, 'f1': 0.6666666666666666}} ACCURACY: 0.0
Generating LoRA 0
****************************************************************************************************

Using internalized LoRAs for generation

****************************************************************************************************
QUESTION: most home runs by 2 teammates in a season
GOLD ANSWER: ['115', 'a combined 115 home runs', 'Roger Maris', 'Mickey Mantle']
GENERATED ANSWER: Mickey Mantle and Roger Maris. 
{'ROUGE-1': {'precision': 0.4, 'recall': 1.0, 'f1': 0.5714285714285715}, 'ROUGE-2': {'precision': 0.25, 'recall': 1.0, 'f1': 0.4}, 'ROUGE-L': {'precision': 0.4, 'recall': 1.0, 'f1': 0.5714285714285715}} ACCURACY: 0.0
Generating LoRA 0
****************************************************************************************************

Using internalized LoRAs for generation

****************************************************************************************************
QUESTION: actor who plays dr avery on grey's anatomy
GOLD ANSWER: ['Jesse Wesley Williams']
GENERATED ANSWER: Jesse Williams 
{'ROUGE-1': {'precision': 1.0, 'recall': 0.6666666666666666, 'f1': 0.8}, 'ROUGE-2': {'precision': 0.0, 'recall': 0.0, 'f1': 0.0}, 'ROUGE-L': {'precision': 1.0, 'recall': 0.6666666666666666, 'f1': 0.8}} ACCURACY: 0.0
Generating LoRA 0
****************************************************************************************************

Using internalized LoRAs for generation

****************************************************************************************************
QUESTION: who played buffy the vampire slayer in the movie
GOLD ANSWER: ['Kristy Swanson']
GENERATED ANSWER: Sarah Michelle Gellar 
{'ROUGE-1': {'precision': 0.0, 'recall': 0.0, 'f1': 0.0}, 'ROUGE-2': {'precision': 0.0, 'recall': 0.0, 'f1': 0.0}, 'ROUGE-L': {'precision': 0.0, 'recall': 0.0, 'f1': 0.0}} ACCURACY: 0.0
Generating LoRA 0
****************************************************************************************************

Using internalized LoRAs for generation

****************************************************************************************************
QUESTION: who won season 2 of great british baking show
GOLD ANSWER: ['Joanne Wheatley']
GENERATED ANSWER: Holly Wheatley 
{'ROUGE-1': {'precision': 0.5, 'recall': 0.5, 'f1': 0.5}, 'ROUGE-2': {'precision': 0.0, 'recall': 0.0, 'f1': 0.0}, 'ROUGE-L': {'precision': 0.5, 'recall': 0.5, 'f1': 0.5}} ACCURACY: 0.0
Generating LoRA 0
****************************************************************************************************

Using internalized LoRAs for generation

****************************************************************************************************
QUESTION: how long did the menendez brothers get in prison for killing their parents
GOLD ANSWER: ['life imprisonment', 'life']
GENERATED ANSWER: Life imprisonment without parole. 
{'ROUGE-1': {'precision': 0.5, 'recall': 1.0, 'f1': 0.6666666666666666}, 'ROUGE-2': {'precision': 0.3333333333333333, 'recall': 1.0, 'f1': 0.5}, 'ROUGE-L': {'precision': 0.5, 'recall': 1.0, 'f1': 0.6666666666666666}} ACCURACY: 0.0
Generating LoRA 0
****************************************************************************************************

Using internalized LoRAs for generation

****************************************************************************************************
QUESTION: who does marge's voice on the simpsons
GOLD ANSWER: ['Julie Deborah Kavner']
GENERATED ANSWER: Julie Kavner 
{'ROUGE-1': {'precision': 1.0, 'recall': 0.6666666666666666, 'f1': 0.8}, 'ROUGE-2': {'precision': 0.0, 'recall': 0.0, 'f1': 0.0}, 'ROUGE-L': {'precision': 1.0, 'recall': 0.6666666666666666, 'f1': 0.8}} ACCURACY: 0.0
Generating LoRA 0
****************************************************************************************************

Using internalized LoRAs for generation

****************************************************************************************************
QUESTION: what is the general structure of an url
GOLD ANSWER: ['a protocol', 'a hostname', 'a file name']
GENERATED ANSWER: http://www.example.com/index.html 
{'ROUGE-1': {'precision': 0.0, 'recall': 0.0, 'f1': 0.0}, 'ROUGE-2': {'precision': 0.0, 'recall': 0.0, 'f1': 0.0}, 'ROUGE-L': {'precision': 0.0, 'recall': 0.0, 'f1': 0.0}} ACCURACY: 0.0
Generating LoRA 0
****************************************************************************************************

Using internalized LoRAs for generation

****************************************************************************************************
QUESTION: who owned the colts when they left baltimore
GOLD ANSWER: ['Robert Irsay', 'Irsay']
GENERATED ANSWER: Robert Irsay 
{'ROUGE-1': {'precision': 1.0, 'recall': 1.0, 'f1': 1.0}, 'ROUGE-2': {'precision': 1.0, 'recall': 1.0, 'f1': 1.0}, 'ROUGE-L': {'precision': 1.0, 'recall': 1.0, 'f1': 1.0}} ACCURACY: 1.0
Generating LoRA 0
****************************************************************************************************

Using internalized LoRAs for generation

****************************************************************************************************
QUESTION: who wrote the phantom of the opera music
GOLD ANSWER: ['Andrew Lloyd Webber']
GENERATED ANSWER: Charles Hart and Richard Stilgoe 
{'ROUGE-1': {'precision': 0.0, 'recall': 0.0, 'f1': 0.0}, 'ROUGE-2': {'precision': 0.0, 'recall': 0.0, 'f1': 0.0}, 'ROUGE-L': {'precision': 0.0, 'recall': 0.0, 'f1': 0.0}} ACCURACY: 0.0
Generating LoRA 0
****************************************************************************************************

Using internalized LoRAs for generation

****************************************************************************************************
QUESTION: when did the first movie of harry potter come out
GOLD ANSWER: ['16 November 2001', '2001']
GENERATED ANSWER: 2001 
{'ROUGE-1': {'precision': 1.0, 'recall': 1.0, 'f1': 1.0}, 'ROUGE-2': {'precision': 0.0, 'recall': 0.0, 'f1': 0.0}, 'ROUGE-L': {'precision': 1.0, 'recall': 1.0, 'f1': 1.0}} ACCURACY: 1.0
Generating LoRA 0
****************************************************************************************************

Using internalized LoRAs for generation

****************************************************************************************************
QUESTION: where do secondary xylem and phloem cells arise from
GOLD ANSWER: ['The vascular cambium', 'the vascular cambium']
GENERATED ANSWER: The vascular cambium. 
{'ROUGE-1': {'precision': 1.0, 'recall': 1.0, 'f1': 1.0}, 'ROUGE-2': {'precision': 1.0, 'recall': 1.0, 'f1': 1.0}, 'ROUGE-L': {'precision': 1.0, 'recall': 1.0, 'f1': 1.0}} ACCURACY: 1.0
Generating LoRA 0
****************************************************************************************************

Using internalized LoRAs for generation

****************************************************************************************************
QUESTION: when did earth's atmosphere change due to living organisms
GOLD ANSWER: ['around 2.45\xa0billion years ago']
GENERATED ANSWER: 2.45 billion years ago. 
{'ROUGE-1': {'precision': 1.0, 'recall': 0.8, 'f1': 0.888888888888889}, 'ROUGE-2': {'precision': 1.0, 'recall': 0.75, 'f1': 0.8571428571428571}, 'ROUGE-L': {'precision': 1.0, 'recall': 0.8, 'f1': 0.888888888888889}} ACCURACY: 0.0
Generating LoRA 0
****************************************************************************************************

Using internalized LoRAs for generation

****************************************************************************************************
QUESTION: where was the first sonic drive in located
GOLD ANSWER: ['Woodward, Oklahoma']
GENERATED ANSWER: Woodward, Oklahoma. 
{'ROUGE-1': {'precision': 1.0, 'recall': 1.0, 'f1': 1.0}, 'ROUGE-2': {'precision': 1.0, 'recall': 1.0, 'f1': 1.0}, 'ROUGE-L': {'precision': 1.0, 'recall': 1.0, 'f1': 1.0}} ACCURACY: 1.0
Generating LoRA 0
****************************************************************************************************

Using internalized LoRAs for generation

****************************************************************************************************
QUESTION: where is the battle of britain flight based
GOLD ANSWER: ['RAF Coningsby in Lincolnshire']
GENERATED ANSWER: RAF Coningsby 
{'ROUGE-1': {'precision': 1.0, 'recall': 0.5, 'f1': 0.6666666666666666}, 'ROUGE-2': {'precision': 1.0, 'recall': 0.3333333333333333, 'f1': 0.5}, 'ROUGE-L': {'precision': 1.0, 'recall': 0.5, 'f1': 0.6666666666666666}} ACCURACY: 0.0
Generating LoRA 0
****************************************************************************************************

Using internalized LoRAs for generation

****************************************************************************************************
QUESTION: when is i can only imagine coming out
GOLD ANSWER: ['March 16, 2018']
GENERATED ANSWER: March 16, 2018. 
{'ROUGE-1': {'precision': 1.0, 'recall': 1.0, 'f1': 1.0}, 'ROUGE-2': {'precision': 1.0, 'recall': 1.0, 'f1': 1.0}, 'ROUGE-L': {'precision': 1.0, 'recall': 1.0, 'f1': 1.0}} ACCURACY: 1.0
Generating LoRA 0
****************************************************************************************************

Using internalized LoRAs for generation

****************************************************************************************************
QUESTION: who sings the song rock you like a hurricane
GOLD ANSWER: ['German rock band Scorpions', 'Scorpions']
GENERATED ANSWER: Scorpions 
{'ROUGE-1': {'precision': 1.0, 'recall': 1.0, 'f1': 1.0}, 'ROUGE-2': {'precision': 0.0, 'recall': 0.0, 'f1': 0.0}, 'ROUGE-L': {'precision': 1.0, 'recall': 1.0, 'f1': 1.0}} ACCURACY: 1.0
Generating LoRA 0
****************************************************************************************************

Using internalized LoRAs for generation

****************************************************************************************************
QUESTION: who has the most conference championships in college basketball
GOLD ANSWER: ['Kansas']
GENERATED ANSWER: Kansas 
{'ROUGE-1': {'precision': 1.0, 'recall': 1.0, 'f1': 1.0}, 'ROUGE-2': {'precision': 0.0, 'recall': 0.0, 'f1': 0.0}, 'ROUGE-L': {'precision': 1.0, 'recall': 1.0, 'f1': 1.0}} ACCURACY: 1.0
Generating LoRA 0
****************************************************************************************************

Using internalized LoRAs for generation

****************************************************************************************************
QUESTION: which is the tallest building in the world 2018
GOLD ANSWER: ['Burj Khalifa in Dubai', 'Burj Khalifa']
GENERATED ANSWER: Burj Khalifa 
{'ROUGE-1': {'precision': 1.0, 'recall': 1.0, 'f1': 1.0}, 'ROUGE-2': {'precision': 1.0, 'recall': 1.0, 'f1': 1.0}, 'ROUGE-L': {'precision': 1.0, 'recall': 1.0, 'f1': 1.0}} ACCURACY: 1.0
Generating LoRA 0
****************************************************************************************************

Using internalized LoRAs for generation

****************************************************************************************************
QUESTION: the plane of earth's orbit is called the
GOLD ANSWER: ['ecliptic']
GENERATED ANSWER: ecliptic 
{'ROUGE-1': {'precision': 1.0, 'recall': 1.0, 'f1': 1.0}, 'ROUGE-2': {'precision': 0.0, 'recall': 0.0, 'f1': 0.0}, 'ROUGE-L': {'precision': 1.0, 'recall': 1.0, 'f1': 1.0}} ACCURACY: 1.0
Generating LoRA 0
****************************************************************************************************

Using internalized LoRAs for generation

****************************************************************************************************
QUESTION: who sang the song brother let me be your shelter
GOLD ANSWER: ['Needtobreathe', 'American Christian rock band Needtobreathe']
GENERATED ANSWER: Needtobreathe 
{'ROUGE-1': {'precision': 1.0, 'recall': 1.0, 'f1': 1.0}, 'ROUGE-2': {'precision': 0.0, 'recall': 0.0, 'f1': 0.0}, 'ROUGE-L': {'precision': 1.0, 'recall': 1.0, 'f1': 1.0}} ACCURACY: 1.0
Generating LoRA 0
****************************************************************************************************

Using internalized LoRAs for generation

****************************************************************************************************
QUESTION: where does iron ore come from in australia
GOLD ANSWER: ['Western Australia']
GENERATED ANSWER: The provided text states that Australia has the world's largest Economic Demonstrated Resources of iron ore. 
{'ROUGE-1': {'precision': 0.0625, 'recall': 0.5, 'f1': 0.1111111111111111}, 'ROUGE-2': {'precision': 0.0, 'recall': 0.0, 'f1': 0.0}, 'ROUGE-L': {'precision': 0.0625, 'recall': 0.5, 'f1': 0.1111111111111111}} ACCURACY: 0.0
Generating LoRA 0
****************************************************************************************************

Using internalized LoRAs for generation

****************************************************************************************************
QUESTION: when was i can only imagine the song released
GOLD ANSWER: ['1999', '2001']
GENERATED ANSWER: 1999 
{'ROUGE-1': {'precision': 1.0, 'recall': 1.0, 'f1': 1.0}, 'ROUGE-2': {'precision': 0.0, 'recall': 0.0, 'f1': 0.0}, 'ROUGE-L': {'precision': 1.0, 'recall': 1.0, 'f1': 1.0}} ACCURACY: 1.0
Generating LoRA 0
****************************************************************************************************

Using internalized LoRAs for generation

****************************************************************************************************
QUESTION: when did gaurdians of the galaxy 2 come out
GOLD ANSWER: ['2017', 'May\xa05,\xa02017']
GENERATED ANSWER: 2017 
{'ROUGE-1': {'precision': 1.0, 'recall': 1.0, 'f1': 1.0}, 'ROUGE-2': {'precision': 0.0, 'recall': 0.0, 'f1': 0.0}, 'ROUGE-L': {'precision': 1.0, 'recall': 1.0, 'f1': 1.0}} ACCURACY: 1.0
Generating LoRA 0
****************************************************************************************************

Using internalized LoRAs for generation

****************************************************************************************************
QUESTION: hart of dixie season 4 how many episodes
GOLD ANSWER: ['10']
GENERATED ANSWER: 10 
{'ROUGE-1': {'precision': 1.0, 'recall': 1.0, 'f1': 1.0}, 'ROUGE-2': {'precision': 0.0, 'recall': 0.0, 'f1': 0.0}, 'ROUGE-L': {'precision': 1.0, 'recall': 1.0, 'f1': 1.0}} ACCURACY: 1.0
Generating LoRA 0
****************************************************************************************************

Using internalized LoRAs for generation

****************************************************************************************************
QUESTION: who wrote old flames cant hold a candle to you
GOLD ANSWER: ['Pebe Sebert', 'Pebe Sebert and Hugh Moffatt', 'Patricia Rose Sebert', 'Hugh Moffatt']
GENERATED ANSWER: Pebe Sebert 
{'ROUGE-1': {'precision': 1.0, 'recall': 1.0, 'f1': 1.0}, 'ROUGE-2': {'precision': 1.0, 'recall': 1.0, 'f1': 1.0}, 'ROUGE-L': {'precision': 1.0, 'recall': 1.0, 'f1': 1.0}} ACCURACY: 1.0
Generating LoRA 0
****************************************************************************************************

Using internalized LoRAs for generation

****************************************************************************************************
QUESTION: who sang you'll be a woman soon in pulp fiction
GOLD ANSWER: ['rock band Urge Overkill', 'Urge Overkill']
GENERATED ANSWER: Urge Overkill 
{'ROUGE-1': {'precision': 1.0, 'recall': 1.0, 'f1': 1.0}, 'ROUGE-2': {'precision': 1.0, 'recall': 1.0, 'f1': 1.0}, 'ROUGE-L': {'precision': 1.0, 'recall': 1.0, 'f1': 1.0}} ACCURACY: 1.0
Generating LoRA 0
****************************************************************************************************

Using internalized LoRAs for generation

****************************************************************************************************
QUESTION: where does a roadrunner live in the desert
GOLD ANSWER: ['mountainous shrubland', 'arid lowland']
GENERATED ANSWER: Arid lowland or mountainous shrubland with scattered brush. 
{'ROUGE-1': {'precision': 0.25, 'recall': 1.0, 'f1': 0.4}, 'ROUGE-2': {'precision': 0.14285714285714285, 'recall': 1.0, 'f1': 0.25}, 'ROUGE-L': {'precision': 0.25, 'recall': 1.0, 'f1': 0.4}} ACCURACY: 0.0
Generating LoRA 0
****************************************************************************************************

Using internalized LoRAs for generation

****************************************************************************************************
QUESTION: who was the first president of the constituent assembly
GOLD ANSWER: ['Dr. Rajendra Prasad']
GENERATED ANSWER: Dr. Sachchidananda Sinha 
{'ROUGE-1': {'precision': 0.3333333333333333, 'recall': 0.3333333333333333, 'f1': 0.3333333333333333}, 'ROUGE-2': {'precision': 0.0, 'recall': 0.0, 'f1': 0.0}, 'ROUGE-L': {'precision': 0.3333333333333333, 'recall': 0.3333333333333333, 'f1': 0.3333333333333333}} ACCURACY: 0.0
Generating LoRA 0
****************************************************************************************************

Using internalized LoRAs for generation

****************************************************************************************************
QUESTION: when did first fast and furious come out
GOLD ANSWER: ['2001']
GENERATED ANSWER: 2001 
{'ROUGE-1': {'precision': 1.0, 'recall': 1.0, 'f1': 1.0}, 'ROUGE-2': {'precision': 0.0, 'recall': 0.0, 'f1': 0.0}, 'ROUGE-L': {'precision': 1.0, 'recall': 1.0, 'f1': 1.0}} ACCURACY: 1.0
Generating LoRA 0
****************************************************************************************************

Using internalized LoRAs for generation

****************************************************************************************************
QUESTION: when do mr schuester and emma get together
GOLD ANSWER: ['the fourth season']
GENERATED ANSWER: Near the end of the fifth season. 
{'ROUGE-1': {'precision': 0.2857142857142857, 'recall': 0.6666666666666666, 'f1': 0.4}, 'ROUGE-2': {'precision': 0.0, 'recall': 0.0, 'f1': 0.0}, 'ROUGE-L': {'precision': 0.2857142857142857, 'recall': 0.6666666666666666, 'f1': 0.4}} ACCURACY: 0.0
Generating LoRA 0
****************************************************************************************************

Using internalized LoRAs for generation

****************************************************************************************************
QUESTION: where was the u.s.s maine when it exploded in 1898
GOLD ANSWER: ['Havana Harbor']
GENERATED ANSWER: Havana Harbor 
{'ROUGE-1': {'precision': 1.0, 'recall': 1.0, 'f1': 1.0}, 'ROUGE-2': {'precision': 1.0, 'recall': 1.0, 'f1': 1.0}, 'ROUGE-L': {'precision': 1.0, 'recall': 1.0, 'f1': 1.0}} ACCURACY: 1.0
Generating LoRA 0
****************************************************************************************************

Using internalized LoRAs for generation

****************************************************************************************************
QUESTION: in the honour of which god is anant chaturdashi celebrated
GOLD ANSWER: ['Ganesh']
GENERATED ANSWER: Ganesh 
{'ROUGE-1': {'precision': 1.0, 'recall': 1.0, 'f1': 1.0}, 'ROUGE-2': {'precision': 0.0, 'recall': 0.0, 'f1': 0.0}, 'ROUGE-L': {'precision': 1.0, 'recall': 1.0, 'f1': 1.0}} ACCURACY: 1.0
Generating LoRA 0
****************************************************************************************************

Using internalized LoRAs for generation

****************************************************************************************************
QUESTION: what kind of sentence contains an independent clause and a dependent clause
GOLD ANSWER: ['A complex sentence', 'complex sentence']
GENERATED ANSWER: Complex sentence 
{'ROUGE-1': {'precision': 1.0, 'recall': 1.0, 'f1': 1.0}, 'ROUGE-2': {'precision': 1.0, 'recall': 1.0, 'f1': 1.0}, 'ROUGE-L': {'precision': 1.0, 'recall': 1.0, 'f1': 1.0}} ACCURACY: 1.0
Generating LoRA 0
****************************************************************************************************

Using internalized LoRAs for generation

****************************************************************************************************
QUESTION: what was the book wealth of nations about
GOLD ANSWER: ["what builds nations' wealth"]
GENERATED ANSWER: The book Wealth of Nations is a magnum opus that describes the building blocks of nations' wealth. 
{'ROUGE-1': {'precision': 0.11764705882352941, 'recall': 0.5, 'f1': 0.19047619047619047}, 'ROUGE-2': {'precision': 0.0625, 'recall': 0.3333333333333333, 'f1': 0.10526315789473684}, 'ROUGE-L': {'precision': 0.11764705882352941, 'recall': 0.5, 'f1': 0.19047619047619047}} ACCURACY: 0.0
Generating LoRA 0
****************************************************************************************************

Using internalized LoRAs for generation

****************************************************************************************************
QUESTION: when will the flash season 4 be released
GOLD ANSWER: ['October 10, 2017']
GENERATED ANSWER: October 10, 2017. 
{'ROUGE-1': {'precision': 1.0, 'recall': 1.0, 'f1': 1.0}, 'ROUGE-2': {'precision': 1.0, 'recall': 1.0, 'f1': 1.0}, 'ROUGE-L': {'precision': 1.0, 'recall': 1.0, 'f1': 1.0}} ACCURACY: 1.0
Generating LoRA 0
****************************************************************************************************

Using internalized LoRAs for generation

****************************************************************************************************
QUESTION: who does luke skywalker fall in love with
GOLD ANSWER: ['Mara Jade']
GENERATED ANSWER: Mara Jade 
{'ROUGE-1': {'precision': 1.0, 'recall': 1.0, 'f1': 1.0}, 'ROUGE-2': {'precision': 1.0, 'recall': 1.0, 'f1': 1.0}, 'ROUGE-L': {'precision': 1.0, 'recall': 1.0, 'f1': 1.0}} ACCURACY: 1.0
Generating LoRA 0
****************************************************************************************************

Using internalized LoRAs for generation

****************************************************************************************************
QUESTION: who was the original host of jokers wild
GOLD ANSWER: ['Jack Barry']
GENERATED ANSWER: Jack Barry 
{'ROUGE-1': {'precision': 1.0, 'recall': 1.0, 'f1': 1.0}, 'ROUGE-2': {'precision': 1.0, 'recall': 1.0, 'f1': 1.0}, 'ROUGE-L': {'precision': 1.0, 'recall': 1.0, 'f1': 1.0}} ACCURACY: 1.0
Generating LoRA 0
****************************************************************************************************

Using internalized LoRAs for generation

****************************************************************************************************
QUESTION: five tools of security management to overcome computer crime
GOLD ANSWER: ['Pre-evaluation', 'operative planning', 'post-evaluation', 'implementation', 'strategic planning']
GENERATED ANSWER: The provided text does not contain the answer to the question. 
{'ROUGE-1': {'precision': 0.0, 'recall': 0.0, 'f1': 0.0}, 'ROUGE-2': {'precision': 0.0, 'recall': 0.0, 'f1': 0.0}, 'ROUGE-L': {'precision': 0.0, 'recall': 0.0, 'f1': 0.0}} ACCURACY: 0.0
Generating LoRA 0
****************************************************************************************************

Using internalized LoRAs for generation

****************************************************************************************************
QUESTION: who sang what are we doing in love
GOLD ANSWER: ['Dottie West', 'Kenny Rogers']
GENERATED ANSWER: The duo of Randy Rogers and Kenny Rogers. 
{'ROUGE-1': {'precision': 0.25, 'recall': 1.0, 'f1': 0.4}, 'ROUGE-2': {'precision': 0.14285714285714285, 'recall': 1.0, 'f1': 0.25}, 'ROUGE-L': {'precision': 0.25, 'recall': 1.0, 'f1': 0.4}} ACCURACY: 0.0
Generating LoRA 0
****************************************************************************************************

Using internalized LoRAs for generation

****************************************************************************************************
QUESTION: at what age are you no longer a toddler
GOLD ANSWER: ['36 months']
GENERATED ANSWER: 36 months old. 
{'ROUGE-1': {'precision': 0.6666666666666666, 'recall': 1.0, 'f1': 0.8}, 'ROUGE-2': {'precision': 0.5, 'recall': 1.0, 'f1': 0.6666666666666666}, 'ROUGE-L': {'precision': 0.6666666666666666, 'recall': 1.0, 'f1': 0.8}} ACCURACY: 0.0
Generating LoRA 0
****************************************************************************************************

Using internalized LoRAs for generation

****************************************************************************************************
QUESTION: how many episodes are there in ordeal by innocence
GOLD ANSWER: ['three part', 'three']
GENERATED ANSWER: Three. 
{'ROUGE-1': {'precision': 1.0, 'recall': 1.0, 'f1': 1.0}, 'ROUGE-2': {'precision': 0.0, 'recall': 0.0, 'f1': 0.0}, 'ROUGE-L': {'precision': 1.0, 'recall': 1.0, 'f1': 1.0}} ACCURACY: 1.0
Generating LoRA 0
****************************************************************************************************

Using internalized LoRAs for generation

****************************************************************************************************
QUESTION: what does fancy dress mean in the uk
GOLD ANSWER: ['A costume', 'guests dress up in costumes', 'costumes']
GENERATED ANSWER: Costume party. 
{'ROUGE-1': {'precision': 0.5, 'recall': 0.5, 'f1': 0.5}, 'ROUGE-2': {'precision': 0.0, 'recall': 0.0, 'f1': 0.0}, 'ROUGE-L': {'precision': 0.5, 'recall': 0.5, 'f1': 0.5}} ACCURACY: 0.0
Generating LoRA 0
****************************************************************************************************

Using internalized LoRAs for generation

****************************************************************************************************
QUESTION: how many seasons of the bastard executioner are there
GOLD ANSWER: ['one', 'one season']
GENERATED ANSWER: One. 
{'ROUGE-1': {'precision': 1.0, 'recall': 1.0, 'f1': 1.0}, 'ROUGE-2': {'precision': 0.0, 'recall': 0.0, 'f1': 0.0}, 'ROUGE-L': {'precision': 1.0, 'recall': 1.0, 'f1': 1.0}} ACCURACY: 1.0
Generating LoRA 0
****************************************************************************************************

Using internalized LoRAs for generation

****************************************************************************************************
QUESTION: why did jean valjean take care of cosette
GOLD ANSWER: ['he had promised']
GENERATED ANSWER: Jean Valjean took care of Cosette because he was her guardian. 
{'ROUGE-1': {'precision': 0.09090909090909091, 'recall': 0.3333333333333333, 'f1': 0.14285714285714288}, 'ROUGE-2': {'precision': 0.0, 'recall': 0.0, 'f1': 0.0}, 'ROUGE-L': {'precision': 0.09090909090909091, 'recall': 0.3333333333333333, 'f1': 0.14285714285714288}} ACCURACY: 0.0
Generating LoRA 0
****************************************************************************************************

Using internalized LoRAs for generation

****************************************************************************************************
QUESTION: what was the purpose of the bantu education act
GOLD ANSWER: ['enforcing racially separated educational facilities']
GENERATED ANSWER: To enforce racially separated educational facilities. 
{'ROUGE-1': {'precision': 0.6666666666666666, 'recall': 0.8, 'f1': 0.7272727272727272}, 'ROUGE-2': {'precision': 0.6, 'recall': 0.75, 'f1': 0.6666666666666665}, 'ROUGE-L': {'precision': 0.6666666666666666, 'recall': 0.8, 'f1': 0.7272727272727272}} ACCURACY: 0.0
Generating LoRA 0
****************************************************************************************************

Using internalized LoRAs for generation

****************************************************************************************************
QUESTION: when does elena turn into a vampire in the tv series
GOLD ANSWER: ['season four', 'fourth season']
GENERATED ANSWER: The fourth season. 
{'ROUGE-1': {'precision': 0.6666666666666666, 'recall': 1.0, 'f1': 0.8}, 'ROUGE-2': {'precision': 0.5, 'recall': 1.0, 'f1': 0.6666666666666666}, 'ROUGE-L': {'precision': 0.6666666666666666, 'recall': 1.0, 'f1': 0.8}} ACCURACY: 0.0
Generating LoRA 0
****************************************************************************************************

Using internalized LoRAs for generation

****************************************************************************************************
QUESTION: who gets first pick of fa cup games
GOLD ANSWER: ['BBC', 'the BBC']
GENERATED ANSWER: The BBC. 
{'ROUGE-1': {'precision': 1.0, 'recall': 1.0, 'f1': 1.0}, 'ROUGE-2': {'precision': 1.0, 'recall': 1.0, 'f1': 1.0}, 'ROUGE-L': {'precision': 1.0, 'recall': 1.0, 'f1': 1.0}} ACCURACY: 1.0
Generating LoRA 0
****************************************************************************************************

Using internalized LoRAs for generation

****************************************************************************************************
QUESTION: what part of dc is howard university in
GOLD ANSWER: ['in northwest Washington', 'northwest', 'northwest Washington']
GENERATED ANSWER: Northwest Washington 
{'ROUGE-1': {'precision': 1.0, 'recall': 1.0, 'f1': 1.0}, 'ROUGE-2': {'precision': 1.0, 'recall': 1.0, 'f1': 1.0}, 'ROUGE-L': {'precision': 1.0, 'recall': 1.0, 'f1': 1.0}} ACCURACY: 1.0
Generating LoRA 0
****************************************************************************************************

Using internalized LoRAs for generation

****************************************************************************************************
QUESTION: what is the first covenant in the old testament
GOLD ANSWER: ['the Noahic Covenant']
GENERATED ANSWER: The first covenant in the Old Testament is the covenant with Abraham. 
{'ROUGE-1': {'precision': 0.16666666666666666, 'recall': 0.6666666666666666, 'f1': 0.26666666666666666}, 'ROUGE-2': {'precision': 0.0, 'recall': 0.0, 'f1': 0.0}, 'ROUGE-L': {'precision': 0.16666666666666666, 'recall': 0.6666666666666666, 'f1': 0.26666666666666666}} ACCURACY: 0.0
Generating LoRA 0
****************************************************************************************************

Using internalized LoRAs for generation

****************************************************************************************************
QUESTION: who said life is like a bowl of cherries
GOLD ANSWER: ['Lew Brown']
GENERATED ANSWER: Ethel Merman 
{'ROUGE-1': {'precision': 0.0, 'recall': 0.0, 'f1': 0.0}, 'ROUGE-2': {'precision': 0.0, 'recall': 0.0, 'f1': 0.0}, 'ROUGE-L': {'precision': 0.0, 'recall': 0.0, 'f1': 0.0}} ACCURACY: 0.0
Generating LoRA 0
****************************************************************************************************

Using internalized LoRAs for generation

****************************************************************************************************
QUESTION: where is fort myers located at in florida
GOLD ANSWER: ['Lee County', 'the Southwest']
GENERATED ANSWER: Lee County, Florida. 
{'ROUGE-1': {'precision': 0.6666666666666666, 'recall': 1.0, 'f1': 0.8}, 'ROUGE-2': {'precision': 0.5, 'recall': 1.0, 'f1': 0.6666666666666666}, 'ROUGE-L': {'precision': 0.6666666666666666, 'recall': 1.0, 'f1': 0.8}} ACCURACY: 0.0
Generating LoRA 0
****************************************************************************************************

Using internalized LoRAs for generation

****************************************************************************************************
QUESTION: state the position of india in terms of population size
GOLD ANSWER: ['second']
GENERATED ANSWER: The second most populous country. 
{'ROUGE-1': {'precision': 0.2, 'recall': 1.0, 'f1': 0.33333333333333337}, 'ROUGE-2': {'precision': 0.0, 'recall': 0.0, 'f1': 0.0}, 'ROUGE-L': {'precision': 0.2, 'recall': 1.0, 'f1': 0.33333333333333337}} ACCURACY: 0.0
Generating LoRA 0
****************************************************************************************************

Using internalized LoRAs for generation

****************************************************************************************************
QUESTION: who became a leader of the indian national congress
GOLD ANSWER: ['Mahatma Gandhi']
GENERATED ANSWER: Mahatma Gandhi 
{'ROUGE-1': {'precision': 1.0, 'recall': 1.0, 'f1': 1.0}, 'ROUGE-2': {'precision': 1.0, 'recall': 1.0, 'f1': 1.0}, 'ROUGE-L': {'precision': 1.0, 'recall': 1.0, 'f1': 1.0}} ACCURACY: 1.0
Generating LoRA 0
****************************************************************************************************

Using internalized LoRAs for generation

****************************************************************************************************
QUESTION: what is the filename extension used for all java source files
GOLD ANSWER: ['.java']
GENERATED ANSWER: .java 
{'ROUGE-1': {'precision': 1.0, 'recall': 1.0, 'f1': 1.0}, 'ROUGE-2': {'precision': 0.0, 'recall': 0.0, 'f1': 0.0}, 'ROUGE-L': {'precision': 1.0, 'recall': 1.0, 'f1': 1.0}} ACCURACY: 1.0
Generating LoRA 0
****************************************************************************************************

Using internalized LoRAs for generation

****************************************************************************************************
QUESTION: who cracked the enigma code in world war 2
GOLD ANSWER: ['Turing']
GENERATED ANSWER: The Allies, including the British, cracked the Enigma code. 
{'ROUGE-1': {'precision': 0.0, 'recall': 0.0, 'f1': 0.0}, 'ROUGE-2': {'precision': 0.0, 'recall': 0.0, 'f1': 0.0}, 'ROUGE-L': {'precision': 0.0, 'recall': 0.0, 'f1': 0.0}} ACCURACY: 0.0
Generating LoRA 0
****************************************************************************************************

Using internalized LoRAs for generation

****************************************************************************************************
QUESTION: what is the job of the whip in congress
GOLD ANSWER: ['to ensure party discipline']
GENERATED ANSWER: To ensure party discipline in a legislature. 
{'ROUGE-1': {'precision': 0.5714285714285714, 'recall': 1.0, 'f1': 0.7272727272727273}, 'ROUGE-2': {'precision': 0.5, 'recall': 1.0, 'f1': 0.6666666666666666}, 'ROUGE-L': {'precision': 0.5714285714285714, 'recall': 1.0, 'f1': 0.7272727272727273}} ACCURACY: 0.0
Generating LoRA 0
****************************************************************************************************

Using internalized LoRAs for generation

****************************************************************************************************
QUESTION: when was the last time unc did not make the ncaa tournament
GOLD ANSWER: ['2003']
GENERATED ANSWER: 2002 
{'ROUGE-1': {'precision': 0.0, 'recall': 0.0, 'f1': 0.0}, 'ROUGE-2': {'precision': 0.0, 'recall': 0.0, 'f1': 0.0}, 'ROUGE-L': {'precision': 0.0, 'recall': 0.0, 'f1': 0.0}} ACCURACY: 0.0
Generating LoRA 0
****************************************************************************************************

Using internalized LoRAs for generation

****************************************************************************************************
QUESTION: which foreign currency option is the​ right but not the​ obligation to buy foreign​ currency
GOLD ANSWER: ['foreign exchange option']
GENERATED ANSWER: A foreign exchange derivative. 
{'ROUGE-1': {'precision': 0.5, 'recall': 0.6666666666666666, 'f1': 0.5714285714285715}, 'ROUGE-2': {'precision': 0.3333333333333333, 'recall': 0.5, 'f1': 0.4}, 'ROUGE-L': {'precision': 0.5, 'recall': 0.6666666666666666, 'f1': 0.5714285714285715}} ACCURACY: 0.0
Generating LoRA 0
****************************************************************************************************

Using internalized LoRAs for generation

****************************************************************************************************
QUESTION: how many house of representative do we have in nigeria
GOLD ANSWER: ['360', '360 members']
GENERATED ANSWER: 360 
{'ROUGE-1': {'precision': 1.0, 'recall': 1.0, 'f1': 1.0}, 'ROUGE-2': {'precision': 0.0, 'recall': 0.0, 'f1': 0.0}, 'ROUGE-L': {'precision': 1.0, 'recall': 1.0, 'f1': 1.0}} ACCURACY: 1.0
Generating LoRA 0
****************************************************************************************************

Using internalized LoRAs for generation

****************************************************************************************************
QUESTION: who was the actor who played grizzly adams
GOLD ANSWER: ['"Dan" Haggerty']
GENERATED ANSWER: Daniel Francis "Dan" Haggerty 
{'ROUGE-1': {'precision': 0.5, 'recall': 1.0, 'f1': 0.6666666666666666}, 'ROUGE-2': {'precision': 0.3333333333333333, 'recall': 1.0, 'f1': 0.5}, 'ROUGE-L': {'precision': 0.5, 'recall': 1.0, 'f1': 0.6666666666666666}} ACCURACY: 0.0
Generating LoRA 0
****************************************************************************************************

Using internalized LoRAs for generation

****************************************************************************************************
QUESTION: who sings blame it on the bossa nova
GOLD ANSWER: ['Eydie Gormé']
GENERATED ANSWER: Cynthia Weil 
{'ROUGE-1': {'precision': 0.0, 'recall': 0.0, 'f1': 0.0}, 'ROUGE-2': {'precision': 0.0, 'recall': 0.0, 'f1': 0.0}, 'ROUGE-L': {'precision': 0.0, 'recall': 0.0, 'f1': 0.0}} ACCURACY: 0.0
Generating LoRA 0
****************************************************************************************************

Using internalized LoRAs for generation

****************************************************************************************************
QUESTION: when was the last time the los angeles lakers won a championship
GOLD ANSWER: ['2010', 'in 2010']
GENERATED ANSWER: 2010 
{'ROUGE-1': {'precision': 1.0, 'recall': 1.0, 'f1': 1.0}, 'ROUGE-2': {'precision': 0.0, 'recall': 0.0, 'f1': 0.0}, 'ROUGE-L': {'precision': 1.0, 'recall': 1.0, 'f1': 1.0}} ACCURACY: 1.0
Generating LoRA 0
****************************************************************************************************

Using internalized LoRAs for generation

****************************************************************************************************
QUESTION: where is the eagle creek fire located in oregon
GOLD ANSWER: ['Cascade Locks', 'Columbia River Gorge']
GENERATED ANSWER: The Eagle Creek Fire is in the U.S. states of Oregon and Washington. 
{'ROUGE-1': {'precision': 0.0, 'recall': 0.0, 'f1': 0.0}, 'ROUGE-2': {'precision': 0.0, 'recall': 0.0, 'f1': 0.0}, 'ROUGE-L': {'precision': 0.0, 'recall': 0.0, 'f1': 0.0}} ACCURACY: 0.0
Generating LoRA 0
****************************************************************************************************

Using internalized LoRAs for generation

****************************************************************************************************
QUESTION: different ways to spell corey for a boy
GOLD ANSWER: ['Coire', 'Kori', 'Correy', 'Cory', 'Khouri', 'Corrie', 'Corie', 'Kory', 'Corey']
GENERATED ANSWER: Corey, Coire, Corie, Corie, Correy, Kouri, Khouri, Krey, Krey (surname) 
{'ROUGE-1': {'precision': 0.1, 'recall': 1.0, 'f1': 0.18181818181818182}, 'ROUGE-2': {'precision': 0.0, 'recall': 0.0, 'f1': 0.0}, 'ROUGE-L': {'precision': 0.1, 'recall': 1.0, 'f1': 0.18181818181818182}} ACCURACY: 0.0
Generating LoRA 0
****************************************************************************************************

Using internalized LoRAs for generation

****************************************************************************************************
QUESTION: who sang the song should have been a cowboy
GOLD ANSWER: ['Toby Keith']
GENERATED ANSWER: Toby Keith 
{'ROUGE-1': {'precision': 1.0, 'recall': 1.0, 'f1': 1.0}, 'ROUGE-2': {'precision': 1.0, 'recall': 1.0, 'f1': 1.0}, 'ROUGE-L': {'precision': 1.0, 'recall': 1.0, 'f1': 1.0}} ACCURACY: 1.0
Generating LoRA 0
****************************************************************************************************

Using internalized LoRAs for generation

****************************************************************************************************
QUESTION: how many counties does the state of georgia have
GOLD ANSWER: ['159', '159 counties']
GENERATED ANSWER: 159 
{'ROUGE-1': {'precision': 1.0, 'recall': 1.0, 'f1': 1.0}, 'ROUGE-2': {'precision': 0.0, 'recall': 0.0, 'f1': 0.0}, 'ROUGE-L': {'precision': 1.0, 'recall': 1.0, 'f1': 1.0}} ACCURACY: 1.0
Generating LoRA 0
****************************************************************************************************

Using internalized LoRAs for generation

****************************************************************************************************
QUESTION: who sang picking up pebbles and throwing them into the sea
GOLD ANSWER: ['Matt Flinders']
GENERATED ANSWER: Sylvester Louis Bonett 
{'ROUGE-1': {'precision': 0.0, 'recall': 0.0, 'f1': 0.0}, 'ROUGE-2': {'precision': 0.0, 'recall': 0.0, 'f1': 0.0}, 'ROUGE-L': {'precision': 0.0, 'recall': 0.0, 'f1': 0.0}} ACCURACY: 0.0
Generating LoRA 0
****************************************************************************************************

Using internalized LoRAs for generation

****************************************************************************************************
QUESTION: which is the ring finger for male in india
GOLD ANSWER: ['the left ring finger', 'left ring finger']
GENERATED ANSWER: The right ring finger. 
{'ROUGE-1': {'precision': 0.75, 'recall': 0.75, 'f1': 0.75}, 'ROUGE-2': {'precision': 0.3333333333333333, 'recall': 0.5, 'f1': 0.4}, 'ROUGE-L': {'precision': 0.75, 'recall': 0.75, 'f1': 0.75}} ACCURACY: 0.0
Generating LoRA 0
****************************************************************************************************

Using internalized LoRAs for generation

****************************************************************************************************
QUESTION: who played king theoden in lord of the rings
GOLD ANSWER: ['Bernard Hill']
GENERATED ANSWER: Sir Michael Caine 
{'ROUGE-1': {'precision': 0.0, 'recall': 0.0, 'f1': 0.0}, 'ROUGE-2': {'precision': 0.0, 'recall': 0.0, 'f1': 0.0}, 'ROUGE-L': {'precision': 0.0, 'recall': 0.0, 'f1': 0.0}} ACCURACY: 0.0
Generating LoRA 0
****************************************************************************************************

Using internalized LoRAs for generation

****************************************************************************************************
QUESTION: dark parables return of the salt princess release date
GOLD ANSWER: ['September 2017']
GENERATED ANSWER: September 2017. 
{'ROUGE-1': {'precision': 1.0, 'recall': 1.0, 'f1': 1.0}, 'ROUGE-2': {'precision': 1.0, 'recall': 1.0, 'f1': 1.0}, 'ROUGE-L': {'precision': 1.0, 'recall': 1.0, 'f1': 1.0}} ACCURACY: 1.0
Generating LoRA 0
****************************************************************************************************

Using internalized LoRAs for generation

****************************************************************************************************
QUESTION: where was the movie 500 days of summer filmed
GOLD ANSWER: ['Los Angeles']
GENERATED ANSWER: Los Angeles 
{'ROUGE-1': {'precision': 1.0, 'recall': 1.0, 'f1': 1.0}, 'ROUGE-2': {'precision': 1.0, 'recall': 1.0, 'f1': 1.0}, 'ROUGE-L': {'precision': 1.0, 'recall': 1.0, 'f1': 1.0}} ACCURACY: 1.0
Generating LoRA 0
****************************************************************************************************

Using internalized LoRAs for generation

****************************************************************************************************
QUESTION: who played emma in h2o just add water
GOLD ANSWER: ['Claire Rhiannon Holt']
GENERATED ANSWER: Sammi 
{'ROUGE-1': {'precision': 0.0, 'recall': 0.0, 'f1': 0.0}, 'ROUGE-2': {'precision': 0.0, 'recall': 0.0, 'f1': 0.0}, 'ROUGE-L': {'precision': 0.0, 'recall': 0.0, 'f1': 0.0}} ACCURACY: 0.0
Generating LoRA 0
****************************************************************************************************

Using internalized LoRAs for generation

****************************************************************************************************
QUESTION: where can carbon be found in the biosphere
GOLD ANSWER: ['other living organisms', 'The terrestrial biosphere', 'plants', 'soil']
GENERATED ANSWER: In the form of organic carbon in living organisms and in soil. 
{'ROUGE-1': {'precision': 0.16666666666666666, 'recall': 0.6666666666666666, 'f1': 0.26666666666666666}, 'ROUGE-2': {'precision': 0.09090909090909091, 'recall': 0.5, 'f1': 0.15384615384615385}, 'ROUGE-L': {'precision': 0.16666666666666666, 'recall': 0.6666666666666666, 'f1': 0.26666666666666666}} ACCURACY: 0.0
Generating LoRA 0
****************************************************************************************************

Using internalized LoRAs for generation

****************************************************************************************************
QUESTION: who is the winner of bigg boss kannada season
GOLD ANSWER: ['Chandan Shetty', 'rapper Chandan Shetty']
GENERATED ANSWER: Chandan Shetty 
{'ROUGE-1': {'precision': 1.0, 'recall': 1.0, 'f1': 1.0}, 'ROUGE-2': {'precision': 1.0, 'recall': 1.0, 'f1': 1.0}, 'ROUGE-L': {'precision': 1.0, 'recall': 1.0, 'f1': 1.0}} ACCURACY: 1.0
Generating LoRA 0
****************************************************************************************************

Using internalized LoRAs for generation

****************************************************************************************************
QUESTION: where was the outlaw of josey wales filmed
GOLD ANSWER: ['Kanab, Utah', 'Lake Powell', 'Wyoming', 'Utah', 'Oroville, California', 'Arizona']
GENERATED ANSWER: Lake Powell, Utah. 
{'ROUGE-1': {'precision': 0.6666666666666666, 'recall': 1.0, 'f1': 0.8}, 'ROUGE-2': {'precision': 0.5, 'recall': 1.0, 'f1': 0.6666666666666666}, 'ROUGE-L': {'precision': 0.6666666666666666, 'recall': 1.0, 'f1': 0.8}} ACCURACY: 0.0
